TIPO_REG,U_DPTO,U_MPIO,UA_CLASE,COD_ENCUESTAS,U_VIVIENDA,F_NROHOG,FA1_NRO_FALL,FA2_SEXO_FALL,FA3_EDAD_FALL,FA4_CERT_DEFUN
3,13,001,1,37015,1,1,1,1,86,1
3,13,001,1,37115,8,1,1,2,0,2
3,13,001,1,37115,8,1,2,1,0,2
3,13,001,1,37115,8,1,3,1,0,2
3,13,001,1,37115,8,1,4,1,0,9
3,13,001,1,37173,1,1,1,2,13,9
3,13,001,1,37194,1,1,1,1,83,9
3,13,001,1,37194,1,1,2,2,82,9
3,13,001,1,37243,1,1,1,2,102,1
3,13,001,1,37273,1,1,1,1,93,1
3,13,001,1,37304,3,1,1,1,0,1
3,13,001,1,37392,1,1,1,1,70,1
3,13,001,1,37415,1,1,1,1,0,2
3,13,001,1,37422,2,1,1,2,0,9
3,13,001,1,37434,1,1,1,1,59,1
3,13,001,1,37487,1,1,1,2,74,2
3,13,001,1,37535,5,1,1,2,11,1
3,13,001,1,37540,1,2,1,2,104,1
3,13,001,1,37627,1,1,1,1,18,1
3,13,001,1,37642,1,1,1,1,8,1
3,13,001,1,37652,1,2,1,2,60,9
3,13,001,1,37757,1,1,1,1,15,1
3,13,001,1,37765,1,1,1,1,67,1
3,13,001,1,37772,1,1,1,1,29,1
3,13,001,1,37961,8,1,1,1,67,1
3,13,001,1,38018,5,1,1,1,49,1
3,13,001,1,38072,1,1,1,1,84,1
3,13,001,1,38124,1,1,1,1,60,1
3,13,001,1,38187,5,1,1,1,94,1
3,13,001,1,38321,3,1,1,1,62,1
3,13,001,1,38322,1,1,1,1,56,1
3,13,001,1,38378,1,1,1,1,56,1
3,13,001,1,38385,3,1,1,1,56,1
3,13,001,1,38589,19,1,1,1,80,1
3,13,001,1,38597,8,1,1,2,88,1
3,13,001,1,38600,18,1,1,1,20,1
3,13,001,1,38634,2,1,1,1,38,1
3,13,001,1,38734,12,1,1,1,32,1
3,13,001,1,38792,1,1,1,1,95,9
3,13,001,1,39065,7,1,1,1,17,2
3,13,001,1,39171,1,1,1,2,80,1
3,13,001,1,42312,6,1,1,2,25,2
3,13,001,1,55749,1,1,1,1,66,9
3,13,001,1,55749,1,1,2,2,96,9
3,13,001,1,55749,1,2,1,1,75,9
3,13,001,1,55749,1,2,2,2,96,9
3,13,001,1,57493,1,1,1,1,77,1
3,13,001,1,58139,1,2,1,1,87,1
3,13,001,1,58147,2,2,1,2,88,2
3,13,001,1,58364,1,1,1,2,75,1
3,13,001,1,58462,1,2,1,1,72,1
3,13,001,1,59136,1,1,1,2,93,1
3,13,001,1,59150,1,1,1,1,0,9
3,13,001,1,59150,1,1,2,2,0,9
3,13,001,1,59150,1,1,3,1,45,9
3,13,001,1,59182,2,1,1,1,92,1
3,13,001,1,59532,1,1,1,1,37,1
3,13,001,1,63044,2,1,1,2,76,9
3,13,001,1,63062,1,1,1,2,76,9
3,13,001,1,63117,2,1,1,2,85,1
3,13,001,1,77076,3,1,1,2,78,9
3,13,001,1,77078,3,1,1,2,81,1
3,13,001,1,98036,1,1,1,1,28,9
3,13,001,1,98064,2,1,1,1,72,1
3,13,001,1,98066,1,1,1,1,78,1
3,13,001,1,98093,1,1,1,2,92,1
3,13,001,1,98153,6,1,1,1,70,1
3,13,001,1,98174,60,1,1,2,76,1
3,13,001,1,98200,61,1,1,1,67,1
3,13,001,1,99040,2,1,1,2,89,1
3,13,001,1,99168,1,1,1,2,101,1
3,13,001,1,100845,1,1,1,2,63,1
3,13,001,1,100856,1,1,1,1,52,2
3,13,001,1,129623,1,1,1,1,80,1
3,13,001,1,129637,1,1,1,1,62,1
3,13,001,1,129691,1,1,1,2,95,9
3,13,001,1,129769,1,1,1,2,84,1
3,13,001,1,129776,5,1,1,1,86,1
3,13,001,1,129895,1,1,1,1,79,9
3,13,001,1,129930,1,1,1,1,80,1
3,13,001,1,130068,1,2,1,1,86,1
3,13,001,1,137364,1,1,1,1,70,1
3,13,001,1,142515,2,1,1,1,50,1
3,13,001,1,142573,2,1,1,1,75,1
3,13,001,1,142590,2,1,1,1,91,1
3,13,001,1,142712,1,1,1,1,73,2
3,13,001,1,142713,1,1,1,1,87,2
3,13,001,1,142763,1,1,1,2,85,1
3,13,001,1,142812,3,1,1,1,69,1
3,13,001,1,142887,2,1,1,2,95,1
3,13,001,1,142893,4,1,1,2,45,1
3,13,001,1,142916,2,1,1,1,0,9
3,13,001,1,143827,1,1,1,1,50,1
3,13,001,1,143859,1,1,1,1,52,9
3,13,001,1,143975,1,1,1,2,63,1
3,13,001,1,144125,2,1,1,2,54,9
3,13,001,1,144256,1,1,1,2,70,1
3,13,001,1,144923,2,1,1,1,80,9
3,13,001,1,144923,2,1,2,2,73,9
3,13,001,1,144970,2,1,1,1,80,9
3,13,001,1,144997,3,2,1,2,70,9
3,13,001,1,145004,1,1,1,2,68,1
3,13,001,1,145008,1,1,1,1,2,1
3,13,001,1,145040,7,1,1,1,73,1
3,13,001,1,145085,1,1,1,1,25,1
3,13,001,1,145216,2,1,1,1,0,9
3,13,001,1,145391,1,1,1,1,63,1
3,13,001,1,145627,1,1,1,2,53,1
3,13,001,1,146484,3,2,1,2,0,9
3,13,001,1,146487,1,1,1,1,63,1
3,13,001,1,146619,1,1,1,1,85,1
3,13,001,1,146654,1,1,1,1,73,2
3,13,001,1,146670,1,1,1,2,86,1
3,13,001,1,146672,1,1,1,2,77,1
3,13,001,1,146679,1,1,1,2,63,1
3,13,001,1,146704,1,1,1,1,56,1
3,13,001,1,170416,1,1,1,1,93,1
3,13,001,1,170433,4,2,1,2,80,1
3,13,001,1,170468,1,1,1,2,70,1
3,13,001,1,170678,3,1,1,1,73,1
3,13,001,1,170690,5,1,1,1,48,1
3,13,001,1,170704,3,1,1,2,20,1
3,13,001,1,170780,1,1,1,2,100,1
3,13,001,1,170826,1,1,1,2,20,1
3,13,001,1,175798,2,1,1,1,88,1
3,13,001,1,191956,2,1,1,2,35,2
3,13,001,1,192007,1,1,1,2,88,9
3,13,001,1,195738,1,1,1,2,32,1
3,13,001,1,195747,1,1,1,1,12,1
3,13,001,1,195805,1,1,1,1,48,1
3,13,001,1,195831,3,1,1,1,0,1
3,13,001,1,205863,1,1,1,2,90,1
3,13,001,1,205882,6,1,1,1,96,1
3,13,001,1,205933,1,1,1,1,33,1
3,13,001,1,206017,1,1,1,1,86,1
3,13,001,1,206128,1,1,1,1,57,9
3,13,001,1,206199,4,1,1,1,27,1
3,13,001,1,206202,1,1,1,1,29,1
3,13,001,1,206234,1,1,1,1,74,1
3,13,001,1,206294,1,2,1,2,90,1
3,13,001,1,206775,1,2,1,1,1,2
3,13,001,1,206830,1,1,1,1,69,9
3,13,001,1,206846,1,1,1,2,55,1
3,13,001,1,218307,2,1,1,1,52,9
3,13,001,1,218315,1,1,1,1,74,2
3,13,001,1,218331,1,1,1,1,52,1
3,13,001,1,218349,1,1,1,2,68,1
3,13,001,1,218473,1,1,1,2,50,9
3,13,001,1,218509,1,1,1,1,80,1
3,13,001,1,218509,1,1,2,2,102,1
3,13,001,1,219286,5,1,1,1,53,9
3,13,001,1,243796,5,1,1,2,34,1
3,13,001,1,243796,5,1,2,2,69,1
3,13,001,1,243814,4,1,1,2,70,1
3,13,001,1,243814,4,1,2,2,42,1
3,13,001,1,244132,2,1,1,2,45,1
3,13,001,1,247596,1,2,1,1,72,9
3,13,001,1,247599,1,1,1,2,89,1
3,13,001,1,247599,1,1,2,2,95,1
3,13,001,1,247608,1,1,1,1,27,9
3,13,001,1,262615,1,1,1,2,46,9
3,13,001,1,266679,1,1,1,2,87,1
3,13,001,1,266692,1,1,1,2,84,1
3,13,001,1,266745,2,1,1,1,0,1
3,13,001,1,266800,1,1,1,1,64,1
3,13,001,1,267288,3,1,1,2,86,9
3,13,001,1,272128,2,1,1,1,74,1
3,13,001,1,294045,1,1,1,2,0,1
3,13,001,1,294132,1,1,1,2,43,1
3,13,001,1,294178,1,1,1,2,75,1
3,13,001,1,294206,66,1,1,1,0,9
3,13,001,1,295213,1,1,1,2,80,1
3,13,001,1,295273,1,1,1,1,109,1
3,13,001,1,295353,1,1,1,2,72,1
3,13,001,1,300350,1,1,1,2,84,1
3,13,001,1,300398,1,1,1,1,62,1
3,13,001,1,300694,4,1,1,2,73,1
3,13,001,1,301074,1,1,1,2,108,1
3,13,001,1,301394,1,1,1,1,60,1
3,13,001,1,301411,1,1,1,1,60,2
3,13,001,1,301514,5,1,1,1,39,1
3,13,001,1,301514,5,1,2,1,34,1
3,13,001,1,321613,1,1,1,1,72,1
3,13,001,1,322649,1,1,1,1,76,9
3,13,001,1,336666,5,1,1,1,35,9
3,13,001,1,336774,1,1,1,1,69,1
3,13,001,1,346392,1,1,1,1,84,1
3,13,001,1,346489,1,1,1,1,67,1
3,13,001,1,346502,1,1,1,2,87,1
3,13,001,1,347561,2,1,1,1,79,1
3,13,001,1,347571,3,1,1,1,79,1
3,13,001,1,347583,1,1,1,1,79,1
3,13,001,1,349533,1,1,1,1,88,1
3,13,001,1,355504,2,1,1,2,86,1
3,13,001,1,355752,1,1,1,2,81,1
3,13,001,1,359560,1,1,1,1,76,1
3,13,001,1,368810,37,1,1,1,47,1
3,13,001,1,371277,1,1,1,1,82,1
3,13,001,1,373994,1,1,1,1,58,2
3,13,001,1,378140,2,1,1,2,82,1
3,13,001,1,391110,1,1,1,2,37,1
3,13,001,1,396298,7,1,1,2,72,1
3,13,001,1,397339,1,1,1,1,50,1
3,13,001,1,399612,95,1,1,1,57,1
3,13,001,1,406081,1,1,1,1,77,1
3,13,001,1,407606,1,1,1,1,80,9
3,13,001,1,407709,1,1,1,2,1,2
3,13,001,1,469310,1,2,1,2,66,1
3,13,001,1,478649,4,1,1,1,24,1
3,13,001,1,478675,2,1,1,2,87,1
3,13,001,1,478807,1,1,1,1,58,1
3,13,001,1,478807,1,1,2,1,52,1
3,13,001,1,478807,1,1,3,2,79,1
3,13,001,1,478807,1,1,4,1,46,1
3,13,001,1,491098,2,1,1,2,80,9
3,13,001,1,491545,1,1,1,1,82,1
3,13,001,1,491701,24,1,1,1,75,2
3,13,001,1,492081,1,1,1,2,96,1
3,13,001,1,518296,8,1,1,1,77,1
3,13,001,1,524703,13,1,1,2,89,1
3,13,001,1,551065,1,1,1,2,74,1
3,13,001,1,551084,1,1,1,1,94,1
3,13,001,1,553244,2,1,1,1,76,1
3,13,001,1,593620,1,1,1,2,60,1
3,13,001,1,593687,2,1,1,2,58,1
3,13,001,1,596724,1,1,1,1,75,1
3,13,001,1,600347,1,1,1,1,86,1
3,13,001,1,600735,2,1,1,1,72,1
3,13,001,1,600901,3,1,1,1,88,1
3,13,001,1,601271,2,1,1,2,2,1
3,13,001,1,602363,2,1,1,2,85,1
3,13,001,1,609761,1,1,1,2,66,1
3,13,001,1,611269,3,1,1,1,75,1
3,13,001,1,633952,1,1,1,2,62,1
3,13,001,1,641608,6,1,1,1,0,2
3,13,001,1,645148,1,1,1,2,62,1
3,13,001,1,646112,1,1,1,2,0,9
3,13,001,1,673044,2,1,1,1,28,1
3,13,001,1,700388,54,1,1,1,78,1
3,13,001,1,742194,1,1,1,2,87,1
3,13,001,1,742319,2,1,1,1,45,1
3,13,001,1,742393,1,1,1,1,70,1
3,13,001,1,742427,1,1,1,1,11,1
3,13,001,1,744615,1,2,1,1,68,9
3,13,001,1,749719,2,1,1,2,92,1
3,13,001,1,749727,1,1,1,1,17,9
3,13,001,1,749727,1,1,2,2,92,1
3,13,001,1,798514,1,1,1,1,87,1
3,13,001,1,800147,1,1,1,1,67,1
3,13,001,1,800155,3,1,1,2,56,1
3,13,001,1,800317,1,1,1,1,80,1
3,13,001,1,802097,2,1,1,2,86,1
3,13,001,1,802358,1,1,1,2,93,1
3,13,001,1,802966,2,1,1,1,55,1
3,13,001,1,802980,1,1,1,1,47,1
3,13,001,1,803750,1,1,1,2,94,1
3,13,001,1,803750,1,1,2,1,80,1
3,13,001,1,803812,1,2,1,2,86,1
3,13,001,1,804500,1,1,1,1,72,1
3,13,001,1,869989,1,1,1,2,71,1
3,13,001,1,880883,1,1,1,2,65,1
3,13,001,1,880977,1,1,1,1,20,9
3,13,001,1,880983,1,1,1,1,58,1
3,13,001,1,881107,1,1,1,1,82,1
3,13,001,1,881122,3,1,1,1,78,1
3,13,001,1,881274,1,1,1,2,28,1
3,13,001,1,911636,2,1,1,1,98,2
3,13,001,1,911672,2,1,1,1,67,1
3,13,001,1,911692,2,1,1,1,44,1
3,13,001,1,939319,1,1,1,1,0,9
3,13,001,1,989721,1,1,1,1,0,9
3,13,001,1,989766,1,1,1,1,0,9
3,13,001,1,989927,3,1,1,2,82,1
3,13,001,1,990220,1,1,1,2,17,1
3,13,001,1,990422,3,1,1,1,35,1
3,13,001,1,990549,1,1,1,1,63,1
3,13,001,1,1038988,2,1,1,1,48,1
3,13,001,1,1039302,1,1,1,2,34,1
3,13,001,1,1040037,1,1,1,1,89,1
3,13,001,1,1040066,1,1,1,2,80,1
3,13,001,1,1121863,2,2,1,1,23,1
3,13,001,1,1121982,1,1,1,1,23,1
3,13,001,1,1123417,2,1,1,1,62,1
3,13,001,1,1123417,2,1,2,1,54,1
3,13,001,1,1136509,1,1,1,2,95,1
3,13,001,1,1191240,1,1,1,1,45,1
3,13,001,1,1191539,1,1,1,2,83,1
3,13,001,1,1192722,1,1,1,1,52,1
3,13,001,1,1192900,1,1,1,1,78,1
3,13,001,1,1193009,3,1,1,2,96,1
3,13,001,1,1193025,2,1,1,2,96,1
3,13,001,1,1246617,1,1,1,1,45,9
3,13,001,1,1246626,1,1,1,1,1,9
3,13,001,1,1247836,2,1,1,2,68,1
3,13,001,1,1247836,2,1,2,2,90,1
3,13,001,1,1249048,1,1,1,2,34,1
3,13,001,1,1249048,1,1,2,1,86,1
3,13,001,1,1249048,1,1,3,2,84,1
3,13,001,1,1249305,4,1,1,2,92,1
3,13,001,1,1249332,12,1,1,1,89,1
3,13,001,1,1249683,5,1,1,2,52,1
3,13,001,1,1251403,1,1,1,2,53,1
3,13,001,1,1271317,4,1,1,1,72,1
3,13,001,1,1287288,3,1,1,2,84,1
3,13,001,1,1287293,1,1,1,2,96,1
3,13,001,1,1287338,2,1,1,1,90,1
3,13,001,1,1287374,2,1,1,1,64,9
3,13,001,1,1348289,1,1,1,1,89,1
3,13,001,1,1349172,3,1,1,2,71,1
3,13,001,1,1349184,2,1,1,1,79,1
3,13,001,1,1349235,2,1,1,2,38,1
3,13,001,1,1349375,2,1,1,1,67,1
3,13,001,1,1349402,1,1,1,1,83,1
3,13,001,1,1349522,1,1,1,1,78,1
3,13,001,1,1353595,1,1,1,1,69,1
3,13,001,1,1414300,6,1,1,2,76,1
3,13,001,1,1414937,1,1,1,2,87,1
3,13,001,1,1414952,2,1,1,1,88,1
3,13,001,1,1414952,2,1,2,1,88,1
3,13,001,1,1447997,13,1,1,1,0,1
3,13,001,1,1533814,1,1,1,1,79,1
3,13,001,1,1533876,1,1,1,2,57,1
3,13,001,1,1533908,1,3,1,2,35,1
3,13,001,1,1534050,1,1,1,1,47,1
3,13,001,1,1553051,1,1,1,1,55,1
3,13,001,1,1585029,1,1,1,1,69,2
3,13,001,1,1585066,1,1,1,2,70,1
3,13,001,1,1591533,1,1,1,2,27,1
3,13,001,1,1591577,1,1,1,1,12,1
3,13,001,1,1591637,4,1,1,2,66,1
3,13,001,1,1592182,25,1,1,2,50,1
3,13,001,1,1705867,1,1,1,1,56,1
3,13,001,1,1706337,1,1,1,1,59,1
3,13,001,1,1706643,1,1,1,1,24,1
3,13,001,1,1706797,1,1,1,2,83,1
3,13,001,1,1706849,1,1,1,1,64,1
3,13,001,1,1706917,1,1,1,1,1,1
3,13,001,1,1707926,1,1,1,2,61,1
3,13,001,1,1712849,53,1,1,1,56,1
3,13,001,1,1712866,57,1,1,1,89,1
3,13,001,1,1770639,1,1,1,1,45,1
3,13,001,1,1771925,1,2,1,1,22,1
3,13,001,1,1863417,1,1,1,2,1,9
3,13,001,1,1863417,1,1,2,1,1,9
3,13,001,1,1863497,1,1,1,2,0,9
3,13,001,1,1863497,1,1,2,2,12,9
3,13,001,1,1863497,1,1,3,2,1,9
3,13,001,1,1863498,4,1,1,1,13,1
3,13,001,1,1863532,1,1,1,2,35,1
3,13,001,1,1863564,1,1,1,1,41,9
3,13,001,1,1863564,1,1,2,1,22,9
3,13,001,1,1863615,1,1,1,1,76,1
3,13,001,1,1863786,1,1,1,2,2,2
3,13,001,1,1863848,3,1,1,2,77,1
3,13,001,1,1864097,1,1,1,2,14,1
3,13,001,1,1864147,2,1,1,1,50,1
3,13,001,1,1864170,3,1,1,1,0,1
3,13,001,1,1864244,1,1,1,1,92,1
3,13,001,1,1864261,1,1,1,1,61,1
3,13,001,1,1864280,3,1,1,2,73,1
3,13,001,1,1864323,1,1,1,2,67,1
3,13,001,1,1878851,1,1,1,2,76,1
3,13,001,1,1878868,1,1,1,1,57,1
3,13,001,1,1879737,1,1,1,2,1,9
3,13,001,1,1879744,3,1,1,2,95,1
3,13,001,1,1879745,4,1,1,9,999,9
3,13,001,1,1879753,1,1,1,1,74,1
3,13,001,1,1890684,2,1,1,2,82,1
3,13,001,1,1890687,1,1,1,2,92,1
3,13,001,1,1890865,9,1,1,2,85,1
3,13,001,1,1891335,1,1,1,2,86,1
3,13,001,1,1891418,1,1,1,2,104,9
3,13,001,1,1891471,1,1,1,2,98,1
3,13,001,1,1891573,11,1,1,1,27,1
3,13,001,1,1891793,1,1,1,1,73,1
3,13,001,1,1891952,1,1,1,1,0,9
3,13,001,1,2034268,1,1,1,2,104,1
3,13,001,1,2034739,1,1,1,1,89,1
3,13,001,1,2034739,1,1,2,2,79,1
3,13,001,1,2034849,1,1,1,2,94,1
3,13,001,1,2034980,3,1,1,2,73,1
3,13,001,1,2036018,1,1,1,2,94,1
3,13,001,1,2043634,1,2,1,2,45,1
3,13,001,1,2043721,1,1,1,1,70,1
3,13,001,1,2043772,9,1,1,1,60,1
3,13,001,1,2043772,9,1,2,1,41,1
3,13,001,1,2043888,4,1,1,2,62,1
3,13,001,1,2082271,2,1,1,2,68,1
3,13,001,1,2082300,1,1,1,2,81,1
3,13,001,1,2082317,1,1,1,1,61,1
3,13,001,1,2082362,3,1,1,1,10,1
3,13,001,1,2082411,1,1,1,2,58,1
3,13,001,1,2095101,1,1,1,1,0,2
3,13,001,1,2095101,1,2,1,2,0,2
3,13,001,1,2095175,1,1,1,1,0,2
3,13,001,1,2098102,1,2,1,1,75,9
3,13,001,1,2111172,1,1,1,2,74,1
3,13,001,1,2201319,1,2,1,1,42,1
3,13,001,1,2201352,1,1,1,2,80,1
3,13,001,1,2201352,1,1,2,1,60,1
3,13,001,1,2205514,1,1,1,1,84,1
3,13,001,1,2205514,1,1,2,2,102,1
3,13,001,1,2215515,2,1,1,1,85,1
3,13,001,1,2218068,1,1,1,2,70,9
3,13,001,1,2218071,1,1,1,2,56,9
3,13,001,1,2220869,2,1,1,2,63,1
3,13,001,1,2220894,1,1,1,1,61,1
3,13,001,1,2221406,1,1,1,1,68,1
3,13,001,1,2230844,4,1,1,2,0,9
3,13,001,1,2230844,4,1,2,2,0,9
3,13,001,1,2230844,4,1,3,1,0,9
3,13,001,1,2230844,4,1,4,2,0,9
3,13,001,1,2230883,2,1,1,2,0,9
3,13,001,1,2230883,2,1,2,2,0,9
3,13,001,1,2230883,2,1,3,2,1,9
3,13,001,1,2230883,2,1,4,2,0,9
3,13,001,1,2230974,1,1,1,2,0,9
3,13,001,1,2230974,1,1,2,2,0,9
3,13,001,1,2230974,1,1,3,2,0,9
3,13,001,1,2231106,1,1,1,2,84,1
3,13,001,1,2231238,1,1,1,2,45,1
3,13,001,1,2287390,1,1,1,2,60,1
3,13,001,1,2287400,1,1,1,1,68,1
3,13,001,1,2288095,1,1,1,2,80,1
3,13,001,1,2394842,1,1,1,1,50,9
3,13,001,1,2419481,1,1,1,2,82,9
3,13,001,1,2419496,2,1,1,2,55,1
3,13,001,1,2419574,1,1,1,1,55,1
3,13,001,1,2419597,1,1,1,2,80,1
3,13,001,1,2419607,3,1,1,2,84,1
3,13,001,1,2419641,11,1,1,1,55,1
3,13,001,1,2518761,1,1,1,1,44,1
3,13,001,1,2521225,2,1,1,1,62,1
3,13,001,1,2521475,1,1,1,2,0,9
3,13,001,1,2521578,2,1,1,1,0,9
3,13,001,1,2521696,2,1,1,1,5,1
3,13,001,1,2522015,1,1,1,1,38,1
3,13,001,1,2545834,2,1,1,2,82,1
3,13,001,1,2564474,1,1,1,2,37,9
3,13,001,1,2581275,1,1,1,1,66,9
3,13,001,1,2595511,1,1,1,1,81,1
3,13,001,1,2597399,1,1,1,1,65,1
3,13,001,1,2597399,1,1,2,2,30,1
3,13,001,1,2600667,1,1,1,1,45,1
3,13,001,1,2600908,3,1,1,2,84,1
3,13,001,1,2600908,3,1,2,1,51,1
3,13,001,1,2602444,4,1,1,2,89,9
3,13,001,1,2602461,2,1,1,1,61,9
3,13,001,1,2602713,1,1,1,2,74,1
3,13,001,1,2603431,5,1,1,1,50,1
3,13,001,1,2698511,1,1,1,1,0,9
3,13,001,1,2698541,1,1,1,1,36,2
3,13,001,1,2736400,1,1,1,1,26,1
3,13,001,1,2740235,1,1,1,1,87,1
3,13,001,1,2740391,3,1,1,2,87,1
3,13,001,1,2743012,1,1,1,1,80,1
3,13,001,1,2746963,25,1,1,1,70,1
3,13,001,1,2761370,1,2,1,2,90,1
3,13,001,1,2775482,1,1,1,1,62,1
3,13,001,1,2776487,4,1,1,1,70,1
3,13,001,1,2788195,2,1,1,1,87,1
3,13,001,1,2792553,2,1,1,2,65,1
3,13,001,1,2793813,7,1,1,1,70,9
3,13,001,1,2798987,2,1,1,2,48,1
3,13,001,1,2802954,4,2,1,1,0,9
3,13,001,1,2802954,4,2,2,1,0,9
3,13,001,1,2802998,3,1,1,1,0,9
3,13,001,1,2803024,1,5,1,2,0,9
3,13,001,1,2803024,1,5,2,2,0,9
3,13,001,1,2823804,1,1,1,1,83,1
3,13,001,1,2907619,1,1,1,2,0,9
3,13,001,1,2921827,1,1,1,1,0,9
3,13,001,1,2922577,1,1,1,1,80,1
3,13,001,1,2923955,1,1,1,1,67,2
3,13,001,1,2924038,1,1,1,1,74,9
3,13,001,1,2942878,1,1,1,1,77,9
3,13,001,1,2957130,1,1,1,1,84,2
3,13,001,1,2957173,1,1,1,2,74,2
3,13,001,1,2961963,2,1,1,1,25,1
3,13,001,1,2985104,1,1,1,1,80,9
3,13,001,1,2985892,1,1,1,1,81,1
3,13,001,1,2987483,1,1,1,2,70,1
3,13,001,1,2988244,1,1,1,1,63,1
3,13,001,1,2990244,1,1,1,2,64,1
3,13,001,1,3113583,1,1,1,1,64,1
3,13,001,1,3113603,4,1,1,2,82,1
3,13,001,1,3113686,1,1,1,2,82,1
3,13,001,1,3114764,1,1,1,2,87,1
3,13,001,1,3114797,1,1,1,2,88,1
3,13,001,1,3119577,1,1,1,2,79,9
3,13,001,1,3131491,3,1,1,1,6,2
3,13,001,1,3131505,2,1,1,1,2,2
3,13,001,1,3131575,3,1,1,1,8,2
3,13,001,1,3137416,1,1,1,2,91,1
3,13,001,1,3139166,2,1,1,1,86,1
3,13,001,1,3150054,2,1,1,1,53,2
3,13,001,1,3187416,1,1,1,1,80,2
3,13,001,1,3187842,1,1,1,1,12,1
3,13,001,1,3189119,1,1,1,1,88,1
3,13,001,1,3190709,6,1,1,1,85,1
3,13,001,1,3204205,1,1,1,1,59,1
3,13,001,1,3204318,1,2,1,1,66,1
3,13,001,1,3206066,1,2,1,2,0,9
3,13,001,1,3206471,1,3,1,1,95,1
3,13,001,1,3206898,2,1,1,2,0,2
3,13,001,1,3206898,2,1,2,1,0,9
3,13,001,1,3206898,2,1,3,2,0,9
3,13,001,1,3206898,2,1,4,2,0,9
3,13,001,1,3206898,2,1,5,2,0,9
3,13,001,1,3206898,2,1,6,2,0,9
3,13,001,1,3206898,2,1,7,2,0,9
3,13,001,1,3206898,2,1,8,2,0,9
3,13,001,1,3290373,1,1,1,1,49,1
3,13,001,1,3290386,1,1,1,1,65,1
3,13,001,1,3290401,1,1,1,1,77,1
3,13,001,1,3312915,1,1,1,1,78,9
3,13,001,1,3313272,1,1,1,2,25,1
3,13,001,1,3314811,1,1,1,2,86,9
3,13,001,1,3314836,2,1,1,2,105,1
3,13,001,1,3315155,1,1,1,2,86,1
3,13,001,1,3315503,1,1,1,2,44,1
3,13,001,1,3315525,5,1,1,2,80,1
3,13,001,1,3315542,1,1,1,2,80,1
3,13,001,1,3315542,1,1,2,2,81,2
3,13,001,1,3315542,1,1,3,2,80,1
3,13,001,1,3351954,1,1,1,2,95,1
3,13,001,1,3353379,1,1,1,2,56,1
3,13,001,1,3488964,2,1,1,1,92,1
3,13,001,1,3489116,36,1,1,1,81,1
3,13,001,1,3494048,5,1,1,1,73,9
3,13,001,1,3497837,1,1,1,1,23,9
3,13,001,1,3510615,1,1,1,1,0,9
3,13,001,1,3645240,2,1,1,1,88,1
3,13,001,1,3645856,1,1,1,2,88,1
3,13,001,1,3646248,1,1,1,1,15,2
3,13,001,1,3646248,1,2,1,1,15,2
3,13,001,1,3646464,1,1,1,2,96,2
3,13,001,1,3646464,1,1,2,2,96,2
3,13,001,1,3650478,1,1,1,2,56,1
3,13,001,1,3650829,1,1,1,2,81,2
3,13,001,1,3652956,1,1,1,1,92,1
3,13,001,1,3654202,3,1,1,1,83,1
3,13,001,1,3654205,2,1,1,1,83,1
3,13,001,1,3654208,1,1,1,1,83,1
3,13,001,1,3658259,2,1,1,1,52,1
3,13,001,1,3659026,1,1,1,2,96,1
3,13,001,1,3659029,3,1,1,2,86,1
3,13,001,1,3659437,1,2,1,1,40,9
3,13,001,1,3666622,1,1,1,2,75,2
3,13,001,1,3673955,1,1,1,1,78,1
3,13,001,1,3674156,1,2,1,1,74,1
3,13,001,1,3674190,1,1,1,1,0,9
3,13,001,1,3688003,3,1,1,1,73,9
3,13,001,1,3693203,1,1,1,1,50,2
3,13,001,1,3693240,1,1,1,1,30,2
3,13,001,1,3694658,1,1,1,2,81,1
3,13,001,1,3695963,1,1,1,1,87,1
3,13,001,1,3705282,1,1,1,1,61,1
3,13,001,1,3707762,1,1,1,2,20,1
3,13,001,1,3708606,2,1,1,2,52,1
3,13,001,1,3708709,1,1,1,1,71,1
3,13,001,1,3708760,2,1,1,2,58,9
3,13,001,1,3709202,1,1,1,1,103,1
3,13,001,1,3710909,1,1,1,1,35,1
3,13,001,1,3711517,2,1,1,2,81,1
3,13,001,1,3712198,1,1,1,1,83,1
3,13,001,1,3712337,1,1,1,1,89,1
3,13,001,1,3712442,3,1,1,1,67,1
3,13,001,1,3756834,1,1,1,1,64,1
3,13,001,1,3759996,1,1,1,2,82,1
3,13,001,1,3760112,3,1,1,2,72,1
3,13,001,1,3824772,1,1,1,1,69,9
3,13,001,1,3840813,9,1,1,1,93,1
3,13,001,1,3843496,1,1,1,2,69,1
3,13,001,1,3843719,3,1,1,1,33,1
3,13,001,1,3843943,1,1,1,1,74,1
3,13,001,1,3845270,2,1,1,1,73,1
3,13,001,1,3850687,1,1,1,1,14,9
3,13,001,1,3857310,2,1,1,2,70,1
3,13,001,1,3910135,1,1,1,1,0,9
3,13,001,1,3910361,1,1,1,1,25,9
3,13,001,1,3910382,2,1,1,2,0,9
3,13,001,1,3910491,1,1,1,2,0,9
3,13,001,1,3910491,1,1,2,1,0,2
3,13,001,1,3910504,6,1,1,1,0,9
3,13,001,1,3910504,6,1,2,1,0,9
3,13,001,1,3910546,3,1,1,2,0,9
3,13,001,1,3910546,3,1,2,2,0,9
3,13,001,1,3933644,1,1,1,2,35,1
3,13,001,1,3934500,1,1,1,1,69,1
3,13,001,1,3934778,1,1,1,2,28,1
3,13,001,1,3934853,1,1,1,1,74,1
3,13,001,1,3939088,2,1,1,1,65,1
3,13,001,1,4035894,1,1,1,1,68,1
3,13,001,1,4036920,1,1,1,2,92,1
3,13,001,1,4037035,1,1,1,2,88,1
3,13,001,1,4037498,1,1,1,1,64,1
3,13,001,1,4042013,1,1,1,2,68,1
3,13,001,1,4044299,1,1,1,1,88,2
3,13,001,1,4047290,1,1,1,1,93,1
3,13,001,1,4047988,1,1,1,1,97,2
3,13,001,1,4050774,1,1,1,1,1,2
3,13,001,1,4050938,1,1,1,2,88,9
3,13,001,1,4051216,1,1,1,2,65,1
3,13,001,1,4051239,1,1,1,2,87,1
3,13,001,1,4092540,1,1,1,2,97,1
3,13,001,1,4110913,1,1,1,2,80,1
3,13,001,1,4113293,1,1,1,2,93,2
3,13,001,1,4113467,1,1,1,2,76,1
3,13,001,1,4116340,1,1,1,2,53,1
3,13,001,1,4116949,1,1,1,1,67,1
3,13,001,1,4132702,1,1,1,2,94,2
3,13,001,1,4136564,1,1,1,1,0,2
3,13,001,1,4249732,1,1,1,2,83,9
3,13,001,1,4249801,1,1,1,2,89,1
3,13,001,1,4257589,1,1,1,1,70,1
3,13,001,1,4257910,1,1,1,1,35,1
3,13,001,1,4257917,1,1,1,2,36,1
3,13,001,1,4257926,2,1,1,1,68,1
3,13,001,1,4258082,4,1,1,2,29,1
3,13,001,1,4258083,3,1,1,1,73,1
3,13,001,1,4258108,2,1,1,2,59,1
3,13,001,1,4258879,1,1,1,1,76,1
3,13,001,1,4337319,1,1,1,2,89,1
3,13,001,1,4340927,1,1,1,1,4,1
3,13,001,1,4371812,2,1,1,2,0,2
3,13,001,1,4462494,1,1,1,1,0,9
3,13,001,1,4462601,1,1,1,2,89,1
3,13,001,1,4469061,1,2,1,1,0,2
3,13,001,1,4475099,10,1,1,1,72,1
3,13,001,1,4625923,1,1,1,2,0,2
3,13,001,1,4625997,1,1,1,2,0,2
3,13,001,1,4626764,3,1,1,1,78,9
3,13,001,1,4628320,1,1,1,1,86,1
3,13,001,1,4628508,1,1,1,2,70,1
3,13,001,1,4628547,1,1,1,2,85,1
3,13,001,1,4629331,1,1,1,1,54,1
3,13,001,1,4629548,3,1,1,2,88,1
3,13,001,1,4629626,3,1,1,2,50,1
3,13,001,1,4630597,1,1,1,2,86,1
3,13,001,1,4630967,1,1,1,2,90,1
3,13,001,1,4631494,1,1,1,1,40,1
3,13,001,1,4631564,7,1,1,2,81,1
3,13,001,1,4631613,3,1,1,1,87,1
3,13,001,1,4631837,1,1,1,1,22,1
3,13,001,1,4631884,1,1,1,2,92,1
3,13,001,1,4631900,2,1,1,2,0,1
3,13,001,1,4632310,1,1,1,1,75,2
3,13,001,1,4633601,1,1,1,1,94,1
3,13,001,1,4634566,3,1,1,1,62,2
3,13,001,1,4637287,1,1,1,2,95,1
3,13,001,1,4657705,1,1,1,1,50,2
3,13,001,1,4659675,1,1,1,1,33,9
3,13,001,1,4659675,1,2,1,1,33,2
3,13,001,1,4659835,1,1,1,1,6,9
3,13,001,1,4660021,1,1,1,1,31,9
3,13,001,1,4673543,1,1,1,2,93,1
3,13,001,1,4675086,1,1,1,1,49,1
3,13,001,1,4703829,1,1,1,2,97,1
3,13,001,1,4708208,1,1,1,1,77,1
3,13,001,1,4708524,2,1,1,1,84,1
3,13,001,1,4711833,1,1,1,2,68,1
3,13,001,1,4714603,1,1,1,1,80,1
3,13,001,1,4716441,2,1,1,1,42,1
3,13,001,1,4716842,1,1,1,2,66,1
3,13,001,1,4720902,1,1,1,1,54,1
3,13,001,1,4838535,1,1,1,1,81,1
3,13,001,1,4838888,1,1,1,1,67,1
3,13,001,1,4838972,1,1,1,2,107,1
3,13,001,1,4853657,1,1,1,1,63,1
3,13,001,1,4853684,1,1,1,1,73,1
3,13,001,1,4853698,3,1,1,1,84,1
3,13,001,1,4854222,1,1,1,2,32,1
3,13,001,1,4917654,4,1,1,2,78,1
3,13,001,1,4919131,1,1,1,2,67,1
3,13,001,1,4919185,1,1,1,1,0,2
3,13,001,1,4919191,1,2,1,2,89,1
3,13,001,1,4920162,1,1,1,2,0,9
3,13,001,1,4920162,1,2,1,2,0,9
3,13,001,1,4933003,1,1,1,1,85,1
3,13,001,1,4933895,1,1,1,2,44,1
3,13,001,1,4933989,2,1,1,2,94,1
3,13,001,1,4935204,1,1,1,1,83,9
3,13,001,1,4958473,137,1,1,2,84,1
3,13,001,1,4959698,1,1,1,1,56,1
3,13,001,1,4978099,1,1,1,1,81,2
3,13,001,1,5074202,10,1,1,1,78,1
3,13,001,1,5074246,20,1,1,1,62,1
3,13,001,1,5089937,2,1,1,1,65,1
3,13,001,1,5103185,12,1,1,1,80,1
3,13,001,1,5104345,15,1,1,2,85,1
3,13,001,1,5104393,2,1,1,2,82,1
3,13,001,1,5109841,3,1,1,1,82,1
3,13,001,1,5109889,1,1,1,1,72,1
3,13,001,1,5109896,1,1,1,2,99,1
3,13,001,1,5110931,1,1,1,2,83,1
3,13,001,1,5112977,1,1,1,1,91,1
3,13,001,1,5113049,1,1,1,2,99,1
3,13,001,1,5120533,1,1,1,1,65,1
3,13,001,1,5135656,1,1,1,1,79,1
3,13,001,1,5143478,1,1,1,2,67,1
3,13,001,1,5143712,4,1,1,1,68,1
3,13,001,1,5392307,1,1,1,2,93,1
3,13,001,1,5392446,1,1,1,2,53,1
3,13,001,1,5395132,1,1,1,1,0,9
3,13,001,1,5415237,6,1,1,1,56,9
3,13,001,1,5418010,2,1,1,2,53,1
3,13,001,1,5418644,1,1,1,2,40,9
3,13,001,1,5418922,1,1,1,1,87,1
3,13,001,1,5419563,3,1,1,2,61,1
3,13,001,1,5421017,1,1,1,2,0,2
3,13,001,1,5421017,1,1,2,1,0,9
3,13,001,1,5423670,1,1,1,1,0,1
3,13,001,1,5425769,2,1,1,2,82,1
3,13,001,1,5425928,1,1,1,2,92,1
3,13,001,1,5430451,1,1,1,1,17,1
3,13,001,1,5430451,1,1,2,1,18,1
3,13,001,1,5435136,2,1,1,1,22,1
3,13,001,1,5442229,3,1,1,1,43,1
3,13,001,1,5695725,1,1,1,1,60,1
3,13,001,1,5698289,1,1,1,1,72,1
3,13,001,1,5698336,2,1,1,2,81,1
3,13,001,1,5698830,3,1,1,1,0,9
3,13,001,1,5711520,3,1,1,2,34,1
3,13,001,1,5711895,1,1,1,1,85,2
3,13,001,1,5712298,3,1,1,2,56,1
3,13,001,1,5721564,1,1,1,2,49,1
3,13,001,1,5721675,1,1,1,1,38,1
3,13,001,1,5902288,1,1,1,2,42,1
3,13,001,1,5903859,1,1,1,1,92,1
3,13,001,1,5909273,1,1,1,2,78,1
3,13,001,1,5909535,1,1,1,1,52,1
3,13,001,1,5909623,1,1,1,2,70,1
3,13,001,1,5909831,3,1,1,1,27,1
3,13,001,1,5942168,1,1,1,2,90,1
3,13,001,1,5942168,1,1,2,1,93,1
3,13,001,1,5998935,2,1,1,1,0,1
3,13,001,1,5998993,1,1,1,2,70,1
3,13,001,1,5999505,3,1,1,1,15,1
3,13,001,1,6122109,1,1,1,2,30,9
3,13,001,1,6122138,1,1,1,1,20,9
3,13,001,1,6143135,2,1,1,1,58,9
3,13,001,1,6154789,1,1,1,2,88,9
3,13,001,1,6163787,1,1,1,1,63,1
3,13,001,1,6164172,1,1,1,1,103,1
3,13,001,1,6164541,1,1,1,1,82,1
3,13,001,1,6164544,2,1,1,2,94,9
3,13,001,1,6164811,1,1,1,1,39,9
3,13,001,1,6164957,2,1,1,2,85,9
3,13,001,1,6165141,3,1,1,1,65,1
3,13,001,1,6165399,4,1,1,1,76,1
3,13,001,1,6165667,1,1,1,1,33,1
3,13,001,1,6165728,1,1,1,2,81,1
3,13,001,1,6165788,1,1,1,1,98,1
3,13,001,1,6166018,2,1,1,1,59,1
3,13,001,1,6166302,1,1,1,1,88,1
3,13,001,1,6166355,1,1,1,1,57,1
3,13,001,1,6166434,1,1,1,2,70,1
3,13,001,1,6166454,1,2,1,2,84,1
3,13,001,1,6166645,2,1,1,2,1,1
3,13,001,1,6166667,1,1,1,2,90,1
3,13,001,1,6166963,2,1,1,2,0,1
3,13,001,1,6167195,2,1,1,1,72,1
3,13,001,1,6168049,2,1,1,2,77,1
3,13,001,1,6168169,2,1,1,2,72,1
3,13,001,1,6168771,1,1,1,1,85,1
3,13,001,1,6168958,1,1,1,2,87,1
3,13,001,1,6169452,2,1,1,1,20,1
3,13,001,1,6169688,1,3,1,1,60,1
3,13,001,1,6169744,1,1,1,1,78,1
3,13,001,1,6170130,1,1,1,1,79,1
3,13,001,1,6173769,1,1,1,2,65,1
3,13,001,1,6174111,1,1,1,1,79,1
3,13,001,1,6174990,1,1,1,2,70,1
3,13,001,1,6175619,1,1,1,2,71,1
3,13,001,1,6177356,1,1,1,1,50,2
3,13,001,1,6182463,1,1,1,2,68,1
3,13,001,1,6231029,3,1,1,1,82,1
3,13,001,1,6351202,1,1,1,2,51,1
3,13,001,1,6393414,1,1,1,1,72,1
3,13,001,1,6396389,2,1,1,1,78,1
3,13,001,1,6398172,28,1,1,2,80,2
3,13,001,1,6398181,19,1,1,1,64,1
3,13,001,1,6408233,1,1,1,1,83,1
3,13,001,1,6419543,1,1,1,2,83,2
3,13,001,1,6423149,1,1,1,1,50,2
3,13,001,1,6423774,2,1,1,1,87,1
3,13,001,1,6423786,1,1,1,1,87,1
3,13,001,1,6431249,3,1,1,2,82,1
3,13,001,1,6434132,1,1,1,2,80,1
3,13,001,1,6465029,4,1,1,1,53,2
3,13,001,1,6579851,1,1,1,1,93,1
3,13,001,1,6584323,3,1,1,1,70,9
3,13,001,1,6584344,1,1,1,1,4,9
3,13,001,1,6585085,2,1,1,1,79,9
3,13,001,1,6585124,1,1,1,1,79,9
3,13,001,1,6594656,1,1,1,1,76,1
3,13,001,1,6598176,1,1,1,2,56,1
3,13,001,1,6598910,1,1,1,1,80,9
3,13,001,1,6615859,3,1,1,2,81,1
3,13,001,1,6662608,1,1,1,1,27,1
3,13,001,1,6800157,1,1,1,1,90,1
3,13,001,1,6808707,1,1,1,2,85,1
3,13,001,1,6811059,1,1,1,1,39,1
3,13,001,1,6817277,2,1,1,1,62,1
3,13,001,1,6817379,2,1,1,1,88,1
3,13,001,1,6819971,1,1,1,1,90,1
3,13,001,1,6820091,1,1,1,1,76,1
3,13,001,1,6820825,1,1,1,1,1,1
3,13,001,1,6820841,1,1,1,2,51,1
3,13,001,1,6820841,1,1,2,2,80,1
3,13,001,1,6821017,1,1,1,1,57,1
3,13,001,1,6824659,2,1,1,2,52,1
3,13,001,1,6826161,1,1,1,2,92,1
3,13,001,1,6826208,3,1,1,1,77,1
3,13,001,1,6826244,5,1,1,1,80,1
3,13,001,1,6826272,1,1,1,2,69,1
3,13,001,1,6826283,1,1,1,2,46,1
3,13,001,1,6826346,1,1,1,1,55,2
3,13,001,1,6826346,1,1,2,1,60,2
3,13,001,1,6827630,1,1,1,2,47,1
3,13,001,1,6827730,1,1,1,2,82,1
3,13,001,1,6828014,1,1,1,2,75,9
3,13,001,1,6829080,1,1,1,1,88,9
3,13,001,1,6831593,1,1,1,2,72,1
3,13,001,1,6831663,1,1,1,1,96,1
3,13,001,1,6831683,2,1,1,2,92,9
3,13,001,1,6831708,2,1,1,1,90,1
3,13,001,1,6831809,3,1,1,1,19,1
3,13,001,1,6832500,1,1,1,2,49,9
3,13,001,1,6832538,1,1,1,2,41,1
3,13,001,1,6843837,1,1,1,1,90,9
3,13,001,1,6846208,1,1,1,2,84,1
3,13,001,1,6847497,1,1,1,1,52,1
3,13,001,1,6872101,1,1,1,2,82,1
3,13,001,1,7007608,1,1,1,1,41,1
3,13,001,1,7008027,1,1,1,2,24,9
3,13,001,1,7008684,2,1,1,1,66,1
3,13,001,1,7008988,1,1,1,2,56,9
3,13,001,1,7038954,2,1,1,1,22,1
3,13,001,1,7038960,1,1,1,1,74,2
3,13,001,1,7038971,2,1,1,2,57,1
3,13,001,1,7039049,1,1,1,2,34,1
3,13,001,1,7053544,1,1,1,1,47,9
3,13,001,1,7054278,1,1,1,1,85,1
3,13,001,1,7054285,2,1,1,1,66,1
3,13,001,1,7054310,1,1,1,1,67,1
3,13,001,1,7072836,1,1,1,2,88,1
3,13,001,1,7073001,3,1,1,2,34,1
3,13,001,1,7073203,1,1,1,2,68,1
3,13,001,1,7075693,5,1,1,1,70,1
3,13,001,1,7085510,1,1,1,2,92,9
3,13,001,1,7086191,28,1,1,2,85,1
3,13,001,1,7087618,1,1,1,1,83,1
3,13,001,1,7089567,1,1,1,2,91,1
3,13,001,1,7089602,1,1,1,1,57,1
3,13,001,1,7090040,2,1,1,1,39,1
3,13,001,1,7090586,1,1,1,2,74,1
3,13,001,1,7090655,1,1,1,2,82,1
3,13,001,1,7095052,1,1,1,1,70,1
3,13,001,1,7095236,1,1,1,2,34,2
3,13,001,1,7095270,1,1,1,2,59,9
3,13,001,1,7098986,1,1,1,2,72,1
3,13,001,1,7101006,4,1,1,1,85,1
3,13,001,1,7224584,4,1,1,2,97,1
3,13,001,1,7224800,1,1,1,2,89,1
3,13,001,1,7226135,1,1,1,1,22,1
3,13,001,1,7229714,1,1,1,2,94,1
3,13,001,1,7232202,3,1,1,1,63,1
3,13,001,1,7234902,1,1,1,1,94,1
3,13,001,1,7239380,1,1,1,1,45,1
3,13,001,1,7239395,1,1,1,2,59,1
3,13,001,1,7239514,1,1,1,2,68,2
3,13,001,1,7240387,4,1,1,2,58,1
3,13,001,1,7240440,2,1,1,1,48,1
3,13,001,1,7241412,1,1,1,1,6,1
3,13,001,1,7242394,1,1,1,1,67,1
3,13,001,1,7243705,1,1,1,2,93,1
3,13,001,1,7244023,2,1,1,2,83,1
3,13,001,1,7244067,2,1,1,2,88,1
3,13,001,1,7244072,1,1,1,2,88,1
3,13,001,1,7246264,1,1,1,1,87,1
3,13,001,1,7246273,1,1,1,1,47,1
3,13,001,1,7253167,1,1,1,1,90,2
3,13,001,1,7254971,5,1,1,2,85,1
3,13,001,1,7255781,1,1,1,1,0,1
3,13,001,1,7278022,2,1,1,1,71,1
3,13,001,1,7309545,1,1,1,2,86,1
3,13,001,1,7309626,1,1,1,2,63,1
3,13,001,1,7310032,1,1,1,1,53,9
3,13,001,1,7310032,1,1,2,1,43,9
3,13,001,1,7310384,1,1,1,1,75,1
3,13,001,1,7310740,1,1,1,1,77,9
3,13,001,1,7312419,1,1,1,1,68,1
3,13,001,1,7313917,2,1,1,1,83,1
3,13,001,1,7320870,2,1,1,1,10,2
3,13,001,1,7320975,1,1,1,2,76,1
3,13,001,1,7321264,1,1,1,2,88,1
3,13,001,1,7323888,1,1,1,2,80,1
3,13,001,1,7325798,4,1,1,1,86,1
3,13,001,1,7460830,1,1,1,2,3,1
3,13,001,1,7460872,1,1,1,1,80,1
3,13,001,1,7460881,1,1,1,1,95,1
3,13,001,1,7460886,1,1,1,1,65,1
3,13,001,1,7460887,1,1,1,2,82,1
3,13,001,1,7460937,1,1,1,2,88,1
3,13,001,1,7461021,1,1,1,1,14,1
3,13,001,1,7461105,1,1,1,2,70,1
3,13,001,1,7468961,1,1,1,2,108,1
3,13,001,1,7468967,3,1,1,1,2,1
3,13,001,1,7469058,1,1,1,1,63,1
3,13,001,1,7469063,1,1,1,1,33,1
3,13,001,1,7469108,4,1,1,2,78,1
3,13,001,1,7469173,4,1,1,1,29,1
3,13,001,1,7469176,1,1,1,2,36,1
3,13,001,1,7469177,1,1,1,1,0,1
3,13,001,1,7480172,1,1,1,2,0,2
3,13,001,1,7481767,3,1,1,1,65,9
3,13,001,1,7483820,2,2,1,2,95,1
3,13,001,1,7483825,1,1,1,2,92,1
3,13,001,1,7483831,1,1,1,1,89,1
3,13,001,1,7484751,2,1,1,2,95,2
3,13,001,1,7484771,1,1,1,1,54,1
3,13,001,1,7525110,1,1,1,2,83,1
3,13,001,1,7546269,3,1,1,2,88,1
3,13,001,1,7546746,3,1,1,2,78,1
3,13,001,1,7547176,1,1,1,2,78,1
3,13,001,1,7552477,1,1,1,2,68,1
3,13,001,1,7554276,1,1,1,2,65,9
3,13,001,1,7554636,2,1,1,2,96,1
3,13,001,1,7697857,15,1,1,1,1,1
3,13,001,1,7697886,1,1,1,1,91,1
3,13,001,1,7697915,2,1,1,2,1,1
3,13,001,1,7697918,1,1,1,2,1,1
3,13,001,1,7698358,7,1,1,1,82,1
3,13,001,1,7699389,1,1,1,2,86,1
3,13,001,1,7700170,1,1,1,2,88,1
3,13,001,1,7700181,1,1,1,2,83,1
3,13,001,1,7700214,2,1,1,1,52,2
3,13,001,1,7716339,2,1,1,2,87,1
3,13,001,1,7716365,1,1,1,2,96,1
3,13,001,1,7716946,1,1,1,1,72,1
3,13,001,1,7717203,19,1,1,2,94,1
3,13,001,1,7729337,2,1,1,2,80,1
3,13,001,1,7729337,2,1,2,1,79,1
3,13,001,1,7750165,2,1,1,2,1,1
3,13,001,1,7750224,1,1,1,2,62,1
3,13,001,1,7753391,2,1,1,1,60,1
3,13,001,1,7754458,4,1,1,1,63,1
3,13,001,1,7759255,4,2,1,1,18,9
3,13,001,1,7759255,4,2,2,9,999,9
3,13,001,1,7762098,1,1,1,1,70,1
3,13,001,1,7762098,1,1,2,2,81,1
3,13,001,1,7762137,1,1,1,2,76,1
3,13,001,1,7762212,1,1,1,1,81,9
3,13,001,1,7762233,1,1,1,2,84,1
3,13,001,1,7762246,1,1,1,1,19,1
3,13,001,1,7762274,1,1,1,2,56,1
3,13,001,1,7762698,1,1,1,2,75,1
3,13,001,1,7894470,1,1,1,2,81,1
3,13,001,1,7911170,1,1,1,1,1,1
3,13,001,1,7911492,1,1,1,1,0,9
3,13,001,1,7911894,1,1,1,2,85,1
3,13,001,1,7912314,6,1,1,2,90,1
3,13,001,1,7912347,4,1,1,1,95,1
3,13,001,1,7939685,1,1,1,1,22,1
3,13,001,1,8006458,1,1,1,1,79,1
3,13,001,1,8006918,3,1,1,1,52,1
3,13,001,1,8007994,1,1,1,1,91,1
3,13,001,1,8010562,1,1,1,1,63,1
3,13,001,1,8011529,1,1,1,1,72,1
3,13,001,1,8011588,1,1,1,2,71,1
3,13,001,1,8015849,3,1,1,1,52,2
3,13,001,1,8020015,1,1,1,1,57,1
3,13,001,1,8020532,1,1,1,1,95,1
3,13,001,1,8020775,1,1,1,1,70,1
3,13,001,1,8022378,6,1,1,1,75,1
3,13,001,1,8026035,1,1,1,2,102,1
3,13,001,1,8112557,1,1,1,1,83,1
3,13,001,1,8112794,1,1,1,1,80,1
3,13,001,1,8113249,1,1,1,1,78,1
3,13,001,1,8113314,1,1,1,1,79,1
3,13,001,1,8113328,3,1,1,2,88,1
3,13,001,1,8113354,3,1,1,1,50,2
3,13,001,1,8113376,4,1,1,1,31,1
3,13,001,1,8123349,1,1,1,1,91,1
3,13,001,1,8123534,1,1,1,2,31,1
3,13,001,1,8124035,1,1,1,2,92,1
3,13,001,1,8124582,1,1,1,1,46,1
3,13,001,1,8124594,1,1,1,2,70,1
3,13,001,1,8124843,1,1,1,1,49,1
3,13,001,1,8128408,6,1,1,1,78,1
3,13,001,1,8135204,1,1,1,2,96,2
3,13,001,1,8140643,1,1,1,2,90,2
3,13,001,1,8161269,1,1,1,1,4,2
3,13,001,1,8335012,1,1,1,1,76,9
3,13,001,1,8335251,1,1,1,2,87,1
3,13,001,1,8335530,4,1,1,2,76,1
3,13,001,1,8336004,2,1,1,2,82,9
3,13,001,1,8336721,1,1,1,1,72,1
3,13,001,1,8349675,1,1,1,1,0,9
3,13,001,1,8368054,1,1,1,1,82,1
3,13,001,1,8369105,3,1,1,1,25,1
3,13,001,1,8375544,1,1,1,1,55,1
3,13,001,1,8375761,1,1,1,1,93,1
3,13,001,1,8385769,1,1,1,1,0,9
3,13,001,1,8386773,1,1,1,2,87,1
3,13,001,1,8389175,1,1,1,2,67,1
3,13,001,1,8389322,1,1,1,1,85,1
3,13,001,1,8391244,1,2,1,2,17,1
3,13,001,1,8392530,1,1,1,1,28,1
3,13,001,1,8405952,3,1,1,2,35,1
3,13,001,1,8406141,1,1,1,2,64,1
3,13,001,1,8406233,1,1,1,2,72,1
3,13,001,1,8406313,1,1,1,2,59,1
3,13,001,1,8406358,1,1,1,1,58,1
3,13,001,1,8406367,1,1,1,1,74,1
3,13,001,1,8406424,2,1,1,1,1,1
3,13,001,1,8406447,1,1,1,1,50,1
3,13,001,1,8406690,1,1,1,1,89,1
3,13,001,1,8408634,1,1,1,2,33,1
3,13,001,1,8409014,1,1,1,2,73,1
3,13,001,1,8409789,1,1,1,1,87,1
3,13,001,1,8412235,1,1,1,1,75,1
3,13,001,1,8491978,1,1,1,1,65,1
3,13,001,1,8492689,51,1,1,1,88,1
3,13,001,1,8496462,1,1,1,1,26,1
3,13,001,1,8497404,4,1,1,1,54,9
3,13,001,1,8497612,2,1,1,1,45,1
3,13,001,1,8498450,1,1,1,1,0,1
3,13,001,1,8510328,4,1,1,1,94,1
3,13,001,1,8510357,1,1,1,2,86,1
3,13,001,1,8510409,1,1,1,1,78,1
3,13,001,1,8535208,13,1,1,1,80,1
3,13,001,1,8535904,4,1,1,1,40,1
3,13,001,1,8535905,1,1,1,1,0,1
3,13,001,1,8561514,1,1,1,2,65,1
3,13,001,1,8573482,2,1,1,2,62,1
3,13,001,1,8573928,1,1,1,1,82,1
3,13,001,1,8573981,1,1,1,1,70,1
3,13,001,1,8573981,1,1,2,1,25,1
3,13,001,1,8576397,2,1,1,1,45,1
3,13,001,1,8595272,1,1,1,1,90,1
3,13,001,1,8624925,1,1,1,1,0,1
3,13,001,1,8624956,3,1,1,1,0,1
3,13,001,1,8639379,1,1,1,2,80,1
3,13,001,1,8726613,1,1,1,2,75,9
3,13,001,1,8726858,4,1,1,2,75,2
3,13,001,1,8733693,36,1,1,1,0,9
3,13,001,1,8733693,36,1,2,2,0,9
3,13,001,1,8760532,1,1,1,1,48,1
3,13,001,1,8762367,1,1,1,2,70,1
3,13,001,1,8783722,1,1,1,1,63,1
3,13,001,1,8825487,1,1,1,2,81,1
3,13,001,1,8829351,1,1,1,1,57,1
3,13,001,1,8829393,1,1,1,1,88,1
3,13,001,1,8829439,1,1,1,1,82,1
3,13,001,1,8829483,2,1,1,2,102,1
3,13,001,1,8830796,7,1,1,2,80,1
3,13,001,1,8832695,1,1,1,1,58,2
3,13,001,1,8890162,1,1,1,1,75,1
3,13,001,1,8991594,3,1,1,1,90,1
3,13,001,1,8991714,1,1,1,2,91,1
3,13,001,1,8991787,1,1,1,1,88,1
3,13,001,1,8994029,1,1,1,2,92,1
3,13,001,1,8999447,3,1,1,2,5,2
3,13,001,1,9000434,1,1,1,2,97,1
3,13,001,1,9040282,8,1,1,2,85,1
3,13,001,1,9066239,1,1,1,2,38,1
3,13,001,1,9066242,1,1,1,1,86,1
3,13,001,1,9066263,1,1,1,2,82,1
3,13,001,1,9067539,1,1,1,2,62,9
3,13,001,1,9070180,4,1,1,1,0,1
3,13,001,1,9072576,2,1,1,1,82,1
3,13,001,1,9072606,1,1,1,2,58,1
3,13,001,1,9072646,1,1,1,1,76,1
3,13,001,1,9073292,2,1,1,2,85,1
3,13,001,1,9074259,1,1,1,1,75,2
3,13,001,1,9074269,1,1,1,2,88,1
3,13,001,1,9076309,1,1,1,1,68,1
3,13,001,1,9076597,2,1,1,1,42,1
3,13,001,1,9077192,8,1,1,1,70,1
3,13,001,1,9077362,1,1,1,2,84,1
3,13,001,1,9082386,1,1,1,1,0,1
3,13,001,1,9086337,1,1,1,1,72,2
3,13,001,1,9092568,1,1,1,2,79,1
3,13,001,1,9092585,1,2,1,2,8,1
3,13,001,1,9092780,1,1,1,2,65,1
3,13,001,1,9232079,1,1,1,1,87,1
3,13,001,1,9232099,1,1,1,2,75,1
3,13,001,1,9232105,1,1,1,1,87,1
3,13,001,1,9232105,1,1,2,2,54,1
3,13,001,1,9232105,1,1,3,2,59,1
3,13,001,1,9232183,1,1,1,2,76,1
3,13,001,1,9232296,2,1,1,1,0,2
3,13,001,1,9232307,1,1,1,1,60,1
3,13,001,1,9242601,6,1,1,1,72,1
3,13,001,1,9242674,1,1,1,2,34,1
3,13,001,1,9242674,1,1,2,1,63,1
3,13,001,1,9437953,1,1,1,2,86,1
3,13,001,1,9437959,3,1,1,1,1,2
3,13,001,1,9445871,1,1,1,2,83,1
3,13,001,1,9445998,1,1,1,2,87,1
3,13,001,1,9446156,3,1,1,2,59,1
3,13,001,1,9446576,1,1,1,1,61,1
3,13,001,1,9446583,1,1,1,1,57,9
3,13,001,1,9458398,25,1,1,2,38,1
3,13,001,1,9458415,12,1,1,1,94,1
3,13,001,1,9527122,2,1,1,1,77,1
3,13,001,1,9527212,2,1,1,2,67,1
3,13,001,1,9527238,2,1,1,1,72,1
3,13,001,1,9527268,1,1,1,2,92,1
3,13,001,1,9529449,3,1,1,2,30,1
3,13,001,1,9534289,2,1,1,2,97,1
3,13,001,1,9538067,1,1,1,1,28,1
3,13,001,1,9582478,1,1,1,2,73,1
3,13,001,1,9589111,1,1,1,2,1,1
3,13,001,1,9589864,1,1,1,1,64,1
3,13,001,1,9589979,2,1,1,1,46,1
3,13,001,1,9631893,2,1,1,2,71,1
3,13,001,1,9636363,9,1,1,1,60,1
3,13,001,1,9636407,3,1,1,2,35,1
3,13,001,1,9636540,1,1,1,2,74,1
3,13,001,1,9636570,2,1,1,1,23,1
3,13,001,1,9636644,2,1,1,1,57,1
3,13,001,1,9636871,2,1,1,2,0,9
3,13,001,1,9666474,1,1,1,1,72,1
3,13,001,1,9680784,1,1,1,1,10,9
3,13,001,1,9682261,2,1,1,2,83,1
3,13,001,1,9778940,1,1,1,2,87,9
3,13,001,1,9779988,3,1,1,2,66,1
3,13,001,1,9780528,1,1,1,2,78,1
3,13,001,1,9783929,2,1,1,2,0,9
3,13,001,1,9786074,2,1,1,2,74,1
3,13,001,1,9786098,1,1,1,2,56,1
3,13,001,1,9786138,1,1,1,2,71,1
3,13,001,1,9786251,1,1,1,2,78,1
3,13,001,1,9792464,2,1,1,1,87,1
3,13,001,1,9794292,4,1,1,2,51,1
3,13,001,1,9868702,2,1,1,2,78,1
3,13,001,1,9868719,1,1,1,1,24,1
3,13,001,1,9868791,1,1,1,2,79,1
3,13,001,1,9868870,1,1,1,1,55,1
3,13,001,1,9919317,1,1,1,1,55,1
3,13,001,1,9920617,1,1,1,1,36,1
3,13,001,1,9920825,4,1,1,1,93,1
3,13,001,1,9946932,1,1,1,2,99,1
3,13,001,1,9947222,1,1,1,1,83,1
3,13,001,1,9948526,1,1,1,1,72,1
3,13,001,1,9948675,1,1,1,1,63,1
3,13,001,1,9948685,1,1,1,1,59,1
3,13,001,1,9948772,1,1,1,2,78,1
3,13,001,1,9949656,1,1,1,2,74,1
3,13,001,1,9969365,3,1,1,1,69,1
3,13,001,1,9969397,3,1,1,2,94,1
3,13,001,1,10018150,1,1,1,2,78,1
3,13,001,1,10019399,1,1,1,1,72,1
3,13,001,1,10019585,1,1,1,2,69,1
3,13,001,1,10019627,1,1,1,1,56,1
3,13,001,1,10020865,1,1,1,2,51,1
3,13,001,1,10020955,1,1,1,2,92,1
3,13,001,1,10022792,1,1,1,1,22,1
3,13,001,1,10041578,48,1,1,1,69,1
3,13,001,1,10043129,1,1,1,1,0,1
3,13,001,1,10043154,1,1,1,2,60,1
3,13,001,1,10044370,6,1,1,2,78,1
3,13,001,1,10045211,1,2,1,1,0,1
3,13,001,1,10045388,2,1,1,1,17,9
3,13,001,1,10045862,4,1,1,1,83,1
3,13,001,1,10047959,1,1,1,2,56,9
3,13,001,1,10049015,2,1,1,1,78,1
3,13,001,1,10049320,2,1,1,2,90,1
3,13,001,1,10050245,1,1,1,1,97,1
3,13,001,1,10050320,1,1,1,2,95,1
3,13,001,1,10051358,1,1,1,1,0,2
3,13,001,1,10051865,1,1,1,1,54,1
3,13,001,1,10139828,1,1,1,1,5,1
3,13,001,1,10140327,4,1,1,1,60,1
3,13,001,1,10140340,3,1,1,1,60,1
3,13,001,1,10153317,1,1,1,1,78,1
3,13,001,1,10153393,1,1,1,1,78,1
3,13,001,1,10154536,1,1,1,1,0,1
3,13,001,1,10154936,1,1,1,2,69,1
3,13,001,1,10159482,26,1,1,1,70,1
3,13,001,1,10159598,12,1,1,2,98,1
3,13,001,1,10159945,2,1,1,1,86,1
3,13,001,1,10212676,1,1,1,2,66,1
3,13,001,1,10212719,2,1,1,1,27,1
3,13,001,1,10227849,1,1,1,2,0,1
3,13,001,1,10243588,20,1,1,2,70,1
3,13,001,1,10250129,1,1,1,2,69,1
3,13,001,1,10250520,1,1,1,1,88,1
3,13,001,1,10253584,1,1,1,2,90,1
3,13,001,1,10255205,1,1,1,1,79,1
3,13,001,1,10257105,59,1,1,1,87,1
3,13,001,1,10259534,3,1,1,2,94,1
3,13,001,1,10381127,2,3,1,1,55,1
3,13,001,1,10381129,1,1,1,1,30,2
3,13,001,1,10381310,1,1,1,2,105,1
3,13,001,1,10381441,1,1,1,1,87,1
3,13,001,1,10391390,1,1,1,2,75,1
3,13,001,1,10393091,1,1,1,1,100,1
3,13,001,1,10433563,1,1,1,1,90,1
3,13,001,1,10433584,1,1,1,1,23,1
3,13,001,1,10433640,1,1,1,2,84,1
3,13,001,1,10472607,2,1,1,2,0,9
3,13,001,1,10472769,1,1,1,2,73,9
3,13,001,1,10472794,1,1,1,2,91,1
3,13,001,1,10472891,1,1,1,1,59,1
3,13,001,1,10473904,2,1,1,1,81,1
3,13,001,1,10475366,1,1,1,1,63,1
3,13,001,1,10475426,1,1,1,1,59,1
3,13,001,1,10477464,1,1,1,2,60,1
3,13,001,1,10478487,1,2,1,2,78,1
3,13,001,1,10627547,69,1,1,1,69,1
3,13,001,1,10627560,8,1,1,2,96,1
3,13,001,1,10628716,3,1,1,1,71,1
3,13,001,1,10628740,1,1,1,1,57,1
3,13,001,1,10628764,6,1,1,2,73,1
3,13,001,1,10628836,1,1,1,1,20,1
3,13,001,1,10628836,1,1,2,1,32,1
3,13,001,1,10628836,1,1,3,1,97,1
3,13,001,1,10628836,1,1,4,1,36,1
3,13,001,1,10630156,1,1,1,1,0,9
3,13,001,1,10630867,1,1,1,2,56,1
3,13,001,1,10630894,2,1,1,2,83,1
3,13,001,1,10647329,4,1,1,2,79,1
3,13,001,1,10647462,1,1,1,2,0,9
3,13,001,1,10650353,1,1,1,1,92,1
3,13,001,1,10650388,3,1,1,1,63,1
3,13,001,1,10650392,4,1,1,2,72,1
3,13,001,1,10813982,2,1,1,1,45,1
3,13,001,1,10818320,1,1,1,1,29,1
3,13,001,1,10818320,1,2,1,1,29,1
3,13,001,1,10862728,1,1,1,2,85,1
3,13,001,1,10862902,1,1,1,2,0,2
3,13,001,1,10862902,1,1,2,1,0,2
3,13,001,1,10863080,1,1,1,1,86,1
3,13,001,1,10863105,3,1,1,1,54,1
3,13,001,1,10863116,2,1,1,1,25,1
3,13,001,1,10863268,1,1,1,1,68,1
3,13,001,1,10863291,1,1,1,2,63,1
3,13,001,1,10863326,1,1,1,2,86,1
3,13,001,1,10863812,2,1,1,2,0,2
3,13,001,1,10864135,1,1,1,1,45,1
3,13,001,1,10867282,1,1,1,2,79,1
3,13,001,1,10923893,2,1,1,1,70,9
3,13,001,1,10923901,1,1,1,1,72,9
3,13,001,1,10927416,1,1,1,2,96,1
3,13,001,1,10927680,1,1,1,2,83,1
3,13,001,1,10928210,1,1,1,2,38,1
3,13,001,1,10928254,1,1,1,1,87,1
3,13,001,1,10928451,1,1,1,1,85,1
3,13,001,1,10933399,1,1,1,1,0,2
3,13,001,1,10934869,1,1,1,1,87,9
3,13,001,1,10936542,1,1,1,2,80,1
3,13,001,1,10945022,2,1,1,1,58,1
3,13,001,1,10946853,5,1,1,1,65,1
3,13,001,1,10946935,1,1,1,1,94,1
3,13,001,1,10949236,1,1,1,2,73,1
3,13,001,1,10949241,1,1,1,2,86,9
3,13,001,1,10949317,1,1,1,1,41,1
3,13,001,1,10949425,1,1,1,2,65,1
3,13,001,1,10949441,1,1,1,1,85,1
3,13,001,1,10950481,1,1,1,1,80,1
3,13,001,1,10950532,1,1,1,2,90,1
3,13,001,1,11053894,2,1,1,1,68,1
3,13,001,1,11054085,1,1,1,1,46,1
3,13,001,1,11057067,1,1,1,2,69,1
3,13,001,1,11057091,1,1,1,2,53,1
3,13,001,1,11057313,28,1,1,2,52,2
3,13,001,1,11091158,1,1,1,2,78,1
3,13,001,1,11092711,1,1,1,2,45,1
3,13,001,1,11092749,1,1,1,2,93,1
3,13,001,1,11200726,1,1,1,2,90,1
3,13,001,1,11200777,1,1,1,2,71,1
3,13,001,1,11201820,1,1,1,1,83,1
3,13,001,1,11201928,1,1,1,1,55,1
3,13,001,1,11202146,1,1,1,2,97,1
3,13,001,1,11208824,1,1,1,2,84,1
3,13,001,1,11208875,1,1,1,1,76,1
3,13,001,1,11209217,4,1,1,2,90,1
3,13,001,1,11210439,2,1,1,1,32,1
3,13,001,1,11337425,1,1,1,1,67,1
3,13,001,1,11337592,1,1,1,1,70,1
3,13,001,1,11337606,1,1,1,1,72,1
3,13,001,1,11338188,2,1,1,1,51,1
3,13,001,1,11340333,1,1,1,1,74,1
3,13,001,1,11345569,1,1,1,2,98,1
3,13,001,1,11345604,3,1,1,1,64,1
3,13,001,1,11366815,68,1,1,1,25,9
3,13,001,1,11433249,2,1,1,1,25,1
3,13,001,1,11433284,1,1,1,1,63,9
3,13,001,1,11447730,1,1,1,2,67,1
3,13,001,1,11482354,1,1,1,1,2,1
3,13,001,1,11495395,1,1,1,1,53,1
3,13,001,1,11496709,1,1,1,1,67,1
3,13,001,1,11496723,1,1,1,1,58,1
3,13,001,1,11500428,1,1,1,1,66,1
3,13,001,1,11501781,1,1,1,2,86,1
3,13,001,1,11560964,1,1,1,1,80,1
3,13,001,1,11560995,2,1,1,1,93,1
3,13,001,1,11561385,1,1,1,2,96,1
3,13,001,1,11562414,1,1,1,2,81,2
3,13,001,1,11575391,1,1,1,2,75,1
3,13,001,1,11575504,2,1,1,2,73,1
3,13,001,1,11575530,1,1,1,2,68,1
3,13,001,1,11575530,1,1,2,2,49,1
3,13,001,1,11575854,1,1,1,2,63,1
3,13,001,1,11578869,1,1,1,1,42,1
3,13,001,1,11579913,2,1,1,2,1,1
3,13,001,1,11581181,6,1,1,2,79,1
3,13,001,1,11585132,1,1,1,2,59,1
3,13,001,1,11585171,39,1,1,1,72,1
3,13,001,1,11585254,1,1,1,2,89,1
3,13,001,1,11641848,1,1,1,2,81,9
3,13,001,1,11641941,1,1,1,2,82,9
3,13,001,1,11641961,1,1,1,1,65,1
3,13,001,1,11642236,3,1,1,2,87,1
3,13,001,1,11642487,2,1,1,1,94,1
3,13,001,1,11643842,1,1,1,2,74,1
3,13,001,1,11645554,1,1,1,2,83,1
3,13,001,1,11645618,1,1,1,1,83,9
3,13,001,1,11645659,1,1,1,1,94,1
3,13,001,1,11646088,2,1,1,1,40,1
3,13,001,1,11646103,1,1,1,1,26,1
3,13,001,1,11665985,1,1,1,2,83,1
3,13,001,1,11665989,1,1,1,1,81,1
3,13,001,1,11826669,2,1,1,1,83,1
3,13,001,1,11828015,1,1,1,1,40,1
3,13,001,1,11828833,1,1,1,2,64,1
3,13,001,1,11836852,1,1,1,1,89,9
3,13,001,1,11836852,1,1,2,2,70,9
3,13,001,1,11836986,1,1,1,1,25,1
3,13,001,1,11837534,1,1,1,1,69,1
3,13,001,1,11837824,1,1,1,2,75,1
3,13,001,1,11837929,1,1,1,2,90,1
3,13,001,1,11837932,1,1,1,1,53,1
3,13,001,1,11838452,1,1,1,2,78,1
3,13,001,1,11839523,1,1,1,1,16,1
3,13,001,1,11839993,1,1,1,1,104,1
3,13,001,1,11840617,1,1,1,2,15,1
3,13,001,1,11842735,1,1,1,1,20,1
3,13,001,1,11842749,1,1,1,1,20,1
3,13,001,1,11844471,1,1,1,1,71,1
3,13,001,1,11844579,1,1,1,2,88,1
3,13,001,1,11844991,1,1,1,2,52,1
3,13,001,1,11844993,1,1,1,2,75,1
3,13,001,1,11927924,1,1,1,2,73,1
3,13,001,1,11932408,1,1,1,1,50,2
3,13,001,1,11932414,1,1,1,1,60,9
3,13,001,1,11932430,1,1,1,2,50,1
3,13,001,1,11932494,1,1,1,2,81,2
3,13,001,1,11932897,1,1,1,1,20,9
3,13,001,1,11938046,3,1,1,2,88,9
3,13,001,1,11939258,1,1,1,2,83,9
3,13,001,1,11939258,1,1,2,1,92,9
3,13,001,1,11939694,2,1,1,2,0,1
3,13,001,1,11949469,1,1,1,2,0,1
3,13,001,1,11957572,1,1,1,1,65,1
3,13,001,1,11957616,1,1,1,1,23,1
3,13,001,1,11957719,1,1,1,1,42,1
3,13,001,1,11979315,1,1,1,1,65,1
3,13,001,1,11979582,1,1,1,1,54,1
3,13,001,1,11987274,1,1,1,2,98,9
3,13,001,1,12028346,2,1,1,1,84,1
3,13,001,1,12028389,1,1,1,2,96,1
3,13,001,1,12043344,1,1,1,1,43,1
3,13,001,1,12117780,2,1,1,1,70,9
3,13,001,1,12117944,210,1,1,1,61,1
3,13,001,1,12118042,2,1,1,1,63,1
3,13,001,1,12120853,1,1,1,1,60,1
3,13,001,1,12132205,1,1,1,2,83,1
3,13,001,1,12133545,1,1,1,1,75,1
3,13,001,1,12135899,1,1,1,1,54,1
3,13,001,1,12137296,1,1,1,1,17,1
3,13,001,1,12149075,1,1,1,2,73,1
3,13,001,1,12149132,1,1,1,2,60,1
3,13,001,1,12149184,1,1,1,1,78,1
3,13,001,1,12153745,1,1,1,1,92,1
3,13,001,1,12153815,2,1,1,1,85,1
3,13,001,1,12154568,1,1,1,2,80,1
3,13,001,1,12155191,1,1,1,1,58,1
3,13,001,1,12168618,1,1,1,2,78,1
3,13,001,1,12245712,24,1,1,1,85,1
3,13,001,1,12281996,1,1,1,2,80,1
3,13,001,1,12282491,2,1,1,1,66,1
3,13,001,1,12360834,1,1,1,1,85,1
3,13,001,1,12360901,1,1,1,1,81,1
3,13,001,1,12396332,1,1,1,2,1,1
3,13,001,1,12396403,1,1,1,1,51,1
3,13,001,1,12408433,5,1,1,1,48,2
3,13,001,1,12409546,1,1,1,2,50,1
3,13,001,1,12410103,1,1,1,1,50,2
3,13,001,1,12410365,2,1,1,2,65,1
3,13,001,1,12414297,1,1,1,1,20,1
3,13,001,1,12417570,1,1,1,1,90,1
3,13,001,1,12575734,1,1,1,1,0,9
3,13,001,1,12576113,1,1,1,2,87,1
3,13,001,1,12630004,3,1,1,1,74,1
3,13,001,1,12630004,3,1,2,2,80,1
3,13,001,1,12648089,3,1,1,1,82,1
3,13,001,1,12648316,2,1,1,1,66,1
3,13,001,1,12648668,1,1,1,1,92,1
3,13,001,1,12650889,1,1,1,1,46,1
3,13,001,1,12650971,1,1,1,1,64,1
3,13,001,1,12652043,1,1,1,1,41,1
3,13,001,1,12652207,1,1,1,1,78,1
3,13,001,1,12652322,1,1,1,1,50,9
3,13,001,1,12652484,1,1,1,1,60,1
3,13,001,1,12652507,2,1,1,1,39,1
3,13,001,1,12653445,1,1,1,2,78,9
3,13,001,1,12653797,1,1,1,1,71,1
3,13,001,1,12653844,1,1,1,2,75,1
3,13,001,1,12654411,1,1,1,2,84,1
3,13,001,1,12714777,1,1,1,1,21,1
3,13,001,1,12715616,1,1,1,1,83,1
3,13,001,1,12716142,1,1,1,1,75,1
3,13,001,1,12814731,1,1,1,1,0,2
3,13,001,1,12814731,1,1,2,1,50,9
3,13,001,1,12814731,1,1,3,1,999,9
3,13,001,1,12815287,1,1,1,1,61,1
3,13,001,1,12880412,1,1,1,1,56,1
3,13,001,1,12882855,1,1,1,1,35,1
3,13,001,1,12882855,1,1,2,1,1,2
3,13,001,1,12882855,1,1,3,2,87,1
3,13,001,1,12882855,1,1,4,1,80,1
3,13,001,1,12882855,1,1,5,1,0,2
3,13,001,1,12882855,1,1,6,2,45,1
3,13,001,1,12882855,1,1,7,2,59,1
3,13,001,1,12882855,1,1,8,2,90,1
3,13,001,1,12883771,1,1,1,2,83,1
3,13,001,1,12883787,1,1,1,1,60,1
3,13,001,1,12883989,3,1,1,2,76,1
3,13,001,1,13028576,2,1,1,1,0,2
3,13,001,1,13035503,1,1,1,2,97,1
3,13,001,1,13035822,3,1,1,2,101,1
3,13,001,1,13039012,1,1,1,1,90,1
3,13,001,1,13115702,1,1,1,2,85,1
3,13,001,1,13115893,1,1,1,1,20,1
3,13,001,1,13116037,2,1,1,2,33,2
3,13,001,1,13116120,1,1,1,2,15,1
3,13,001,1,13117702,4,1,1,1,56,1
3,13,001,1,13136616,1,1,1,1,58,1
3,13,001,1,13139233,4,1,1,2,36,9
3,13,001,1,13139325,3,1,1,2,50,9
3,13,001,1,13143726,1,1,1,2,58,1
3,13,001,1,13143762,3,1,1,1,83,1
3,13,001,1,13144705,3,1,1,1,16,1
3,13,001,1,13144736,1,1,1,1,37,1
3,13,001,1,13271986,1,1,1,1,66,1
3,13,001,1,13273425,2,1,1,1,52,1
3,13,001,1,13303152,4,1,1,2,0,1
3,13,001,1,13304336,2,1,1,1,92,1
3,13,001,1,13304459,1,2,1,1,12,1
3,13,001,1,13304529,1,2,1,1,72,1
3,13,001,1,13304529,1,2,2,2,62,1
3,13,001,1,13304603,1,1,1,1,23,1
3,13,001,1,13304603,1,2,1,1,23,2
3,13,001,1,13304687,1,2,1,1,49,1
3,13,001,1,13304825,1,1,1,1,71,1
3,13,001,1,13312909,1,1,1,2,0,9
3,13,001,1,13317080,1,1,1,2,68,1
3,13,001,1,13438960,2,1,1,2,84,1
3,13,001,1,13448707,2,1,1,1,19,1
3,13,001,1,13450119,2,1,1,1,40,1
3,13,001,1,13451195,1,1,1,2,1,9
3,13,001,1,13522960,2,1,1,1,0,1
3,13,001,1,13522960,2,1,2,1,0,1
3,13,001,1,13533375,1,1,1,1,0,9
3,13,001,1,13533916,5,1,1,1,1,2
3,13,001,1,13534490,1,1,1,1,25,9
3,13,001,1,13536276,1,1,1,1,56,1
3,13,001,1,13539291,1,1,1,1,78,1
3,13,001,1,13540627,1,1,1,2,98,1
3,13,001,1,13548092,1,1,1,2,0,2
3,13,001,1,13548092,1,1,2,1,0,1
3,13,001,1,13548092,1,1,3,1,5,2
3,13,001,1,13551386,1,1,1,2,46,9
3,13,001,1,13551581,2,1,1,2,73,2
3,13,001,1,13603562,1,1,1,2,33,1
3,13,001,1,13603598,1,1,1,2,80,1
3,13,001,1,13603611,1,1,1,1,42,1
3,13,001,1,13604266,1,1,1,1,0,9
3,13,001,1,13604615,1,1,1,1,53,1
3,13,001,1,13660588,4,1,1,1,36,1
3,13,001,1,13662202,1,1,1,2,101,1
3,13,001,1,13682594,1,1,1,1,60,1
3,13,001,1,13682638,1,1,1,2,51,1
3,13,001,1,13711834,2,1,1,1,29,1
3,13,001,1,13718031,1,1,1,1,94,1
3,13,001,1,13719100,3,1,1,1,49,1
3,13,001,1,13719252,1,1,1,1,49,1
3,13,001,1,13742440,1,1,1,1,57,1
3,13,001,1,13842440,2,1,1,2,75,1
3,13,001,1,13855947,2,1,1,1,89,1
3,13,001,1,13857875,15,1,1,1,72,1
3,13,001,1,13866190,1,1,1,2,74,1
3,13,001,1,13866489,1,1,1,1,0,2
3,13,001,1,13866489,1,1,2,1,1,2
3,13,001,1,13866550,1,1,1,1,60,1
3,13,001,1,13900785,1,1,1,1,8,2
3,13,001,1,13909076,1,1,1,1,52,1
3,13,001,1,13909097,1,1,1,1,52,1
3,13,001,1,13909107,2,1,1,2,23,1
3,13,001,1,13917078,1,1,1,2,62,1
3,13,001,1,13929091,1,1,1,1,78,1
3,13,001,1,13931984,1,1,1,2,74,1
3,13,001,1,13945449,1,1,1,1,70,1
3,13,001,1,14015345,1,1,1,1,94,1
3,13,001,1,14017766,2,1,1,2,95,1
3,13,001,1,14017899,1,1,1,1,49,1
3,13,001,1,14020864,1,1,1,2,84,1
3,13,001,1,14045559,7,1,1,2,65,1
3,13,001,1,14090079,1,1,1,1,1,1
3,13,001,1,14090278,1,1,1,1,63,1
3,13,001,1,14090427,1,1,1,1,74,1
3,13,001,1,14090590,1,1,1,1,62,1
3,13,001,1,14091540,1,1,1,2,84,1
3,13,001,1,14107229,1,1,1,2,0,2
3,13,001,1,14194340,2,1,1,2,67,1
3,13,001,1,14196503,1,1,1,1,51,1
3,13,001,1,14202910,71,1,1,2,84,1
3,13,001,1,14203159,203,1,1,1,80,1
3,13,001,1,14204537,1,1,1,1,35,1
3,13,001,1,14254811,2,1,1,2,40,1
3,13,001,1,14255028,1,1,1,2,69,1
3,13,001,1,14255271,1,1,1,2,71,1
3,13,001,1,14255366,2,1,1,1,85,1
3,13,001,1,14261347,1,1,1,1,87,1
3,13,001,1,14367047,1,1,1,1,51,1
3,13,001,1,14375435,1,1,1,1,53,9
3,13,001,1,14375747,1,1,1,2,70,1
3,13,001,1,14376600,1,1,1,1,52,1
3,13,001,1,14405825,1,1,1,1,75,1
3,13,001,1,14405859,2,1,1,2,0,1
3,13,001,1,14406318,1,3,1,1,44,1
3,13,001,1,14407325,1,1,1,2,81,1
3,13,001,1,14407395,1,1,1,2,65,1
3,13,001,1,14407395,1,1,2,1,87,1
3,13,001,1,14408754,1,1,1,2,87,1
3,13,001,1,14548178,1,1,1,1,57,1
3,13,001,1,14548250,1,1,1,2,79,1
3,13,001,1,14548250,1,1,2,1,61,1
3,13,001,1,14548912,3,1,1,1,46,1
3,13,001,1,14549842,1,1,1,1,74,1
3,13,001,1,14558670,1,1,1,1,61,1
3,13,001,1,14558915,1,1,1,1,18,1
3,13,001,1,14559615,2,1,1,1,87,1
3,13,001,1,14563645,1,1,1,2,90,1
3,13,001,1,14565879,4,1,1,2,74,1
3,13,001,1,14569252,4,1,1,2,68,1
3,13,001,1,14570854,1,1,1,2,45,1
3,13,001,1,14571680,2,1,1,2,10,1
3,13,001,1,14571844,2,1,1,1,98,1
3,13,001,1,14588744,1,1,1,2,101,1
3,13,001,1,14654985,1,1,1,1,69,1
3,13,001,1,14655043,1,1,1,1,74,1
3,13,001,1,14655203,1,1,1,2,61,1
3,13,001,1,14662826,1,1,1,2,48,1
3,13,001,1,14665840,1,1,1,1,8,9
3,13,001,1,14703502,1,1,1,1,83,1
3,13,001,1,14704122,5,1,1,2,94,1
3,13,001,1,14704902,111,1,1,1,25,2
3,13,001,1,14706068,1,1,1,1,89,1
3,13,001,1,14706084,1,1,1,2,78,1
3,13,001,1,14707002,1,1,1,2,94,1
3,13,001,1,14707036,1,1,1,2,1,1
3,13,001,1,14707046,1,1,1,2,65,1
3,13,001,1,14707135,1,1,1,2,74,1
3,13,001,1,14717136,1,1,1,2,72,1
3,13,001,1,14717832,1,1,1,2,84,2
3,13,001,1,14724627,3,1,1,1,78,1
3,13,001,1,14724645,1,1,1,2,55,1
3,13,001,1,14724645,1,1,2,2,75,1
3,13,001,1,14724875,1,1,1,1,84,1
3,13,001,1,14724916,1,1,1,2,58,1
3,13,001,1,14724946,1,1,1,1,77,1
3,13,001,1,14725363,1,1,1,2,70,1
3,13,001,1,14725377,1,1,1,2,95,1
3,13,001,1,14725506,1,1,1,1,42,1
3,13,001,1,14727516,2,1,1,1,62,9
3,13,001,1,14728028,1,1,1,1,52,9
3,13,001,1,14728812,1,1,1,1,18,1
3,13,001,1,14728835,1,1,1,1,82,1
3,13,001,1,14737138,8,1,1,1,82,1
3,13,001,1,14737138,8,1,2,2,97,1
3,13,001,1,14740530,1,1,1,1,0,2
3,13,001,1,14825602,1,1,1,1,30,1
3,13,001,1,14827807,1,1,1,1,69,1
3,13,001,1,14828144,2,1,1,1,79,1
3,13,001,1,14876351,1,2,1,2,90,1
3,13,001,1,14880826,1,1,1,2,62,1
3,13,001,1,14880868,1,1,1,1,82,1
3,13,001,1,14881441,1,1,1,1,89,1
3,13,001,1,14881546,1,1,1,2,2,9
3,13,001,1,14881609,1,1,1,2,80,2
3,13,001,1,14882197,1,1,1,1,20,1
3,13,001,1,14883202,1,1,1,1,0,9
3,13,001,1,14888910,1,1,1,1,59,1
3,13,001,1,14888950,1,1,1,1,72,1
3,13,001,1,14889313,1,1,1,2,0,9
3,13,001,1,14892688,1,1,1,2,79,1
3,13,001,1,14893142,1,1,1,1,0,1
3,13,001,1,14893142,1,1,2,1,0,1
3,13,001,1,14903396,1,1,1,1,33,1
3,13,001,1,14932279,2,1,1,2,23,1
3,13,001,1,15020862,3,1,1,2,19,1
3,13,001,1,15029210,1,1,1,1,77,1
3,13,001,1,15031033,1,1,1,2,0,1
3,13,001,1,15042336,1,1,1,1,68,1
3,13,001,1,15042479,1,1,1,1,42,1
3,13,001,1,15042855,1,1,1,1,76,1
3,13,001,1,15047188,1,1,1,1,50,1
3,13,001,1,15048217,1,1,1,2,76,1
3,13,001,1,15048797,1,1,1,2,95,1
3,13,001,1,15051501,1,1,1,2,86,1
3,13,001,1,15055361,1,1,1,1,53,1
3,13,001,1,15163487,2,1,1,1,66,1
3,13,001,1,15262422,1,1,1,2,53,1
3,13,001,1,15263301,1,1,1,1,65,1
3,13,001,1,15270597,1,1,1,2,16,1
3,13,001,1,15298880,2,1,1,2,0,2
3,13,001,1,15315162,1,1,1,2,91,1
3,13,001,1,15315248,1,1,1,2,90,1
3,13,001,1,15315248,1,1,2,2,53,1
3,13,001,1,15315553,4,1,1,1,79,1
3,13,001,1,15315914,8,1,1,1,73,1
3,13,001,1,15316753,1,1,1,2,60,1
3,13,001,1,15316795,1,1,1,1,0,1
3,13,001,1,15317283,1,1,1,1,69,1
3,13,001,1,15317311,1,1,1,1,55,1
3,13,001,1,15317368,3,1,1,2,36,1
3,13,001,1,15317380,1,1,1,1,70,1
3,13,001,1,15317614,1,1,1,2,72,1
3,13,001,1,15318346,1,1,1,2,87,1
3,13,001,1,15319861,1,1,1,1,98,1
3,13,001,1,15320127,2,1,1,2,32,1
3,13,001,1,15320361,2,1,1,2,58,1
3,13,001,1,15415230,1,1,1,2,40,1
3,13,001,1,15423130,1,1,1,2,74,1
3,13,001,1,15425295,2,1,1,2,74,1
3,13,001,1,15426264,3,1,1,1,18,2
3,13,001,1,15429933,3,1,1,1,85,9
3,13,001,1,15430048,1,1,1,1,60,1
3,13,001,1,15454179,1,1,1,1,34,1
3,13,001,1,15454385,1,1,1,1,42,1
3,13,001,1,15454634,1,1,1,2,75,1
3,13,001,1,15454736,1,1,1,1,37,1
3,13,001,1,15458258,2,1,1,1,87,1
3,13,001,1,15458272,1,1,1,1,87,1
3,13,001,1,15554294,1,1,1,2,85,1
3,13,001,1,15555388,1,1,1,1,77,1
3,13,001,1,15555399,2,1,1,1,77,1
3,13,001,1,15562219,133,1,1,1,71,1
3,13,001,1,15569244,2,1,1,2,78,1
3,13,001,1,15575243,1,1,1,2,16,1
3,13,001,1,15576435,1,1,1,2,54,1
3,13,001,1,15576627,3,1,1,1,25,1
3,13,001,1,15577053,1,1,1,1,76,1
3,13,001,1,15585453,1,2,1,1,65,1
3,13,001,1,15585453,1,2,2,2,60,1
3,13,001,1,15588636,1,1,1,2,77,1
3,13,001,1,15588747,1,1,1,1,65,1
3,13,001,1,15602376,1,1,1,1,50,1
3,13,001,1,15602379,1,1,1,2,1,2
3,13,001,1,15602715,2,1,1,2,91,1
3,13,001,1,15608655,2,1,1,2,84,1
3,13,001,1,15613066,1,1,1,1,50,1
3,13,001,1,15628463,10,1,1,1,40,1
3,13,001,1,15628556,1,1,1,1,84,1
3,13,001,1,15628719,81,1,1,2,47,9
3,13,001,1,15629636,2,1,1,2,85,1
3,13,001,1,15633280,2,1,1,1,53,1
3,13,001,1,15633280,2,1,2,2,60,1
3,13,001,1,15638178,1,1,1,1,53,1
3,13,001,1,15696291,1,1,1,1,54,1
3,13,001,1,15696354,2,1,1,1,70,1
3,13,001,1,15729361,1,1,1,1,60,9
3,13,001,1,15733089,1,1,1,1,84,1
3,13,001,1,15733090,1,1,1,2,88,1
3,13,001,1,15753930,3,1,1,1,70,1
3,13,001,1,15759707,2,1,1,1,64,1
3,13,001,1,15760855,1,1,1,2,70,1
3,13,001,1,15834816,1,1,1,2,58,1
3,13,001,1,15838008,3,1,1,2,44,1
3,13,001,1,15838052,1,1,1,1,76,1
3,13,001,1,15845017,1,1,1,1,22,1
3,13,001,1,15867266,187,1,1,2,88,1
3,13,001,1,15876623,1,1,1,2,69,1
3,13,001,1,15876623,1,2,1,1,31,1
3,13,001,1,15897000,1,1,1,1,58,1
3,13,001,1,15908803,1,1,1,2,43,1
3,13,001,1,15908889,1,1,1,2,78,1
3,13,001,1,15985544,1,1,1,2,0,1
3,13,001,1,16010132,2,1,1,1,54,9
3,13,001,1,16067786,1,1,1,1,20,1
3,13,001,1,16067910,2,1,1,1,22,1
3,13,001,1,16073085,1,1,1,2,59,1
3,13,001,1,16085822,1,1,1,2,13,1
3,13,001,1,16095346,1,1,1,1,83,1
3,13,001,1,16104578,1,1,1,1,63,1
3,13,001,1,16104584,1,1,1,2,62,1
3,13,001,1,16124592,1,1,1,1,39,1
3,13,001,1,16126209,1,1,1,2,85,1
3,13,001,1,16134593,2,1,1,2,0,1
3,13,001,1,16136754,1,1,1,1,17,1
3,13,001,1,16136780,1,1,1,2,78,1
3,13,001,1,16137617,3,1,1,1,92,1
3,13,001,1,16138034,1,1,1,1,68,1
3,13,001,1,16139458,1,1,1,1,35,1
3,13,001,1,16139465,1,1,1,1,36,1
3,13,001,1,16139465,1,1,2,1,12,2
3,13,001,1,16139465,1,1,3,1,2,2
3,13,001,1,16139921,1,1,1,1,16,1
3,13,001,1,16140171,5,1,1,2,79,2
3,13,001,1,16140250,2,1,1,1,87,1
3,13,001,1,16140366,4,1,1,1,89,1
3,13,001,1,16144438,1,1,1,2,96,1
3,13,001,1,16144644,1,1,1,1,69,1
3,13,001,1,16206149,1,1,1,1,0,2
3,13,001,1,16225612,1,1,1,2,81,1
3,13,001,1,16225621,1,1,1,1,78,1
3,13,001,1,16226748,1,1,1,1,27,9
3,13,001,1,16226815,1,1,1,2,46,1
3,13,001,1,16226864,1,1,1,2,54,1
3,13,001,1,16226888,4,1,1,1,24,1
3,13,001,1,16226915,3,1,1,2,42,1
3,13,001,1,16226934,1,1,1,1,39,1
3,13,001,1,16227472,1,1,1,1,85,1
3,13,001,1,16261274,3,1,1,2,40,1
3,13,001,1,16262328,2,1,1,1,0,1
3,13,001,1,16318729,1,1,1,2,92,1
3,13,001,1,16334957,1,1,1,1,35,1
3,13,001,1,16348012,1,1,1,1,58,1
3,13,001,1,16351373,2,1,1,2,58,1
3,13,001,1,16367841,1,1,1,1,24,1
3,13,001,1,16371322,1,1,1,1,58,9
3,13,001,1,16373949,1,1,1,1,87,2
3,13,001,1,16382598,1,1,1,1,54,1
3,13,001,1,16382927,1,1,1,2,68,1
3,13,001,1,16388820,1,1,1,2,30,2
3,13,001,1,16388820,1,1,2,2,80,2
3,13,001,1,16392598,1,1,1,1,68,1
3,13,001,1,16413915,1,1,1,2,95,1
3,13,001,1,16439043,1,1,1,1,79,1
3,13,001,1,16439092,1,1,1,1,33,1
3,13,001,1,16450748,1,1,1,1,60,9
3,13,001,1,16466144,1,1,1,2,91,1
3,13,001,1,16516665,1,1,1,1,79,1
3,13,001,1,16583554,1,1,1,1,25,1
3,13,001,1,16583554,1,1,2,1,26,1
3,13,001,1,16583554,1,1,3,2,27,2
3,13,001,1,16583554,1,1,4,2,28,1
3,13,001,1,16583554,1,1,5,2,23,1
3,13,001,1,16583554,1,1,6,2,24,1
3,13,001,1,16586080,3,1,1,2,91,9
3,13,001,1,16586154,1,1,1,1,67,1
3,13,001,1,16586346,2,1,1,1,55,1
3,13,001,1,16586388,1,1,1,1,103,1
3,13,001,1,16648026,1,1,1,2,85,1
3,13,001,1,16648910,1,1,1,2,74,1
3,13,001,1,16659690,1,1,1,1,16,1
3,13,001,1,16660404,1,1,1,1,22,1
3,13,001,1,16660715,1,1,1,1,78,1
3,13,001,1,16662351,1,1,1,1,58,9
3,13,001,1,16662505,3,1,1,2,0,9
3,13,001,1,16677311,1,1,1,2,32,1
3,13,001,1,16677501,1,1,1,1,39,1
3,13,001,1,16677509,1,1,1,2,38,1
3,13,001,1,16677522,1,1,1,1,27,1
3,13,001,1,16677540,2,1,1,2,0,1
3,13,001,1,16678316,1,1,1,1,25,1
3,13,001,1,16678503,1,1,1,1,45,1
3,13,001,1,16678553,2,1,1,1,62,1
3,13,001,1,16679776,1,1,1,1,90,1
3,13,001,1,16679786,1,1,1,1,70,1
3,13,001,1,16680886,2,1,1,2,90,1
3,13,001,1,16680886,2,1,2,1,73,1
3,13,001,1,16680886,2,1,3,1,46,1
3,13,001,1,16693717,1,1,1,2,3,9
3,13,001,1,16693717,1,1,2,1,0,9
3,13,001,1,16718290,1,1,1,1,55,1
3,13,001,1,16721721,1,1,1,1,67,1
3,13,001,1,16749672,1,1,1,1,90,2
3,13,001,1,16768911,1,1,1,1,63,1
3,13,001,1,16768987,1,1,1,1,32,1
3,13,001,1,16768987,1,1,2,2,56,1
3,13,001,1,16770987,1,1,1,1,68,1
3,13,001,1,16770991,1,1,1,1,84,1
3,13,001,1,16771149,1,2,1,1,76,1
3,13,001,1,16774756,1,1,1,2,80,9
3,13,001,1,16790307,2,1,1,2,56,1
3,13,001,1,16792322,2,1,1,1,68,2
3,13,001,1,16828232,4,1,1,2,93,1
3,13,001,1,16828251,1,1,1,1,80,1
3,13,001,1,16828301,1,1,1,2,90,1
3,13,001,1,16828330,1,1,1,2,93,1
3,13,001,1,16828357,1,1,1,2,81,1
3,13,001,1,16828405,1,1,1,2,66,1
3,13,001,1,16830404,1,1,1,1,2,1
3,13,001,1,16832231,1,1,1,1,21,2
3,13,001,1,16862909,1,1,1,1,85,1
3,13,001,1,16864467,1,1,1,1,72,1
3,13,001,1,16867955,1,1,1,2,83,1
3,13,001,1,16868093,1,1,1,1,83,1
3,13,001,1,16868173,1,1,1,1,51,1
3,13,001,1,16868657,1,1,1,2,95,1
3,13,001,1,16869405,1,1,1,2,81,1
3,13,001,1,16931476,1,1,1,2,28,1
3,13,001,1,16968116,1,1,1,2,8,2
3,13,001,1,16968856,2,1,1,2,103,1
3,13,001,1,16969729,2,1,1,2,76,1
3,13,001,1,16969754,1,1,1,2,65,1
3,13,001,1,16975708,1,1,1,2,19,1
3,13,001,1,16977517,1,1,1,1,1,9
3,13,001,1,17159811,1,2,1,1,71,1
3,13,001,1,17160036,1,1,1,1,64,1
3,13,001,1,17162877,145,1,1,1,94,1
3,13,001,1,17162974,1,1,1,1,70,1
3,13,001,1,17163412,1,1,1,2,22,1
3,13,001,1,17163540,3,1,1,2,78,2
3,13,001,1,17165768,2,1,1,1,30,1
3,13,001,1,17172896,3,1,1,1,0,2
3,13,001,1,17172896,3,1,2,1,0,2
3,13,001,1,17173709,1,1,1,1,43,1
3,13,001,1,17176562,1,1,1,1,5,2
3,13,001,1,17197556,1,1,1,2,81,1
3,13,001,1,17200031,1,1,1,1,58,1
3,13,001,1,17202860,1,1,1,1,94,1
3,13,001,1,17203186,1,1,1,1,50,1
3,13,001,1,17203743,2,1,1,1,83,1
3,13,001,1,17211868,1,1,1,1,999,9
3,13,001,1,17214083,1,1,1,1,13,1
3,13,001,1,17219588,1,1,1,2,19,2
3,13,001,1,17219626,1,1,1,2,5,9
3,13,001,1,17219629,1,1,1,2,53,9
3,13,001,1,17219715,1,1,1,2,93,2
3,13,001,1,17219759,3,1,1,1,68,1
3,13,001,1,17220525,3,1,1,1,8,1
3,13,001,1,17220534,1,1,1,1,68,1
3,13,001,1,17221940,1,1,1,1,24,1
3,13,001,1,17221940,1,1,2,2,92,1
3,13,001,1,17221945,1,1,1,2,13,1
3,13,001,1,17221945,1,1,2,1,55,1
3,13,001,1,17221950,1,1,1,1,82,1
3,13,001,1,17247643,2,1,1,2,0,9
3,13,001,1,17247689,1,1,1,1,1,9
3,13,001,1,17248226,1,1,1,1,1,1
3,13,001,1,17248226,1,1,2,2,0,1
3,13,001,1,17248334,1,1,1,2,1,9
3,13,001,1,17250023,1,1,1,1,23,1
3,13,001,1,17250023,1,1,2,1,58,1
3,13,001,1,17250616,1,1,1,1,34,1
3,13,001,1,17292431,1,1,1,1,1,2
3,13,001,1,17308137,1,1,1,1,90,9
3,13,001,1,17314779,1,1,1,1,32,1
3,13,001,1,17314852,1,1,1,2,36,1
3,13,001,1,17315439,1,1,1,1,54,1
3,13,001,1,17317656,1,1,1,1,45,1
3,13,001,1,17329296,1,1,1,1,67,1
3,13,001,1,17329739,1,1,1,1,61,1
3,13,001,1,17331254,3,1,1,1,2,1
3,13,001,1,17332242,1,1,1,2,77,1
3,13,001,1,17333566,1,1,1,2,52,1
3,13,001,1,17354042,1,1,1,1,15,1
3,13,001,1,17377957,1,1,1,2,56,1
3,13,001,1,17380288,1,1,1,1,22,1
3,13,001,1,17383385,1,1,1,1,95,1
3,13,001,1,17383657,1,3,1,1,90,1
3,13,001,1,17403719,1,1,1,1,36,1
3,13,001,1,17408354,1,1,1,1,71,1
3,13,001,1,17408521,2,1,1,2,60,2
3,13,001,1,17409328,2,1,1,1,64,1
3,13,001,1,17432377,2,1,1,2,1,1
3,13,001,1,17451838,2,1,1,2,90,9
3,13,001,1,17456316,1,1,1,2,82,1
3,13,001,1,17470241,1,1,1,1,0,1
3,13,001,1,17471182,1,1,1,1,86,1
3,13,001,1,17471243,1,1,1,1,78,1
3,13,001,1,17471343,4,1,1,1,82,1
3,13,001,1,17501879,1,1,1,2,55,1
3,13,001,1,17528607,1,1,1,1,90,1
3,13,001,1,17530073,1,1,1,1,73,1
3,13,001,1,17536283,2,1,1,2,62,1
3,13,001,1,17536283,2,1,2,1,28,1
3,13,001,1,17536323,1,1,1,2,50,1
3,13,001,1,17536348,1,1,1,2,78,1
3,13,001,1,17536348,1,1,2,1,53,1
3,13,001,1,17536392,1,1,1,2,80,1
3,13,001,1,17591183,2,1,1,1,22,1
3,13,001,1,17591396,2,1,1,2,97,1
3,13,001,1,17591455,1,1,1,1,27,1
3,13,001,1,17606121,2,1,1,2,50,1
3,13,001,1,17606128,1,1,1,1,45,1
3,13,001,1,17607368,1,1,1,1,0,1
3,13,001,1,17607444,1,1,1,1,30,1
3,13,001,1,17621581,1,1,1,1,20,1
3,13,001,1,17622854,1,1,1,2,59,9
3,13,001,1,17622880,1,1,1,2,45,1
3,13,001,1,17623735,3,1,1,1,70,1
3,13,001,1,17630883,1,1,1,2,37,1
3,13,001,1,17649849,1,1,1,2,90,1
3,13,001,1,17650326,1,1,1,1,0,2
3,13,001,1,17651814,1,1,1,1,69,1
3,13,001,1,17656074,1,2,1,2,67,1
3,13,001,1,17656524,2,1,1,1,1,9
3,13,001,1,17660414,1,1,1,1,73,1
3,13,001,1,17661849,2,1,1,1,19,1
3,13,001,1,17721073,2,1,1,2,87,1
3,13,001,1,17721074,1,1,1,1,83,1
3,13,001,1,17723963,1,1,1,2,50,1
3,13,001,1,17724704,1,2,1,2,90,1
3,13,001,1,17724851,1,1,1,1,74,1
3,13,001,1,17725635,2,1,1,2,90,9
3,13,001,1,17728110,1,1,1,1,65,1
3,13,001,1,17728195,1,1,1,1,62,1
3,13,001,1,17749890,1,1,1,2,57,1
3,13,001,1,17750871,1,1,1,2,84,1
3,13,001,1,17750908,1,1,1,1,27,1
3,13,001,1,17751072,2,1,1,1,58,1
3,13,001,1,17751162,1,1,1,2,45,1
3,13,001,1,17792999,1,1,1,2,40,9
3,13,001,1,17808040,1,1,1,2,102,1
3,13,001,1,17808193,1,2,1,2,68,1
3,13,001,1,17808193,1,2,2,1,76,1
3,13,001,1,17818475,1,1,1,1,25,2
3,13,001,1,17820833,1,1,1,1,59,1
3,13,001,1,17853154,1,1,1,2,86,2
3,13,001,1,17853229,1,1,1,1,60,1
3,13,001,1,17853387,2,1,1,2,45,1
3,13,001,1,17853448,1,1,1,1,58,1
3,13,001,1,17861954,1,1,1,2,68,1
3,13,001,1,17863008,1,1,1,1,55,1
3,13,001,1,17869167,1,1,1,1,83,1
3,13,001,1,17869264,1,1,1,2,84,1
3,13,001,1,17870519,1,1,1,1,78,1
3,13,001,1,17870710,1,1,1,1,46,1
3,13,001,1,17870710,1,1,2,1,56,1
3,13,001,1,17870710,1,1,3,1,36,1
3,13,001,1,17871313,1,1,1,1,56,1
3,13,001,1,17871313,1,1,2,1,28,1
3,13,001,1,17922117,1,1,1,1,90,1
3,13,001,1,17935564,1,1,1,1,0,2
3,13,001,1,17935989,1,1,1,1,62,2
3,13,001,1,17938186,1,1,1,1,21,1
3,13,001,1,17938224,1,1,1,1,80,1
3,13,001,1,17940258,2,1,1,2,1,1
3,13,001,1,17941715,2,1,1,1,30,2
3,13,001,1,18010237,1,2,1,2,68,1
3,13,001,1,18010605,1,1,1,1,27,9
3,13,001,1,18010829,42,1,1,2,76,1
3,13,001,1,18013150,1,1,1,2,88,1
3,13,001,1,18013218,1,1,1,1,65,1
3,13,001,1,18013401,1,1,1,2,80,1
3,13,001,1,18020753,6,1,1,1,92,1
3,13,001,1,18034759,1,1,1,1,0,9
3,13,001,1,18035228,1,1,1,1,23,1
3,13,001,1,18035275,1,1,1,2,0,9
3,13,001,1,18035275,1,1,2,2,0,9
3,13,001,1,18035275,1,1,3,2,0,9
3,13,001,1,18035534,4,1,1,1,58,9
3,13,001,1,18035742,1,1,1,2,83,1
3,13,001,1,18036104,3,1,1,2,56,9
3,13,001,1,18036466,1,1,1,1,17,1
3,13,001,1,18037024,1,1,1,2,75,2
3,13,001,1,18037073,1,1,1,1,20,2
3,13,001,1,18043052,1,1,1,1,28,1
3,13,001,1,18043093,1,1,1,1,29,1
3,13,001,1,18043136,22,1,1,1,62,1
3,13,001,1,18043359,4,1,1,2,63,1
3,13,001,1,18068963,1,1,1,1,64,1
3,13,001,1,18070918,1,1,1,1,93,1
3,13,001,1,18087214,1,1,1,2,98,1
3,13,001,1,18090385,4,1,1,1,77,1
3,13,001,1,18115871,4,1,1,2,84,1
3,13,001,1,18115871,4,1,2,1,19,9
3,13,001,1,18116293,1,1,1,1,26,1
3,13,001,1,18116379,1,1,1,1,25,1
3,13,001,1,18123566,6,1,1,1,90,1
3,13,001,1,18140863,1,1,1,1,29,1
3,13,001,1,18141954,1,1,1,1,25,1
3,13,001,1,18149760,1,1,1,1,76,1
3,13,001,1,18150093,1,1,1,1,37,1
3,13,001,1,18152053,1,1,1,2,56,1
3,13,001,1,18152110,1,1,1,2,64,1
3,13,001,1,18152273,2,1,1,1,14,1
3,13,001,1,18152381,1,1,1,2,81,1
3,13,001,1,18153746,2,1,1,1,82,1
3,13,001,1,18172433,1,1,1,1,56,1
3,13,001,1,18172466,1,1,1,1,29,1
3,13,001,1,18172662,2,1,1,1,35,1
3,13,001,1,18190188,2,1,1,2,45,9
3,13,001,1,18197251,1,1,1,2,80,1
3,13,001,1,18198067,2,1,1,2,62,1
3,13,001,1,18198337,1,1,1,1,0,2
3,13,001,1,18203951,3,1,1,2,78,1
3,13,001,1,18234860,5,1,1,1,92,1
3,13,001,1,18236087,4,1,1,1,2,1
3,13,001,1,18236087,4,1,2,1,2,2
3,13,001,1,18236087,4,1,3,1,2,1
3,13,001,1,18236087,4,1,4,1,2,1
3,13,001,1,18236087,4,1,5,1,2,1
3,13,001,1,18236087,4,1,6,1,3,1
3,13,001,1,18236087,4,1,7,1,2,1
3,13,001,1,18236087,4,1,8,2,1,1
3,13,001,1,18236421,1,1,1,1,45,1
3,13,001,1,18256747,1,1,1,1,71,1
3,13,001,1,18257719,2,1,1,1,2,1
3,13,001,1,18275189,1,1,1,1,85,1
3,13,001,1,18283090,40,1,1,1,62,1
3,13,001,1,18284477,1,1,1,1,30,1
3,13,001,1,18285088,2,1,1,2,1,2
3,13,001,1,18285144,1,1,1,2,0,9
3,13,001,1,18293938,1,1,1,1,39,1
3,13,001,1,18294136,1,1,1,1,92,1
3,13,001,1,18294271,1,1,1,1,52,1
3,13,001,1,18311293,1,1,1,1,36,1
3,13,001,1,18315257,1,1,1,2,74,1
3,13,001,1,18315528,1,1,1,1,40,9
3,13,001,1,18315528,1,1,2,1,20,9
3,13,001,1,18315528,1,1,3,1,30,9
3,13,001,1,18315745,1,4,1,2,0,1
3,13,001,1,18321158,3,1,1,2,50,1
3,13,001,1,18328578,1,1,1,1,0,2
3,13,001,1,18328747,1,1,1,1,58,1
3,13,001,1,18359216,5,1,1,1,63,1
3,13,001,1,18372292,1,1,1,2,93,1
3,13,001,1,18373781,1,1,1,1,92,1
3,13,001,1,18374051,1,1,1,1,78,1
3,13,001,1,18376877,1,1,1,2,88,1
3,13,001,1,18404830,1,1,1,1,76,1
3,13,001,1,18409041,2,1,1,2,84,1
3,13,001,1,18429234,1,1,1,2,63,1
3,13,001,1,18446859,1,1,1,2,51,1
3,13,001,1,18448575,1,1,1,1,0,2
3,13,001,1,18449650,1,1,1,1,23,1
3,13,001,1,18450247,1,1,1,1,63,1
3,13,001,1,18453411,1,1,1,2,84,1
3,13,001,1,18462908,1,1,1,1,23,1
3,13,001,1,18463843,1,1,1,1,4,2
3,13,001,1,18487096,1,1,1,2,73,1
3,13,001,1,18487096,1,1,2,2,63,1
3,13,001,1,18487348,321,1,1,1,64,1
3,13,001,1,18487379,332,1,1,1,86,1
3,13,001,1,18507900,17,1,1,1,91,1
3,13,001,1,18512712,1,1,1,1,49,1
3,13,001,1,18530497,1,1,1,1,65,9
3,13,001,1,18530534,1,1,1,1,71,9
3,13,001,1,18530715,1,1,1,1,56,1
3,13,001,1,18530735,3,1,1,1,52,1
3,13,001,1,18530988,4,1,1,1,56,1
3,13,001,1,18552934,1,1,1,2,86,1
3,13,001,1,18559996,1,1,1,1,11,2
3,13,001,1,18559996,1,1,2,2,2,2
3,13,001,1,18560234,1,1,1,2,72,9
3,13,001,1,18582247,1,1,1,2,84,1
3,13,001,1,18586516,3,1,1,2,77,1
3,13,001,1,18590149,1,1,1,1,100,1
3,13,001,1,18591025,1,1,1,2,59,9
3,13,001,1,18591267,1,1,1,2,33,2
3,13,001,1,18591277,1,1,1,2,0,2
3,13,001,1,18591294,1,1,1,1,28,2
3,13,001,1,18591294,1,1,2,1,22,2
3,13,001,1,18606698,22,1,1,2,71,1
3,13,001,1,18608168,1,1,1,1,52,2
3,13,001,1,18620949,1,1,1,2,34,1
3,13,001,1,18627140,1,1,1,2,0,1
3,13,001,1,18656895,2,1,1,1,58,1
3,13,001,1,18669871,1,1,1,2,74,1
3,13,001,1,18670105,1,1,1,1,75,1
3,13,001,1,18684010,1,1,1,2,54,1
3,13,001,1,18684283,1,1,1,1,0,9
3,13,001,1,18684454,1,1,1,2,73,1
3,13,001,1,18703995,1,1,1,1,42,9
3,13,001,1,18704508,1,1,1,1,0,2
3,13,001,1,18704553,1,1,1,2,0,2
3,13,001,1,18721497,1,1,1,1,6,9
3,13,001,1,18722759,1,1,1,2,78,1
3,13,001,1,18727754,2,1,1,1,0,2
3,13,001,1,18739404,3,1,1,2,84,1
3,13,001,1,18749650,9,1,1,1,43,1
3,13,001,1,18750627,1,1,1,2,83,1
3,13,001,1,18755712,1,1,1,2,70,9
3,13,001,1,18756989,1,1,1,1,67,1
3,13,001,1,18762504,1,1,1,1,55,1
3,13,001,1,18770014,2,1,1,2,76,1
3,13,001,1,18782748,2,1,1,1,52,1
3,13,001,1,18788252,3,1,1,2,81,1
3,13,001,1,18797626,1,1,1,1,38,1
3,13,001,1,18808685,1,1,1,2,54,1
3,13,001,1,18821431,2,1,1,1,73,1
3,13,001,1,18824658,1,1,1,1,75,1
3,13,001,1,18839245,1,1,1,1,0,2
3,13,001,1,18840012,1,1,1,2,48,1
3,13,001,1,105930655,1,1,1,2,60,1
3,13,001,1,113264834,1,1,1,2,82,1
3,13,001,1,113265016,1,1,1,1,29,2
3,13,001,1,113265092,1,1,1,1,55,1
3,13,001,1,113265164,1,1,1,2,54,1
3,13,001,1,113267003,1,1,1,2,37,1
3,13,001,1,113267072,13,1,1,2,94,1
3,13,001,1,113268162,1,1,1,2,78,1
3,13,001,1,113268162,1,1,2,2,5,1
3,13,001,1,113268210,1,1,1,2,86,1
3,13,001,1,113272313,1,1,1,2,80,1
3,13,001,1,113273683,2,1,1,2,87,1
3,13,001,1,200787360,1,1,1,2,76,9
3,13,001,1,203449055,1,1,1,1,20,1
3,13,001,1,900024178,1,1,1,1,73,1
3,13,001,1,900046299,1,1,1,1,76,2
3,13,001,1,900046299,1,1,2,2,81,1
3,13,001,1,900046299,1,1,3,1,50,1
3,13,001,1,900051037,1,1,1,2,1,1
3,13,001,1,900056397,1,1,1,1,69,1
3,13,001,1,900061123,1,1,1,2,87,1
3,13,001,1,900065679,1,1,1,1,23,1
3,13,001,1,900067223,1,1,1,1,91,1
3,13,001,1,900079499,1,1,1,2,79,1
3,13,001,1,900083060,1,1,1,1,17,1
3,13,001,1,900084671,1,1,1,2,49,1
3,13,001,1,900107154,1,1,1,1,23,1
3,13,001,1,900131681,1,1,1,1,14,9
3,13,001,1,900166379,1,1,1,1,19,1
3,13,001,1,900169973,1,1,1,2,82,1
3,13,001,1,900180964,1,1,1,2,80,1
3,13,001,1,900181495,1,1,1,1,50,1
3,13,001,1,900181634,1,1,1,2,87,2
3,13,001,1,900197034,1,1,1,2,50,1
3,13,001,1,900200758,1,1,1,1,76,9
3,13,001,1,900204765,1,1,1,1,76,1
3,13,001,1,900211676,1,1,1,1,52,9
3,13,001,1,900218180,1,1,1,1,26,1
3,13,001,1,900218180,1,1,2,1,39,1
3,13,001,1,900218180,1,1,3,1,54,1
3,13,001,1,900218471,1,1,1,1,79,9
3,13,001,1,900256491,1,1,1,1,65,1
3,13,001,1,900257061,1,1,1,2,72,1
3,13,001,1,900262975,1,1,1,1,90,1
3,13,001,1,900272613,1,1,1,2,64,1
3,13,001,1,900274956,1,1,1,2,58,1
3,13,001,1,900277407,1,1,1,2,88,1
3,13,001,1,900285023,1,1,1,2,78,9
3,13,001,1,900285250,1,1,1,2,70,1
3,13,001,1,900286969,1,1,1,1,7,1
3,13,001,1,900288113,1,1,1,1,15,1
3,13,001,1,900288113,1,1,2,1,38,1
3,13,001,1,900304625,1,1,1,1,30,1
3,13,001,1,900320402,1,1,1,2,73,1
3,13,001,1,900322298,1,1,1,1,110,1
3,13,001,1,900337184,1,1,1,2,86,1
3,13,001,1,900341140,1,1,1,2,80,1
3,13,001,1,900349541,1,1,1,2,85,1
3,13,001,1,900356241,1,1,1,2,35,1
3,13,001,1,900357366,1,1,1,1,24,1
3,13,001,1,900366497,1,1,1,2,89,1
3,13,001,1,900367016,1,1,1,2,94,1
3,13,001,1,900369645,1,1,1,1,50,1
3,13,001,1,900370977,1,1,1,2,85,1
3,13,001,1,900385885,1,1,1,1,24,9
3,13,001,1,900390248,1,1,1,1,76,1
3,13,001,1,900396559,1,1,1,1,60,1
3,13,001,1,900403004,1,1,1,2,50,1
3,13,001,1,900405225,1,1,1,2,95,1
3,13,001,1,900414829,1,1,1,2,62,1
3,13,001,1,900414829,1,1,2,1,28,1
3,13,001,1,900426017,1,1,1,1,76,1
3,13,001,1,900429399,1,1,1,2,82,1
3,13,001,1,900429399,1,1,2,1,61,1
3,13,001,1,900431347,1,1,1,1,49,1
3,13,001,1,900438152,1,1,1,1,63,1
3,13,001,1,900443307,1,1,1,2,75,1
3,13,001,1,900445911,1,1,1,2,50,1
3,13,001,1,900446162,1,1,1,2,87,1
3,13,001,1,900446162,1,1,2,1,94,2
3,13,001,1,900446807,1,1,1,1,70,9
3,13,001,1,900446807,1,1,2,2,70,9
3,13,001,1,900448386,1,1,1,2,82,1
3,13,001,1,900452696,1,1,1,1,94,1
3,13,001,1,900452745,1,1,1,2,47,1
3,13,001,1,900456757,1,1,1,1,70,1
3,13,001,1,900458247,2,1,1,1,87,9
3,13,001,1,900461826,1,1,1,1,69,1
3,13,001,1,900464661,1,1,1,1,45,1
3,13,001,1,900464902,1,1,1,1,55,9
3,13,001,1,900465934,1,1,1,1,75,1
3,13,001,1,900467624,1,1,1,2,54,1
3,13,001,1,900470605,1,1,1,2,77,1
3,13,001,1,900471134,1,1,1,1,63,1
3,13,001,1,900474396,1,1,1,1,80,9
3,13,001,1,900476557,1,1,1,1,62,1
3,13,001,1,900477906,1,1,1,2,64,2
3,13,001,1,900484933,1,1,1,2,85,1
3,13,001,1,900495009,1,1,1,2,3,9
3,13,001,1,900496341,1,1,1,1,82,9
3,13,001,1,900497974,1,1,1,2,0,1
3,13,001,1,900522274,1,1,1,2,10,9
3,13,001,1,900531844,1,1,1,1,70,1
3,13,001,1,900536566,1,1,1,1,73,1
3,13,001,1,900544004,1,1,1,2,78,1
3,13,001,1,900550121,1,1,1,2,82,1
3,13,001,1,900551966,1,1,1,1,78,1
3,13,001,1,900563706,1,1,1,2,88,1
3,13,001,1,900567354,1,1,1,2,64,1
3,13,001,1,900569195,1,1,1,1,73,1
3,13,001,1,900571014,1,1,1,2,26,1
3,13,001,1,900580015,1,1,1,1,22,2
3,13,001,1,900581760,1,1,1,1,57,1
3,13,001,1,900587535,1,1,1,2,77,1
3,13,001,1,900587665,1,1,1,1,83,1
3,13,001,1,900587665,1,1,2,2,68,1
3,13,001,1,900588186,1,1,1,2,89,1
3,13,001,1,900588627,1,1,1,2,89,1
3,13,001,1,900594401,1,1,1,1,83,1
3,13,001,1,900611196,1,1,1,2,72,1
3,13,001,1,900611993,1,1,1,1,43,1
3,13,001,1,900615939,1,1,1,1,0,2
3,13,001,1,900617035,1,1,1,2,64,1
3,13,001,1,900617035,1,1,2,2,85,1
3,13,001,1,900617679,1,1,1,2,102,1
3,13,001,1,900623245,1,1,1,1,83,1
3,13,001,1,900623245,1,1,2,2,86,1
3,13,001,1,900627021,1,1,1,1,82,1
3,13,001,1,900627634,1,1,1,2,58,1
3,13,001,1,900627764,1,1,1,1,86,2
3,13,001,1,900630166,1,1,1,1,58,1
3,13,001,1,900655404,1,1,1,1,70,1
3,13,001,1,900655736,1,1,1,2,63,1
3,13,001,1,900658104,1,1,1,1,87,1
3,13,001,1,900660380,1,1,1,2,99,1
3,13,001,1,900663023,1,1,1,1,0,2
3,13,001,1,900663023,1,1,2,1,9,2
3,13,001,1,900666718,1,1,1,1,46,1
3,13,001,1,900669438,1,1,1,1,71,1
3,13,001,1,900680785,1,1,1,1,82,1
3,13,001,1,900692573,1,1,1,1,65,1
3,13,001,1,900693861,1,1,1,1,77,9
3,13,001,1,900707689,1,1,1,2,90,2
3,13,001,1,900725233,1,1,1,1,79,2
3,13,001,1,900736308,1,1,1,1,56,1
3,13,001,1,900739556,1,1,1,1,58,1
3,13,001,1,900749955,1,1,1,2,95,1
3,13,001,1,900763683,1,1,1,2,55,1
3,13,001,1,900800136,1,1,1,1,54,9
3,13,001,1,900860511,1,1,1,1,36,1
3,13,001,1,900864786,1,1,1,2,76,1
3,13,001,1,900864786,1,1,2,1,86,1
3,13,001,1,900888092,1,1,1,1,73,9
3,13,001,1,900888567,1,1,1,1,77,1
3,13,001,1,900893342,1,1,1,1,82,9
3,13,001,1,900894147,1,1,1,1,65,2
3,13,001,1,900925589,1,1,1,1,38,1
3,13,001,1,900928587,1,1,1,1,58,1
3,13,001,1,900928883,1,1,1,1,75,1
3,13,001,1,900938494,1,1,1,1,68,1
3,13,001,1,900975014,1,1,1,2,57,1
3,13,001,1,901001400,1,1,1,2,96,1
3,13,001,1,901003958,1,1,1,2,75,1
3,13,001,1,901011485,1,1,1,2,62,9
3,13,001,1,901020136,1,1,1,1,75,1
3,13,001,1,901034243,1,1,1,1,5,9
3,13,001,1,901034243,1,1,2,2,3,9
3,13,001,1,901040258,1,1,1,2,89,2
3,13,001,1,901049167,1,1,1,2,91,9
3,13,001,1,901060432,1,1,1,1,74,1
3,13,001,1,901063639,1,1,1,1,78,9
3,13,001,1,901078622,1,1,1,2,63,9
3,13,001,1,901078622,1,1,2,2,63,1
3,13,001,1,901103147,1,1,1,1,59,1
3,13,001,1,901104825,1,1,1,2,99,1
3,13,001,1,901104825,1,1,2,2,99,1
3,13,001,1,901147226,1,1,1,2,84,1
3,13,001,1,901160526,1,1,1,2,77,1
3,13,001,1,901181201,1,1,1,2,83,1
3,13,001,1,901201705,1,1,1,1,93,1
3,13,001,1,901205002,1,1,1,1,85,1
3,13,001,1,901266420,1,1,1,1,60,1
3,13,001,1,901266668,1,1,1,1,72,1
3,13,001,1,901267637,1,1,1,2,49,1
3,13,001,1,901290073,1,1,1,2,80,1
3,13,001,1,901296487,1,1,1,1,67,1
3,13,001,1,901299694,1,1,1,2,83,1
3,13,001,1,901305127,1,1,1,2,74,1
3,13,001,1,901314808,1,1,1,1,96,1
3,13,001,1,901328736,3,1,1,1,58,1
3,13,001,1,901348146,1,1,1,2,92,9
3,13,001,1,901351863,1,1,1,1,99,1
3,13,001,1,901351863,1,1,2,2,85,1
3,13,001,1,901368134,1,1,1,1,28,1
3,13,001,1,901375773,1,1,1,2,0,9
3,13,001,1,901378414,1,1,1,1,91,1
3,13,001,1,901382846,1,1,1,1,57,1
3,13,001,1,901388590,1,1,1,2,65,1
3,13,001,1,901388744,1,1,1,2,86,1
3,13,001,1,901397852,1,1,1,1,21,1
3,13,001,1,901409778,1,1,1,1,72,9
3,13,001,1,901411523,1,1,1,1,94,1
3,13,001,1,901411523,1,1,2,2,84,1
3,13,001,1,901438054,1,1,1,1,19,9
3,13,001,1,901438920,1,1,1,1,75,1
3,13,001,1,901444766,1,1,1,1,36,1
3,13,001,1,901451419,1,1,1,1,98,9
3,13,001,1,901451877,1,1,1,2,90,1
3,13,001,1,901456589,1,1,1,2,72,1
3,13,001,1,901481050,1,1,1,2,85,1
3,13,001,1,901484294,1,1,1,2,70,1
3,13,001,1,901484294,1,1,2,2,92,1
3,13,001,1,901490877,1,1,1,1,87,1
3,13,001,1,901503978,1,1,1,1,83,1
3,13,001,1,901512338,1,1,1,2,86,1
3,13,001,1,901519064,1,1,1,2,1,9
3,13,001,1,901523620,1,1,1,1,74,1
3,13,001,1,901572366,1,1,1,2,63,1
3,13,001,1,901586535,1,1,1,1,83,1
3,13,001,1,901596621,1,1,1,1,89,1
3,13,001,1,901638286,1,1,1,1,90,1
3,13,001,1,901664282,1,1,1,2,53,1
3,13,001,1,901674775,1,1,1,1,74,1
3,13,001,1,901700818,1,1,1,2,79,1
3,13,001,1,901707294,1,1,1,2,95,1
3,13,001,1,901744280,1,1,1,1,58,1
3,13,001,1,901750991,1,1,1,1,87,1
3,13,001,1,901771444,1,1,1,1,56,1
3,13,001,1,901793240,1,1,1,2,67,1
3,13,001,1,901795917,1,1,1,2,74,1
3,13,001,1,901809909,1,1,1,2,77,1
3,13,001,1,901836756,1,1,1,2,15,1
3,13,001,1,901848547,1,1,1,1,81,2
3,13,001,1,901848547,1,1,2,1,81,2
3,13,001,1,901854549,1,1,1,1,69,1
3,13,001,1,901855075,1,1,1,1,86,1
3,13,001,1,901870058,1,1,1,1,50,1
3,13,001,1,901883341,1,1,1,2,97,1
3,13,001,1,901893524,1,1,1,1,72,1
3,13,001,1,901909577,1,1,1,2,42,2
3,13,001,1,901911940,1,1,1,2,71,9
3,13,001,1,901914845,1,1,1,2,38,1
3,13,001,1,901919794,1,1,1,2,84,1
3,13,001,1,901921471,1,1,1,1,87,1
3,13,001,1,901927665,1,1,1,1,78,1
3,13,001,1,901929106,1,1,1,2,96,1
3,13,001,1,901953758,1,1,1,1,72,1
3,13,001,1,901970973,1,1,1,2,87,1
3,13,001,1,902024587,1,1,1,2,54,1
3,13,001,1,902028985,1,1,1,2,55,1
3,13,001,1,902053715,1,1,1,2,93,1
3,13,001,1,902072443,1,1,1,2,78,1
3,13,001,1,902091355,1,1,1,2,52,1
3,13,001,1,902093518,1,1,1,1,60,1
3,13,001,1,902098136,1,1,1,1,85,1
3,13,001,1,902103324,1,1,1,1,68,1
3,13,001,1,902116752,1,1,1,1,74,1
3,13,001,1,902120337,1,1,1,1,21,1
3,13,001,1,902172274,1,1,1,2,95,9
3,13,001,1,902182659,1,1,1,1,68,1
3,13,001,2,134518,1,1,1,1,13,1
3,13,001,2,134527,1,1,1,1,85,1
3,13,001,2,218902,2,1,1,2,72,1
3,13,001,2,218902,2,1,2,1,15,9
3,13,001,2,331375,1,1,1,2,0,2
3,13,001,2,373823,1,1,1,2,95,1
3,13,001,2,388537,1,1,1,2,43,1
3,13,001,2,391927,1,1,1,1,49,1
3,13,001,2,468719,1,1,1,1,29,1
3,13,001,2,545840,1,1,1,1,41,9
3,13,001,2,642479,1,1,1,2,1,9
3,13,001,2,643513,1,1,1,1,36,1
3,13,001,2,1185032,2,1,1,1,28,9
3,13,001,2,1185070,1,1,1,2,68,9
3,13,001,2,1185112,1,1,1,2,73,9
3,13,001,2,1185112,1,1,2,1,84,9
3,13,001,2,1185248,1,1,1,2,48,1
3,13,001,2,1185423,1,1,1,1,55,9
3,13,001,2,1185461,3,1,1,1,49,2
3,13,001,2,1185757,1,1,1,1,45,1
3,13,001,2,1185975,1,1,1,1,82,1
3,13,001,2,1196364,1,1,1,2,74,1
3,13,001,2,1196374,2,1,1,1,65,1
3,13,001,2,1196404,1,1,1,2,93,2
3,13,001,2,1339381,1,1,1,1,36,9
3,13,001,2,1339381,1,1,2,1,94,9
3,13,001,2,1339381,1,1,3,1,17,9
3,13,001,2,1339408,1,1,1,1,76,1
3,13,001,2,1339579,1,1,1,1,63,1
3,13,001,2,1339579,1,1,2,2,96,1
3,13,001,2,1715332,1,1,1,1,86,1
3,13,001,2,1715359,1,1,1,1,73,9
3,13,001,2,1715372,1,1,1,2,52,1
3,13,001,2,1715386,1,1,1,2,76,1
3,13,001,2,2525098,4,1,1,1,10,9
3,13,001,2,2525374,1,1,1,2,0,9
3,13,001,2,2560933,1,1,1,1,82,1
3,13,001,2,2759531,1,1,1,2,49,1
3,13,001,2,2781676,1,1,1,1,92,1
3,13,001,2,2781748,1,1,1,2,75,9
3,13,001,2,3119663,1,1,1,1,75,1
3,13,001,2,3322196,1,1,1,2,35,1
3,13,001,2,3323073,1,1,1,2,40,9
3,13,001,2,3323073,1,1,2,2,2,9
3,13,001,2,3323073,1,1,3,2,0,9
3,13,001,2,3324157,5,1,1,1,0,9
3,13,001,2,3493701,1,1,1,2,43,1
3,13,001,2,3493829,8,1,1,1,30,1
3,13,001,2,3640871,2,1,1,2,106,1
3,13,001,2,3640881,2,1,1,2,94,1
3,13,001,2,3640898,1,1,1,2,87,2
3,13,001,2,3721792,3,1,1,2,61,1
3,13,001,2,3722198,2,1,1,9,999,9
3,13,001,2,3722201,1,1,1,1,87,2
3,13,001,2,3722283,1,1,1,1,67,1
3,13,001,2,3854883,1,1,1,2,67,9
3,13,001,2,3854948,1,1,1,1,68,1
3,13,001,2,3857233,1,1,1,1,28,9
3,13,001,2,3857259,1,1,1,2,62,9
3,13,001,2,3857270,1,1,1,1,39,2
3,13,001,2,3857290,1,1,1,1,83,1
3,13,001,2,3858388,1,1,1,2,37,1
3,13,001,2,4143097,1,1,1,1,73,9
3,13,001,2,4143119,1,1,1,1,70,1
3,13,001,2,4144276,1,1,1,1,62,1
3,13,001,2,4461535,1,1,1,1,80,1
3,13,001,2,4464862,1,1,1,2,20,1
3,13,001,2,4640522,1,1,1,1,76,1
3,13,001,2,4642823,1,1,1,1,12,1
3,13,001,2,4851973,1,1,1,1,65,9
3,13,001,2,4852122,1,1,1,2,51,1
3,13,001,2,4854511,1,1,1,2,62,1
3,13,001,2,4854585,1,1,1,2,65,1
3,13,001,2,4855027,1,1,1,1,40,2
3,13,001,2,4855193,1,1,1,1,84,2
3,13,001,2,4856242,1,1,1,1,27,1
3,13,001,2,4926389,4,1,1,1,58,1
3,13,001,2,4926405,1,1,1,2,60,1
3,13,001,2,4926649,1,1,1,2,76,1
3,13,001,2,4926673,1,1,1,2,78,1
3,13,001,2,4926698,1,1,1,2,79,9
3,13,001,2,4932384,1,1,1,1,71,1
3,13,001,2,4933049,1,1,1,1,76,9
3,13,001,2,5071820,1,2,1,1,85,1
3,13,001,2,5071859,3,1,1,1,28,1
3,13,001,2,5071889,1,1,1,1,20,2
3,13,001,2,5136873,2,1,1,2,55,1
3,13,001,2,5136921,1,1,1,1,77,1
3,13,001,2,5139138,1,1,1,2,92,9
3,13,001,2,5139178,1,1,1,1,81,1
3,13,001,2,5139269,1,1,1,2,48,1
3,13,001,2,5416682,1,1,1,1,57,1
3,13,001,2,5416770,1,1,1,2,54,9
3,13,001,2,5416905,1,1,1,2,41,2
3,13,001,2,5416915,2,1,1,2,36,1
3,13,001,2,5417534,1,1,1,2,71,1
3,13,001,2,5423265,1,1,1,1,30,9
3,13,001,2,5423528,1,1,1,2,57,1
3,13,001,2,5423528,1,2,1,2,56,1
3,13,001,2,5432256,1,1,1,1,80,1
3,13,001,2,5432256,1,1,2,1,71,1
3,13,001,2,5433649,1,1,1,1,29,1
3,13,001,2,5434748,1,1,1,1,69,1
3,13,001,2,5435474,1,1,1,1,72,1
3,13,001,2,5694056,2,1,1,1,60,1
3,13,001,2,5791636,1,1,1,2,58,1
3,13,001,2,5791836,1,1,1,2,63,1
3,13,001,2,5794660,1,1,1,1,38,1
3,13,001,2,5799371,1,1,1,1,19,1
3,13,001,2,5986989,1,1,1,1,77,2
3,13,001,2,6134560,1,1,1,2,80,1
3,13,001,2,6134560,1,1,2,2,82,1
3,13,001,2,6242369,1,1,1,1,0,2
3,13,001,2,6371082,1,1,1,2,31,9
3,13,001,2,6476354,2,1,1,2,74,9
3,13,001,2,6476354,2,2,1,2,74,9
3,13,001,2,6478546,1,1,1,1,50,1
3,13,001,2,6480166,1,1,1,1,52,2
3,13,001,2,6480166,1,1,2,2,67,2
3,13,001,2,6480166,1,1,3,2,40,2
3,13,001,2,6652263,1,1,1,2,56,2
3,13,001,2,6652676,1,1,1,1,20,1
3,13,001,2,6652698,1,1,1,1,20,1
3,13,001,2,6652719,1,1,1,1,80,9
3,13,001,2,6652912,1,1,1,2,86,1
3,13,001,2,7036773,1,1,1,2,63,1
3,13,001,2,7053820,1,1,1,1,56,2
3,13,001,2,7053889,1,1,1,1,25,1
3,13,001,2,7084282,1,2,1,1,60,1
3,13,001,2,7089262,1,1,1,1,67,1
3,13,001,2,7094898,1,1,1,2,79,1
3,13,001,2,7277205,1,1,1,1,50,1
3,13,001,2,7279277,2,1,1,2,86,9
3,13,001,2,7318310,1,1,1,1,94,9
3,13,001,2,7318331,1,1,1,1,76,9
3,13,001,2,7320553,1,1,1,2,83,1
3,13,001,2,7515278,1,1,1,2,73,1
3,13,001,2,7515286,6,1,1,1,74,1
3,13,001,2,7515293,1,1,1,2,78,1
3,13,001,2,7515709,1,1,1,1,56,1
3,13,001,2,7516130,1,1,1,1,0,9
3,13,001,2,7516130,1,1,2,2,0,9
3,13,001,2,7516130,1,1,3,2,0,9
3,13,001,2,7516130,1,1,4,2,0,9
3,13,001,2,7516130,1,1,5,1,0,9
3,13,001,2,7516130,1,1,6,2,0,9
3,13,001,2,7516130,1,1,7,1,0,9
3,13,001,2,7516130,1,1,8,1,0,9
3,13,001,2,7572721,1,1,1,2,76,1
3,13,001,2,7572740,1,1,1,1,88,1
3,13,001,2,7572752,1,1,1,1,22,1
3,13,001,2,7572791,1,1,1,2,23,1
3,13,001,2,7572833,1,1,1,2,64,1
3,13,001,2,7573610,1,1,1,1,52,1
3,13,001,2,7573904,1,2,1,2,0,9
3,13,001,2,7573904,1,2,2,1,0,9
3,13,001,2,7772964,2,1,1,1,17,1
3,13,001,2,7773245,1,1,1,1,75,1
3,13,001,2,7773381,1,1,1,1,4,2
3,13,001,2,7779169,1,1,1,1,21,1
3,13,001,2,7943017,1,1,1,2,59,1
3,13,001,2,8119016,2,1,1,2,63,9
3,13,001,2,8370475,1,1,1,1,76,1
3,13,001,2,8419152,1,1,1,1,27,1
3,13,001,2,8510397,1,1,1,1,38,2
3,13,001,2,8510422,1,1,1,1,84,1
3,13,001,2,8774335,2,1,1,1,86,1
3,13,001,2,8774355,1,1,1,2,99,1
3,13,001,2,8774355,1,1,2,1,74,1
3,13,001,2,8774355,1,1,3,1,85,1
3,13,001,2,8776283,1,1,1,2,88,1
3,13,001,2,8776402,2,1,1,1,46,1
3,13,001,2,8776599,1,1,1,1,48,1
3,13,001,2,8777369,2,1,1,2,57,1
3,13,001,2,8778143,1,1,1,1,22,1
3,13,001,2,8778212,1,1,1,2,82,1
3,13,001,2,8820733,1,1,1,2,62,1
3,13,001,2,8820774,1,1,1,1,70,1
3,13,001,2,8820784,1,1,1,2,77,1
3,13,001,2,8820851,1,1,1,1,82,2
3,13,001,2,8829710,2,1,1,1,73,1
3,13,001,2,8829735,1,1,1,1,82,1
3,13,001,2,8829816,1,1,1,1,77,1
3,13,001,2,8999103,1,1,1,1,62,1
3,13,001,2,8999866,1,1,1,1,94,1
3,13,001,2,8999883,1,1,1,1,63,2
3,13,001,2,8999905,1,1,1,2,94,1
3,13,001,2,8999921,1,1,1,1,41,1
3,13,001,2,9098318,1,1,1,1,98,2
3,13,001,2,9098785,1,1,1,1,98,1
3,13,001,2,9108014,1,1,1,1,15,1
3,13,001,2,9458174,1,1,1,2,73,1
3,13,001,2,9516404,1,1,1,1,4,1
3,13,001,2,9518467,1,1,1,2,0,2
3,13,001,2,9518467,1,1,2,1,0,2
3,13,001,2,9518467,1,1,3,2,0,2
3,13,001,2,9518467,1,1,4,2,0,2
3,13,001,2,9518467,1,1,5,1,0,2
3,13,001,2,9518467,1,1,6,1,0,2
3,13,001,2,9518467,1,1,7,1,0,2
3,13,001,2,9518467,1,1,8,2,0,2
3,13,001,2,9539908,2,3,1,1,25,1
3,13,001,2,9813543,1,1,1,2,73,1
3,13,001,2,9813676,1,1,1,1,86,1
3,13,001,2,9816110,1,1,1,1,33,9
3,13,001,2,9817413,1,1,1,1,73,1
3,13,001,2,9817591,1,1,1,1,80,1
3,13,001,2,9825187,1,1,1,2,56,2
3,13,001,2,9825187,1,3,1,1,56,2
3,13,001,2,9827892,1,1,1,1,65,1
3,13,001,2,9828386,1,1,1,1,80,2
3,13,001,2,10020360,2,1,1,1,89,1
3,13,001,2,10020482,1,1,1,2,86,9
3,13,001,2,10029775,1,1,1,1,21,1
3,13,001,2,10030285,1,1,1,1,63,1
3,13,001,2,10030393,1,2,1,1,66,1
3,13,001,2,10150780,2,1,1,2,80,1
3,13,001,2,10294627,1,1,1,2,63,1
3,13,001,2,10295130,1,1,1,2,20,9
3,13,001,2,10295377,1,1,1,1,25,2
3,13,001,2,10463562,2,1,1,1,70,1
3,13,001,2,10510030,1,1,1,1,79,2
3,13,001,2,10701059,1,1,1,2,90,1
3,13,001,2,10701067,1,1,1,1,63,2
3,13,001,2,10973050,1,1,1,1,0,2
3,13,001,2,10973050,1,1,2,1,0,2
3,13,001,2,10973939,1,1,1,2,92,1
3,13,001,2,10974287,1,1,1,1,62,9
3,13,001,2,10978979,2,1,1,1,73,9
3,13,001,2,10979097,1,1,1,1,82,1
3,13,001,2,10979430,1,1,1,2,86,1
3,13,001,2,10979440,1,1,1,1,35,1
3,13,001,2,10987901,1,1,1,1,44,1
3,13,001,2,11138002,1,1,1,1,75,9
3,13,001,2,11173721,1,1,1,1,58,1
3,13,001,2,11174579,1,1,1,2,30,9
3,13,001,2,11175016,2,1,1,2,67,1
3,13,001,2,11205789,1,1,1,1,91,2
3,13,001,2,11206886,1,1,1,2,87,9
3,13,001,2,11453131,1,1,1,1,71,2
3,13,001,2,11455867,1,1,1,1,0,1
3,13,001,2,11455928,1,1,1,2,55,1
3,13,001,2,11456914,1,2,1,2,86,2
3,13,001,2,11673965,1,1,1,1,99,1
3,13,001,2,11677499,1,1,1,2,70,1
3,13,001,2,11682951,1,1,1,2,78,1
3,13,001,2,12127222,2,1,1,1,0,2
3,13,001,2,12196256,1,1,1,1,59,2
3,13,001,2,12196524,1,1,1,2,106,1
3,13,001,2,12197072,1,1,1,1,60,1
3,13,001,2,12197072,1,1,2,1,80,1
3,13,001,2,12197145,1,1,1,2,57,1
3,13,001,2,12197243,2,1,1,1,30,1
3,13,001,2,12200860,1,1,1,2,84,1
3,13,001,2,12200860,1,1,2,1,33,1
3,13,001,2,12200915,1,1,1,1,1,1
3,13,001,2,12204996,1,2,1,1,62,1
3,13,001,2,12205580,1,1,1,2,54,1
3,13,001,2,12205707,1,1,1,1,98,1
3,13,001,2,12413400,1,1,1,2,32,1
3,13,001,2,12413562,1,1,1,2,100,2
3,13,001,2,12634978,1,1,1,1,15,2
3,13,001,2,12636249,1,1,1,1,42,2
3,13,001,2,12636453,1,1,1,2,86,1
3,13,001,2,12669930,1,4,1,1,81,1
3,13,001,2,12671694,1,1,1,1,76,1
3,13,001,2,12671898,1,1,1,2,74,9
3,13,001,2,12861238,1,1,1,1,25,9
3,13,001,2,13092206,1,1,1,1,80,1
3,13,001,2,13485424,1,1,1,1,38,9
3,13,001,2,13493622,2,1,1,2,64,1
3,13,001,2,13493683,1,1,1,1,21,1
3,13,001,2,13765504,1,1,1,2,64,2
3,13,001,2,13765504,1,2,1,2,67,1
3,13,001,2,13765504,1,3,1,2,65,1
3,13,001,2,13765691,1,1,1,2,100,1
3,13,001,2,13765883,1,1,1,2,56,2
3,13,001,2,13885255,1,1,1,1,91,1
3,13,001,2,15026000,1,1,1,1,35,1
3,13,001,2,15026000,1,1,2,1,77,1
3,13,001,2,15331288,1,1,1,1,15,1
3,13,001,2,16083819,1,1,1,2,60,1
3,13,001,2,16083943,1,2,1,2,77,1
3,13,001,2,16085558,1,1,1,1,18,1
3,13,001,2,16377087,1,1,1,2,30,1
3,13,001,2,16377087,1,1,2,2,20,1
3,13,001,2,16787504,1,1,1,1,22,9
3,13,001,2,17064836,1,1,1,2,76,1
3,13,001,2,17065999,1,1,1,1,25,9
3,13,001,2,17211658,1,1,1,1,51,1
3,13,001,2,17305965,1,1,1,1,5,1
3,13,001,2,17489375,1,1,1,2,86,1
3,13,001,2,17654336,1,1,1,2,50,1
3,13,001,2,17656565,1,1,1,1,0,9
3,13,001,2,17656565,1,1,2,2,0,9
3,13,001,2,17656565,1,1,3,1,0,1
3,13,001,2,17656998,1,1,1,2,0,9
3,13,001,2,17792371,1,1,1,1,32,1
3,13,001,2,17805916,1,1,1,1,59,1
3,13,001,2,113269461,3,1,1,1,16,1
3,13,001,2,900133407,1,1,1,1,70,1
3,13,001,2,900144829,1,1,1,1,86,1
3,13,001,2,900287538,1,1,1,1,0,1
3,13,001,2,900457422,1,1,1,1,93,1
3,13,001,2,900510615,1,1,1,1,1,2
3,13,001,2,900522539,1,1,1,1,85,1
3,13,001,2,900686980,1,1,1,2,51,1
3,13,001,2,900697162,1,1,1,2,81,9
3,13,001,2,900714600,1,1,1,1,32,9
3,13,001,2,900873356,1,1,1,2,90,1
3,13,001,2,900875091,1,1,1,1,64,1
3,13,001,2,900927894,1,1,1,1,71,9
3,13,001,2,900927894,1,1,2,2,37,9
3,13,001,2,900933963,1,1,1,1,23,9
3,13,001,2,900987288,1,1,1,1,19,2
3,13,001,2,901442676,1,1,1,1,99,1
3,13,001,2,901665676,1,1,1,1,1,2
3,13,001,3,13917365,1,1,1,2,74,1
3,13,001,3,13930730,1,1,1,1,0,1
3,13,001,3,14205293,1,1,1,1,53,9
3,13,001,3,14389320,3,1,1,1,45,1
3,13,001,3,14530025,1,1,1,1,63,2
3,13,001,3,14611111,1,1,1,1,45,2
3,13,001,3,14866860,3,1,1,1,1,1
3,13,001,3,14871626,1,1,1,2,73,1
3,13,001,3,15175686,1,1,1,1,56,2
3,13,001,3,15317473,2,1,1,2,83,1
3,13,001,3,15331810,1,1,1,2,57,2
3,13,001,3,900396554,1,1,1,1,1,1
3,13,001,3,900411211,1,1,1,1,51,1
3,13,001,3,900494639,1,1,1,2,87,1
3,13,001,3,900704072,1,1,1,2,45,1
3,13,001,3,901585801,1,1,1,1,86,2
3,13,001,3,901885685,1,1,1,1,56,1
3,13,001,3,902436688,1,1,1,2,72,1
3,13,006,1,203893,1,1,1,1,0,1
3,13,006,1,1002677,1,1,1,2,0,1
3,13,006,1,1002682,1,1,1,2,0,1
3,13,006,1,1065423,1,2,1,2,69,2
3,13,006,1,3371704,1,1,1,2,108,1
3,13,006,1,3371801,1,1,1,2,70,1
3,13,006,1,3371865,1,1,1,1,65,1
3,13,006,1,3491505,1,1,1,2,99,1
3,13,006,1,4732915,1,2,1,1,79,1
3,13,006,1,5134589,1,1,1,1,87,1
3,13,006,1,6073274,1,1,1,1,60,2
3,13,006,1,6345037,1,1,1,2,68,9
3,13,006,1,6345037,1,2,1,2,68,9
3,13,006,1,6346348,1,1,1,1,30,9
3,13,006,1,7195274,1,1,1,1,0,1
3,13,006,1,8131373,1,1,1,1,95,1
3,13,006,1,8623651,1,1,1,1,87,1
3,13,006,1,9099868,1,1,1,1,20,1
3,13,006,1,10897996,1,1,1,1,60,2
3,13,006,2,5857848,1,1,1,2,87,9
3,13,006,2,6073383,2,1,1,2,10,1
3,13,006,2,6073462,2,1,1,1,70,1
3,13,006,2,6073492,1,1,1,1,91,2
3,13,006,2,6344776,1,1,1,1,93,1
3,13,006,2,6345174,1,1,1,1,63,1
3,13,006,2,6345548,1,1,1,1,0,9
3,13,006,2,6345563,2,1,1,1,0,1
3,13,006,2,7195272,1,1,1,1,25,9
3,13,006,2,7195311,1,1,1,1,60,1
3,13,006,2,8436124,1,1,1,2,44,1
3,13,006,2,8626218,1,1,1,2,11,1
3,13,006,2,8899893,1,1,1,2,10,2
3,13,006,2,8899893,1,2,1,2,10,2
3,13,006,2,8899916,2,1,1,1,81,9
3,13,006,2,11679917,1,1,1,1,97,9
3,13,006,2,12240393,1,1,1,1,89,1
3,13,006,2,16102239,1,1,1,1,80,9
3,13,006,2,16692927,1,1,1,1,96,2
3,13,006,2,16800704,1,1,1,2,20,1
3,13,006,2,16867305,1,1,1,1,85,2
3,13,006,2,16986250,1,1,1,1,70,1
3,13,006,2,16986615,1,1,1,1,90,1
3,13,006,2,16986867,1,1,1,1,78,1
3,13,006,2,17130146,2,1,1,1,21,2
3,13,006,2,17130175,1,1,1,2,59,2
3,13,006,2,17130312,3,1,1,1,99,2
3,13,006,2,17135976,1,1,1,1,85,2
3,13,006,2,17135976,1,2,1,1,85,2
3,13,006,2,17253688,2,1,1,2,80,2
3,13,006,2,17253746,1,2,1,2,75,1
3,13,006,2,17253823,2,1,1,1,83,1
3,13,006,2,17890817,1,1,1,1,92,1
3,13,006,2,18104168,2,1,1,1,80,9
3,13,006,2,105823712,10,1,1,2,62,1
3,13,006,2,901773673,1,1,1,1,95,2
3,13,006,2,902428450,1,1,1,1,63,1
3,13,006,3,249871,1,1,1,1,72,1
3,13,006,3,249887,3,1,1,2,72,1
3,13,006,3,249901,2,1,1,1,59,1
3,13,006,3,5977928,3,1,1,2,90,1
3,13,006,3,5980496,2,1,1,1,78,2
3,13,006,3,6729704,1,1,1,2,74,1
3,13,006,3,6730077,10,1,1,2,86,2
3,13,006,3,6730389,5,1,1,2,1,1
3,13,006,3,7195323,22,1,1,1,92,1
3,13,006,3,7428236,3,1,1,1,13,1
3,13,006,3,7621044,1,1,1,1,92,1
3,13,006,3,7621324,1,1,1,2,76,1
3,13,006,3,7758206,1,1,1,2,96,9
3,13,006,3,7758223,9,1,1,1,89,1
3,13,006,3,7975001,1,1,1,1,88,1
3,13,006,3,8623065,2,1,1,2,97,2
3,13,006,3,9083519,1,1,1,1,78,1
3,13,006,3,9087808,1,1,1,1,65,1
3,13,006,3,9866004,24,1,1,1,60,1
3,13,006,3,10071540,3,1,1,2,28,2
3,13,006,3,10072130,1,1,1,1,48,2
3,13,006,3,10072130,1,1,2,1,80,2
3,13,006,3,14637031,2,1,1,1,72,2
3,13,006,3,14723694,2,1,1,2,94,1
3,13,006,3,14876533,1,1,1,1,84,2
3,13,006,3,15047524,1,1,1,1,0,2
3,13,006,3,15049423,6,1,1,2,87,1
3,13,006,3,15382558,1,1,1,2,80,1
3,13,006,3,17752659,1,1,1,1,73,1
3,13,006,3,17752712,9,1,1,2,65,2
3,13,006,3,17890769,5,1,1,1,72,1
3,13,006,3,18055903,1,1,1,1,78,2
3,13,006,3,18096663,3,1,1,2,68,2
3,13,006,3,105555111,4,1,1,1,0,2
3,13,006,3,105559269,1,1,1,1,74,1
3,13,006,3,900244282,1,1,1,1,20,2
3,13,006,3,901015675,1,1,1,1,85,1
3,13,006,3,902429443,1,1,1,1,74,9
3,13,006,3,902432137,4,1,1,1,82,2
3,13,006,3,902432558,1,1,1,2,95,2
3,13,006,3,902432949,1,1,1,2,52,2
3,13,006,3,902433517,1,1,1,2,85,9
3,13,006,3,902433637,1,1,1,1,0,9
3,13,006,3,902436292,2,1,1,2,62,1
3,13,006,3,902437852,2,1,1,1,51,2
3,13,030,1,1692657,1,1,1,2,83,1
3,13,030,1,1692661,2,1,1,2,84,1
3,13,030,1,1817021,1,1,1,2,96,9
3,13,030,1,1817057,1,1,1,1,98,1
3,13,030,1,1817077,1,1,1,2,79,2
3,13,030,1,1939012,1,1,1,2,76,2
3,13,030,1,1939046,1,1,1,2,92,2
3,13,030,1,1942687,1,2,1,2,105,1
3,13,030,1,2290792,1,1,1,2,65,2
3,13,030,1,2609223,2,1,1,1,53,1
3,13,030,1,2835310,1,1,1,2,70,2
3,13,030,1,2835661,1,1,1,1,59,1
3,13,030,1,3235965,1,1,1,2,95,2
3,13,030,1,3236288,1,1,1,1,23,1
3,13,030,1,3364150,1,1,1,1,47,1
3,13,030,1,3364181,1,1,1,1,23,1
3,13,030,1,3816496,1,1,1,2,91,1
3,13,030,1,3967692,1,1,1,2,83,1
3,13,030,1,4371967,1,1,1,2,97,2
3,13,030,1,4372176,1,1,1,2,76,1
3,13,030,1,4812031,1,2,1,2,90,1
3,13,030,1,5819311,1,1,1,2,33,1
3,13,030,1,5822890,1,1,1,2,106,1
3,13,030,1,5823147,1,1,1,2,69,1
3,13,030,1,6313545,2,1,1,2,45,1
3,13,030,1,6315245,1,1,1,2,97,1
3,13,030,2,3364128,1,1,1,2,49,2
3,13,030,2,3816527,1,1,1,1,73,2
3,13,030,2,3971930,1,1,1,2,36,1
3,13,030,2,3971952,1,1,1,2,24,1
3,13,030,2,6313342,1,1,1,2,88,2
3,13,030,2,7207830,2,1,1,1,94,1
3,13,030,2,7207924,1,1,1,2,78,1
3,13,030,2,7207926,1,1,1,1,24,1
3,13,030,2,11149613,1,1,1,2,77,2
3,13,030,3,4540596,12,1,1,1,72,9
3,13,030,3,4541396,1,1,1,1,93,1
3,13,030,3,4541396,1,1,2,2,86,1
3,13,030,3,6312513,8,1,1,2,20,9
3,13,030,3,6312537,17,2,1,1,63,9
3,13,030,3,6312668,8,1,1,1,18,9
3,13,030,3,7207855,2,1,1,2,79,9
3,13,030,3,7207935,2,1,1,1,31,1
3,13,030,3,7431531,7,1,1,2,84,9
3,13,030,3,7431552,4,1,1,2,79,9
3,13,030,3,7432447,1,1,1,2,80,1
3,13,030,3,7795994,27,1,1,1,39,1
3,13,030,3,7796612,8,1,1,1,17,9
3,13,030,3,8055268,2,2,1,1,87,1
3,13,030,3,9191231,86,1,1,2,76,1
3,13,030,3,9619764,18,1,1,1,44,1
3,13,030,3,9619824,20,1,1,1,82,1
3,13,030,3,10106735,47,1,1,1,89,1
3,13,030,3,11803063,2,1,1,1,83,1
3,13,030,3,12465275,2,1,1,2,58,9
3,13,042,1,1878056,1,1,1,2,76,9
3,13,042,1,2172682,1,1,1,1,30,1
3,13,042,1,2405226,1,1,1,1,75,1
3,13,042,1,2812032,1,1,1,2,64,1
3,13,042,1,2812064,1,1,1,1,0,9
3,13,042,1,2812098,1,1,1,1,65,1
3,13,042,1,2833076,1,1,1,2,83,1
3,13,042,1,2837166,1,1,1,1,108,1
3,13,042,1,3034101,1,1,1,1,47,1
3,13,042,1,3238592,1,1,1,1,51,1
3,13,042,1,3414946,1,2,1,2,70,1
3,13,042,1,3523317,1,1,1,1,100,2
3,13,042,1,3523317,1,1,2,2,70,9
3,13,042,1,3526558,1,1,1,1,9,1
3,13,042,1,3745723,1,1,1,2,42,9
3,13,042,1,3927218,1,1,1,1,84,9
3,13,042,1,4138318,1,1,1,2,48,1
3,13,042,1,4487919,1,1,1,2,84,1
3,13,042,1,4709217,1,1,1,1,0,9
3,13,042,1,5507435,1,1,1,2,82,1
3,13,042,1,7099316,1,1,1,1,59,1
3,13,042,1,7099332,1,1,1,1,59,1
3,13,042,1,7303225,1,1,1,2,43,1
3,13,042,1,8627970,1,1,1,1,19,1
3,13,042,1,900071590,1,1,1,2,58,1
3,13,042,1,900512416,1,1,1,2,33,1
3,13,042,2,2164799,1,1,1,2,85,1
3,13,042,2,2405211,1,1,1,1,87,1
3,13,042,2,3222030,1,1,1,2,84,9
3,13,042,2,3525024,1,1,1,2,32,2
3,13,042,2,4138984,1,1,1,1,48,1
3,13,042,2,5507782,1,1,1,2,76,1
3,13,042,2,5508445,1,2,1,2,30,1
3,13,042,2,5997568,1,1,1,2,53,1
3,13,042,3,7971075,1,2,1,1,22,1
3,13,042,3,7973130,1,1,1,1,17,2
3,13,042,3,9082654,1,1,1,2,64,2
3,13,042,3,10094451,1,1,1,2,79,1
3,13,042,3,12692567,1,1,1,1,2,2
3,13,052,1,8021,2,1,1,1,27,1
3,13,052,1,8021,2,1,2,1,27,1
3,13,052,1,8022,1,1,1,2,82,1
3,13,052,1,16915,1,1,1,1,85,9
3,13,052,1,16968,1,1,1,1,60,1
3,13,052,1,19902,1,1,1,2,92,1
3,13,052,1,48161,1,1,1,1,86,1
3,13,052,1,48213,1,1,1,2,68,1
3,13,052,1,92162,2,1,1,1,82,2
3,13,052,1,92165,1,1,1,1,94,1
3,13,052,1,92173,1,1,1,2,93,1
3,13,052,1,112251,1,1,1,1,58,1
3,13,052,1,215511,1,1,1,1,55,1
3,13,052,1,215655,1,1,1,1,35,1
3,13,052,1,258004,1,1,1,2,0,1
3,13,052,1,258006,1,1,1,2,50,1
3,13,052,1,258009,1,1,1,2,89,1
3,13,052,1,258087,1,1,1,2,20,1
3,13,052,1,348300,1,1,1,1,16,1
3,13,052,1,348360,1,1,1,1,63,1
3,13,052,1,360022,1,1,1,2,63,2
3,13,052,1,360287,1,1,1,1,13,1
3,13,052,1,360804,1,1,1,1,60,9
3,13,052,1,364458,1,1,1,2,92,1
3,13,052,1,364707,1,1,1,1,42,1
3,13,052,1,365082,1,1,1,1,67,9
3,13,052,1,398572,1,1,1,2,64,1
3,13,052,1,443629,1,1,1,2,62,1
3,13,052,1,458901,1,1,1,2,68,1
3,13,052,1,458966,1,1,1,1,59,1
3,13,052,1,459001,1,1,1,2,64,1
3,13,052,1,459002,1,1,1,1,58,1
3,13,052,1,459042,1,1,1,1,81,9
3,13,052,1,480012,1,1,1,2,89,1
3,13,052,1,480015,1,1,1,1,27,1
3,13,052,1,480696,1,1,1,2,89,1
3,13,052,1,480697,1,1,1,1,28,1
3,13,052,1,548073,1,1,1,1,80,1
3,13,052,1,590883,1,1,1,1,87,1
3,13,052,1,691279,1,1,1,1,59,1
3,13,052,1,691919,1,1,1,1,96,1
3,13,052,1,692459,1,1,1,2,102,1
3,13,052,1,692687,1,1,1,1,90,9
3,13,052,1,692696,1,1,1,1,34,9
3,13,052,1,724735,1,1,1,2,42,1
3,13,052,1,724750,1,1,1,2,87,1
3,13,052,1,724757,1,1,1,1,56,1
3,13,052,1,724818,1,1,1,1,63,1
3,13,052,1,724877,1,1,1,1,60,1
3,13,052,1,820217,1,1,1,1,88,1
3,13,052,1,913272,1,1,1,1,75,1
3,13,052,1,914210,1,1,1,1,0,1
3,13,052,1,922109,1,1,1,2,75,1
3,13,052,1,1183512,1,2,1,1,80,9
3,13,052,1,1183518,1,1,1,2,49,1
3,13,052,1,1183522,1,1,1,2,73,1
3,13,052,1,1183542,1,1,1,2,88,1
3,13,052,1,1588120,1,1,1,2,50,1
3,13,052,1,1604313,1,1,1,2,42,1
3,13,052,1,1849404,1,1,1,1,65,1
3,13,052,1,2019851,1,1,1,1,84,1
3,13,052,1,2191315,2,1,1,2,78,1
3,13,052,1,2191334,1,1,1,1,67,1
3,13,052,1,2281402,1,1,1,1,41,1
3,13,052,1,2441643,1,1,1,1,18,1
3,13,052,1,2588397,1,2,1,1,87,1
3,13,052,1,2979893,1,1,1,1,72,1
3,13,052,1,3184733,2,1,1,2,63,1
3,13,052,1,3467058,1,2,1,1,78,1
3,13,052,1,3524198,1,1,1,1,51,1
3,13,052,1,3526993,1,1,1,2,77,1
3,13,052,1,3695381,1,1,1,1,57,1
3,13,052,1,3695428,1,1,1,2,95,1
3,13,052,1,3695530,1,1,1,1,82,1
3,13,052,1,4531131,1,1,1,2,75,1
3,13,052,1,4531146,1,1,1,1,56,1
3,13,052,1,4531291,1,1,1,1,50,9
3,13,052,1,4531291,1,1,2,2,88,2
3,13,052,1,4531481,1,1,1,1,82,1
3,13,052,1,4531787,1,1,1,2,57,1
3,13,052,1,5638859,1,1,1,1,42,1
3,13,052,1,5639229,1,1,1,1,54,1
3,13,052,1,5639320,1,1,1,2,77,1
3,13,052,1,5639443,1,1,1,2,68,1
3,13,052,1,5642694,1,1,1,1,75,1
3,13,052,1,5643312,1,1,1,1,81,1
3,13,052,1,5645007,1,1,1,2,90,1
3,13,052,1,5647548,2,1,1,2,93,1
3,13,052,1,5774838,1,1,1,1,25,1
3,13,052,1,6430458,1,1,1,2,88,9
3,13,052,1,6430506,1,1,1,2,90,9
3,13,052,1,6430612,1,1,1,1,35,1
3,13,052,1,6430615,1,1,1,1,91,1
3,13,052,1,6430651,1,1,1,2,52,1
3,13,052,1,6430707,1,1,1,2,95,1
3,13,052,1,6430736,1,1,1,1,26,1
3,13,052,1,6430743,1,1,1,1,60,1
3,13,052,1,6430798,1,1,1,2,0,1
3,13,052,1,6495444,1,1,1,2,74,1
3,13,052,1,6495471,1,1,1,1,64,1
3,13,052,1,6495979,1,1,1,1,72,9
3,13,052,1,6495995,1,1,1,2,92,1
3,13,052,1,6496097,1,1,1,1,87,1
3,13,052,1,6496112,1,1,1,2,22,1
3,13,052,1,6496142,1,1,1,1,56,1
3,13,052,1,6498226,1,1,1,1,74,9
3,13,052,1,6498264,1,1,1,2,100,1
3,13,052,1,6498281,1,1,1,1,67,1
3,13,052,1,6498299,1,1,1,2,40,1
3,13,052,1,6657104,3,1,1,1,74,9
3,13,052,1,6691634,1,1,1,1,92,1
3,13,052,1,6979345,1,1,1,2,79,1
3,13,052,1,6979359,1,1,1,2,11,1
3,13,052,1,6979378,1,1,1,1,82,1
3,13,052,1,6979456,1,1,1,2,84,1
3,13,052,1,7210290,1,1,1,1,62,1
3,13,052,1,7210347,1,1,1,1,106,9
3,13,052,1,7210993,1,1,1,1,74,9
3,13,052,1,7447084,1,1,1,2,33,1
3,13,052,1,7447138,1,1,1,1,70,9
3,13,052,1,7449020,1,1,1,1,77,1
3,13,052,1,7449067,1,1,1,2,72,1
3,13,052,1,7536516,1,1,1,1,86,1
3,13,052,1,7536518,1,1,1,2,98,1
3,13,052,1,7536603,1,1,1,2,75,1
3,13,052,1,7963098,1,1,1,1,17,1
3,13,052,1,7963119,1,1,1,2,55,1
3,13,052,1,7963376,1,1,1,1,89,1
3,13,052,1,7963498,1,1,1,1,69,1
3,13,052,1,8104113,1,1,1,1,72,9
3,13,052,1,8124908,1,1,1,1,76,1
3,13,052,1,8191863,1,1,1,1,85,1
3,13,052,1,8191871,1,1,1,1,47,1
3,13,052,1,8191888,1,1,1,1,93,1
3,13,052,1,8196807,1,1,1,2,86,1
3,13,052,1,8196813,1,1,1,1,60,1
3,13,052,1,8403879,2,1,1,2,63,1
3,13,052,1,8405014,2,1,1,1,67,1
3,13,052,1,8406348,1,1,1,2,25,1
3,13,052,1,8506091,1,1,1,2,51,1
3,13,052,1,8625268,1,1,1,1,22,1
3,13,052,1,8625547,1,1,1,2,42,2
3,13,052,1,8625649,1,1,1,2,52,1
3,13,052,1,8626065,1,1,1,2,38,9
3,13,052,1,8626124,1,1,1,1,22,1
3,13,052,1,8626507,1,1,1,2,35,1
3,13,052,1,8837202,1,1,1,1,69,1
3,13,052,1,8837817,1,1,1,1,90,1
3,13,052,1,9059058,1,1,1,2,67,1
3,13,052,1,9059835,1,1,1,1,73,1
3,13,052,1,9318081,1,2,1,2,3,1
3,13,052,1,9318162,1,1,1,1,29,1
3,13,052,1,9318201,1,1,1,2,79,1
3,13,052,1,9318201,1,1,2,1,87,1
3,13,052,1,9318261,1,1,1,2,89,1
3,13,052,1,9318288,1,1,1,1,74,1
3,13,052,1,9529850,1,1,1,1,92,1
3,13,052,1,9530152,1,1,1,2,30,1
3,13,052,1,9530255,1,1,1,2,59,1
3,13,052,1,9530345,1,1,1,2,62,1
3,13,052,1,9530370,1,1,1,1,84,1
3,13,052,1,9763988,1,1,1,2,75,1
3,13,052,1,9764027,1,1,1,2,75,1
3,13,052,1,10018941,1,1,1,1,82,9
3,13,052,1,10019256,1,1,1,1,89,1
3,13,052,1,10020169,1,1,1,1,80,1
3,13,052,1,10020320,1,1,1,2,76,1
3,13,052,1,10244464,1,1,1,1,78,1
3,13,052,1,10244482,1,1,1,2,87,1
3,13,052,1,10244717,1,1,1,1,69,1
3,13,052,1,10483837,1,1,1,1,72,9
3,13,052,1,10483895,1,1,1,2,78,1
3,13,052,1,10483970,1,1,1,1,25,1
3,13,052,1,10485011,1,1,1,1,32,1
3,13,052,1,10722954,4,1,1,2,22,1
3,13,052,1,11182641,1,1,1,1,72,1
3,13,052,1,11183581,1,1,1,2,19,1
3,13,052,1,11371643,1,1,1,1,54,1
3,13,052,1,11371760,1,1,1,2,89,1
3,13,052,1,11373110,1,1,1,2,70,1
3,13,052,1,11373352,1,1,1,1,77,1
3,13,052,1,11373659,1,1,1,2,50,1
3,13,052,1,11439652,1,1,1,2,88,9
3,13,052,1,11440178,1,1,1,2,74,1
3,13,052,1,11440464,1,1,1,1,65,9
3,13,052,1,11669689,1,2,1,2,78,1
3,13,052,1,11669738,1,1,1,1,48,1
3,13,052,1,11669740,1,1,1,1,53,1
3,13,052,1,11938748,1,1,1,1,50,1
3,13,052,1,12174713,1,1,1,1,76,1
3,13,052,1,12400612,1,1,1,1,73,1
3,13,052,1,12538417,1,1,1,2,83,1
3,13,052,1,12661324,1,1,1,1,69,1
3,13,052,1,12661682,1,1,1,2,21,1
3,13,052,1,12661827,2,1,1,1,17,1
3,13,052,1,12662356,1,1,1,1,69,1
3,13,052,1,13006636,1,1,1,1,68,2
3,13,052,1,13242940,1,1,1,1,32,1
3,13,052,1,13320532,1,1,1,1,32,1
3,13,052,1,13425481,2,1,1,1,84,1
3,13,052,1,13426586,1,1,1,1,85,2
3,13,052,1,13638149,1,1,1,2,16,1
3,13,052,1,13638572,1,1,1,2,92,1
3,13,052,1,13731004,1,1,1,1,92,1
3,13,052,1,13839272,1,1,1,1,78,1
3,13,052,1,13840176,1,1,1,2,98,1
3,13,052,1,13894513,1,1,1,1,92,1
3,13,052,1,13996747,1,1,1,1,19,1
3,13,052,1,14070532,1,1,1,2,89,1
3,13,052,1,14172206,1,1,1,1,81,1
3,13,052,1,14172223,1,1,1,1,65,1
3,13,052,1,14174593,1,1,1,1,67,1
3,13,052,1,14244557,1,1,1,2,67,1
3,13,052,1,14245727,1,1,1,2,63,1
3,13,052,1,14411528,1,1,1,1,16,1
3,13,052,1,14411528,1,1,2,1,35,1
3,13,052,1,14412569,1,1,1,1,70,1
3,13,052,1,14547680,1,2,1,1,35,1
3,13,052,1,14547738,1,1,1,2,0,1
3,13,052,1,14547794,1,1,1,1,71,1
3,13,052,1,14712193,1,1,1,1,42,1
3,13,052,1,14889621,1,1,1,1,91,1
3,13,052,1,14980523,1,1,1,2,49,1
3,13,052,1,14980523,1,2,1,2,49,1
3,13,052,1,15264192,1,1,1,1,99,1
3,13,052,1,15470649,1,1,1,2,55,1
3,13,052,1,15634936,1,1,1,2,79,1
3,13,052,1,15767853,1,1,1,1,30,1
3,13,052,1,16017108,3,1,1,2,0,1
3,13,052,1,16017218,1,1,1,2,17,1
3,13,052,1,16017279,1,1,1,1,82,1
3,13,052,1,16307167,1,1,1,1,75,1
3,13,052,1,16307196,1,1,1,2,0,1
3,13,052,1,16395849,1,1,1,1,40,1
3,13,052,1,16517876,1,1,1,2,84,1
3,13,052,1,16606427,1,1,1,1,57,1
3,13,052,1,16723845,1,1,1,1,82,1
3,13,052,1,17110665,1,1,1,1,78,1
3,13,052,1,17188361,1,1,1,1,62,1
3,13,052,1,17188430,1,1,1,2,0,1
3,13,052,1,17188526,1,1,1,2,56,1
3,13,052,1,17263305,1,1,1,1,40,1
3,13,052,1,17263442,1,1,1,2,92,1
3,13,052,1,17338580,1,1,1,2,12,1
3,13,052,1,17338644,1,1,1,1,61,1
3,13,052,1,17339001,1,1,1,1,70,1
3,13,052,1,17418998,1,1,1,1,79,1
3,13,052,1,17483755,1,1,1,1,54,1
3,13,052,1,17483774,1,1,1,1,58,1
3,13,052,1,105696357,1,1,1,1,0,1
3,13,052,1,900226928,1,1,1,1,45,1
3,13,052,1,900226928,1,1,2,1,45,1
3,13,052,1,900228842,1,1,1,1,13,1
3,13,052,1,900270976,1,1,1,2,70,9
3,13,052,1,900307243,1,1,1,1,32,1
3,13,052,1,900486323,1,1,1,1,81,1
3,13,052,1,901516191,1,1,1,2,64,9
3,13,052,1,901904731,1,1,1,1,97,1
3,13,052,1,902183528,1,1,1,2,57,1
3,13,052,2,8007,1,1,1,1,78,2
3,13,052,2,8018,1,2,1,1,75,9
3,13,052,2,20676,1,1,1,1,86,1
3,13,052,2,20694,2,1,1,1,67,1
3,13,052,2,20698,1,1,1,1,67,1
3,13,052,2,20727,1,1,1,2,96,9
3,13,052,2,48130,1,1,1,2,63,1
3,13,052,2,48162,2,1,1,1,48,1
3,13,052,2,48163,1,1,1,2,75,1
3,13,052,2,115917,10,1,1,1,78,1
3,13,052,2,258188,1,1,1,1,61,9
3,13,052,2,258192,1,1,1,2,84,1
3,13,052,2,361496,1,1,1,1,80,1
3,13,052,2,364029,2,1,1,1,33,1
3,13,052,2,483080,1,1,1,2,84,1
3,13,052,2,1048268,1,1,1,1,84,1
3,13,052,2,1048287,1,1,1,1,68,1
3,13,052,2,1048330,1,1,1,1,45,2
3,13,052,2,1183580,1,1,1,1,80,1
3,13,052,2,1183598,1,1,1,1,84,1
3,13,052,2,1183763,2,1,1,1,54,1
3,13,052,2,1183787,3,1,1,1,54,1
3,13,052,2,1183806,1,1,1,1,78,1
3,13,052,2,1183806,1,1,2,1,54,1
3,13,052,2,1322800,1,1,1,1,68,1
3,13,052,2,1322900,1,1,1,1,84,2
3,13,052,2,1468581,1,1,1,1,87,1
3,13,052,2,1588178,1,1,1,1,78,1
3,13,052,2,1608832,1,3,1,1,40,1
3,13,052,2,1849564,1,1,1,1,80,2
3,13,052,2,2019842,5,1,1,1,78,1
3,13,052,2,2019914,1,1,1,2,0,1
3,13,052,2,2019928,1,1,1,1,74,1
3,13,052,2,2019942,1,1,1,2,46,1
3,13,052,2,2019967,1,1,1,1,72,1
3,13,052,2,2191409,1,1,1,2,85,2
3,13,052,2,2281384,1,1,1,1,80,1
3,13,052,2,2281626,1,1,1,1,64,1
3,13,052,2,2281755,1,1,1,2,86,1
3,13,052,2,2282176,1,1,1,2,45,1
3,13,052,2,2282231,1,1,1,1,97,1
3,13,052,2,2898022,1,1,1,2,79,1
3,13,052,2,3189319,1,1,1,1,60,1
3,13,052,2,3467346,1,1,1,1,83,1
3,13,052,2,3467723,1,1,1,2,68,1
3,13,052,2,3467723,1,1,2,2,70,1
3,13,052,2,3524948,1,1,1,1,75,1
3,13,052,2,3524948,1,1,2,2,82,1
3,13,052,2,3695351,1,1,1,1,56,1
3,13,052,2,3695860,1,1,1,1,52,1
3,13,052,2,4442884,1,2,1,2,66,1
3,13,052,2,4442930,1,1,1,2,41,1
3,13,052,2,4442956,1,1,1,2,43,1
3,13,052,2,4443097,1,1,1,2,82,1
3,13,052,2,4443152,1,1,1,2,61,1
3,13,052,2,4443277,1,1,1,2,100,1
3,13,052,2,4443291,1,1,1,2,100,1
3,13,052,2,4443339,1,1,1,1,75,9
3,13,052,2,5643833,1,1,1,2,48,1
3,13,052,2,5650447,1,1,1,1,52,1
3,13,052,2,5777397,1,1,1,2,84,1
3,13,052,2,5778058,1,1,1,2,60,1
3,13,052,2,6439967,1,1,1,1,62,1
3,13,052,2,6439967,1,2,1,1,62,1
3,13,052,2,6439967,1,3,1,1,62,1
3,13,052,2,6439993,1,1,1,1,0,1
3,13,052,2,6440776,1,1,1,2,76,1
3,13,052,2,6440876,1,1,1,1,19,1
3,13,052,2,6497931,1,1,1,1,27,1
3,13,052,2,11371516,1,1,1,2,83,1
3,13,052,2,11372055,1,1,1,2,90,1
3,13,052,2,11373238,1,4,1,1,48,1
3,13,052,2,15023537,1,1,1,2,65,1
3,13,052,2,900054650,1,1,1,1,72,1
3,13,052,3,7211048,1,1,1,2,17,2
3,13,052,3,8404209,4,1,1,2,46,2
3,13,052,3,9530883,6,1,1,1,70,1
3,13,052,3,11191134,1,1,1,1,53,1
3,13,052,3,11439010,1,1,1,2,76,2
3,13,062,1,1870242,1,1,1,1,0,9
3,13,062,1,2375850,1,2,1,2,5,9
3,13,062,1,2378769,1,1,1,2,56,2
3,13,062,1,2378950,2,2,1,1,0,2
3,13,062,1,3288562,1,1,1,1,96,9
3,13,062,1,3447088,1,1,1,1,86,2
3,13,062,1,3985402,1,1,1,1,0,1
3,13,062,1,4196481,1,1,1,2,66,2
3,13,062,1,4797397,1,1,1,1,87,1
3,13,062,1,4797630,2,1,1,2,84,1
3,13,062,1,4797630,2,1,2,1,91,1
3,13,062,1,4797673,1,1,1,1,76,1
3,13,062,1,5028215,1,1,1,2,21,1
3,13,062,1,5028352,1,1,1,1,72,1
3,13,062,1,5357236,1,1,1,1,56,2
3,13,062,1,5357366,2,1,1,1,90,1
3,13,062,1,5357366,2,2,1,1,19,1
3,13,062,1,5357395,1,1,1,1,30,1
3,13,062,1,5866681,1,2,1,2,72,2
3,13,062,1,5866914,1,1,1,2,79,2
3,13,062,1,5867021,1,1,1,1,21,1
3,13,062,1,5867030,1,1,1,1,80,2
3,13,062,1,6092446,1,1,1,1,77,1
3,13,062,1,6092472,1,1,1,2,74,2
3,13,062,1,7846922,1,1,1,2,2,1
3,13,062,1,7950746,1,1,1,2,62,2
3,13,062,1,7950746,1,1,2,2,59,2
3,13,062,2,2375840,1,1,1,2,97,1
3,13,062,2,2714014,1,1,1,2,0,1
3,13,062,2,3447034,1,1,1,2,57,1
3,13,062,2,4196066,1,1,1,1,74,1
3,13,062,2,4196132,1,1,1,1,101,2
3,13,062,2,4196845,1,1,1,1,90,1
3,13,062,2,4417210,1,1,1,1,89,1
3,13,062,2,4417429,1,1,1,2,86,1
3,13,062,2,4417433,1,1,1,2,74,2
3,13,062,2,4797390,1,1,1,2,63,2
3,13,062,2,4798279,1,1,1,1,97,1
3,13,062,2,4799512,1,1,1,1,79,1
3,13,062,2,5028186,1,1,1,1,1,1
3,13,062,2,5030884,1,1,1,1,82,1
3,13,062,2,5361461,2,1,1,1,72,2
3,13,062,2,5361797,1,1,1,1,44,1
3,13,062,2,5383126,1,1,1,1,75,1
3,13,062,2,5385522,1,1,1,1,68,1
3,13,062,2,5866847,1,1,1,2,88,1
3,13,062,2,5866868,1,1,1,2,76,1
3,13,062,2,5866875,1,1,1,1,73,1
3,13,062,2,5867000,1,1,1,2,89,1
3,13,062,2,5867026,1,1,1,1,70,2
3,13,062,2,6092469,1,1,1,2,79,1
3,13,062,2,6312296,1,1,1,1,30,1
3,13,062,2,8789308,1,1,1,2,62,1
3,13,062,3,8517931,1,1,1,1,67,1
3,13,062,3,8672726,1,1,1,1,45,2
3,13,074,1,498027,1,2,1,2,999,9
3,13,074,1,558011,1,1,1,1,78,1
3,13,074,1,558020,1,1,1,2,29,9
3,13,074,1,558020,1,1,2,1,28,9
3,13,074,1,658311,1,1,1,1,53,1
3,13,074,1,728273,1,1,1,1,63,9
3,13,074,1,728284,1,1,1,1,63,2
3,13,074,1,837612,1,1,1,1,91,2
3,13,074,1,848599,1,1,1,1,72,9
3,13,074,1,848616,1,1,1,2,66,2
3,13,074,1,931736,1,1,1,2,66,2
3,13,074,1,932904,1,1,1,1,95,1
3,13,074,1,1065762,1,1,1,1,100,2
3,13,074,1,1197473,3,1,1,2,64,1
3,13,074,1,1212161,1,1,1,2,98,2
3,13,074,1,1477324,1,1,1,2,34,1
3,13,074,1,1596520,2,1,1,1,84,2
3,13,074,1,1609016,1,1,1,2,74,2
3,13,074,1,1772040,1,1,1,1,80,2
3,13,074,1,2367876,1,1,1,1,27,2
3,13,074,1,2367876,1,1,2,2,66,2
3,13,074,1,2367884,1,1,1,2,27,1
3,13,074,1,2628067,2,1,1,1,34,1
3,13,074,1,2813595,1,1,1,1,88,1
3,13,074,1,2813754,1,1,1,1,0,2
3,13,074,1,2813754,1,1,2,1,0,2
3,13,074,1,2813754,1,1,3,1,0,2
3,13,074,1,2813754,1,1,4,1,0,2
3,13,074,1,2813754,1,1,5,1,0,2
3,13,074,1,2813754,1,1,6,1,0,2
3,13,074,1,2813754,1,1,7,1,0,2
3,13,074,1,2813754,1,1,8,1,0,2
3,13,074,1,3029659,1,1,1,2,31,1
3,13,074,1,3585413,1,1,1,2,93,9
3,13,074,1,3763552,1,1,1,2,14,1
3,13,074,1,3955800,1,1,1,1,72,1
3,13,074,1,4111612,2,1,1,1,101,1
3,13,074,1,4186705,1,1,1,2,30,1
3,13,074,1,4186705,1,1,2,1,30,1
3,13,074,1,4325855,1,1,1,2,26,1
3,13,074,1,4585186,1,1,1,1,42,1
3,13,074,1,4585222,1,1,1,1,0,2
3,13,074,1,4799541,1,1,1,2,63,2
3,13,074,1,5136376,1,1,1,1,64,2
3,13,074,1,5136433,1,1,1,1,0,2
3,13,074,1,5174693,1,1,1,2,52,1
3,13,074,1,5511056,1,1,1,1,2,2
3,13,074,1,5512226,1,1,1,1,78,2
3,13,074,1,5791792,1,1,1,1,47,1
3,13,074,1,6688551,1,1,1,1,83,1
3,13,074,1,14064029,1,1,1,1,71,2
3,13,074,1,14064070,2,2,1,2,83,1
3,13,074,1,900386299,1,1,1,2,0,1
3,13,074,1,901603618,1,1,1,1,60,1
3,13,074,2,3923954,1,1,1,1,64,9
3,13,074,2,4325439,1,1,1,2,81,2
3,13,074,2,4584746,1,1,1,2,97,2
3,13,074,2,4799828,1,1,1,1,46,2
3,13,074,2,5039067,1,1,1,1,80,2
3,13,074,2,5039077,1,1,1,1,26,2
3,13,074,2,5511249,1,1,1,2,79,2
3,13,074,2,7039143,1,1,1,2,89,9
3,13,074,2,7931651,1,1,1,2,63,1
3,13,074,2,7931661,1,1,1,2,95,1
3,13,074,2,8180383,1,1,1,1,85,1
3,13,074,2,8699961,1,1,1,1,14,1
3,13,074,2,8703817,1,1,1,1,88,1
3,13,074,2,9598570,1,2,1,2,29,1
3,13,074,2,9598704,1,1,1,2,60,2
3,13,074,2,9598763,1,1,1,2,59,1
3,13,074,3,5516536,1,1,1,2,57,2
3,13,074,3,5617411,1,1,1,2,63,2
3,13,074,3,8830508,1,1,1,1,75,1
3,13,074,3,9059039,1,1,1,1,0,2
3,13,074,3,9059039,1,1,2,1,0,2
3,13,074,3,9059039,1,1,3,1,0,2
3,13,074,3,9059039,1,1,4,2,0,2
3,13,074,3,9059039,1,1,5,1,0,2
3,13,074,3,9059039,1,1,6,1,2,2
3,13,074,3,9059039,1,1,7,2,0,2
3,13,074,3,9059039,1,1,8,2,0,2
3,13,074,3,9322242,1,1,1,1,54,2
3,13,074,3,9322266,2,1,1,1,89,2
3,13,074,3,9322478,1,1,1,2,83,1
3,13,074,3,10717625,1,1,1,1,0,2
3,13,074,3,10738402,1,1,1,1,0,9
3,13,074,3,10738419,1,1,1,2,5,9
3,13,074,3,10744169,1,1,1,1,56,2
3,13,074,3,10744236,1,1,1,2,42,1
3,13,074,3,11161481,1,1,1,1,94,1
3,13,074,3,13230514,2,1,1,2,48,1
3,13,074,3,13289899,1,1,1,1,63,2
3,13,074,3,14449216,1,1,1,1,0,2
3,13,074,3,14449382,1,1,1,2,52,2
3,13,074,3,14449825,1,2,1,2,70,2
3,13,074,3,14450263,1,3,1,1,90,2
3,13,074,3,15332412,1,1,1,1,28,2
3,13,074,3,15461241,1,1,1,1,78,2
3,13,074,3,15461257,1,1,1,1,73,2
3,13,074,3,15612725,1,1,1,2,86,2
3,13,074,3,16019606,1,2,1,1,81,1
3,13,074,3,16116955,1,1,1,2,58,1
3,13,074,3,16243838,1,1,1,2,55,2
3,13,074,3,16479230,1,1,1,1,91,1
3,13,074,3,16953505,1,1,1,1,0,2
3,13,074,3,16954567,1,1,1,2,28,2
3,13,074,3,105626885,1,2,1,2,18,2
3,13,140,1,1339326,1,2,1,1,0,9
3,13,140,1,1339791,3,1,1,1,76,1
3,13,140,1,1340373,2,1,1,1,71,1
3,13,140,1,1340747,1,1,1,2,2,1
3,13,140,1,2245163,14,1,1,1,76,1
3,13,140,1,2245257,2,1,1,2,74,1
3,13,140,1,2245327,1,2,1,1,50,1
3,13,140,1,2245475,1,1,1,2,8,1
3,13,140,1,2245706,1,1,1,1,74,1
3,13,140,1,2245735,2,1,1,2,0,1
3,13,140,1,2245737,1,1,1,1,97,1
3,13,140,1,2245927,1,1,1,2,82,1
3,13,140,1,2245934,1,1,1,1,28,1
3,13,140,1,2245934,1,1,2,2,8,1
3,13,140,1,2245934,1,1,3,2,7,1
3,13,140,1,2245970,1,1,1,1,80,2
3,13,140,1,2245992,1,1,1,1,53,1
3,13,140,1,2245997,12,1,1,2,69,1
3,13,140,1,2246085,3,1,1,1,46,1
3,13,140,1,2371536,1,1,1,2,79,1
3,13,140,1,2691073,1,1,1,1,41,1
3,13,140,1,2691219,1,1,1,1,40,2
3,13,140,1,2691231,1,1,1,1,26,1
3,13,140,1,2691242,1,1,1,1,65,1
3,13,140,1,2691401,1,1,1,2,88,9
3,13,140,1,3039713,1,1,1,1,57,1
3,13,140,1,3063276,1,1,1,2,45,1
3,13,140,1,3063771,3,1,1,1,83,1
3,13,140,1,3063819,6,1,1,2,90,1
3,13,140,1,3066259,1,1,1,1,37,1
3,13,140,1,3066578,1,1,1,2,0,1
3,13,140,1,3066578,1,1,2,2,1,1
3,13,140,1,3066809,1,1,1,2,88,1
3,13,140,1,3066852,1,1,1,2,78,1
3,13,140,1,3066852,1,1,2,1,21,1
3,13,140,1,4178946,1,1,1,1,84,1
3,13,140,1,4178946,1,1,2,1,49,1
3,13,140,1,4182883,1,1,1,2,30,1
3,13,140,1,4407492,1,1,1,2,32,2
3,13,140,1,4409694,1,1,1,1,88,1
3,13,140,1,4810752,1,1,1,2,70,1
3,13,140,1,5011311,1,1,1,2,75,1
3,13,140,1,5011435,1,1,1,2,39,1
3,13,140,1,5011435,1,1,2,2,80,1
3,13,140,1,5011445,1,1,1,1,76,1
3,13,140,1,5336350,1,1,1,2,56,1
3,13,140,1,5336393,1,1,1,1,86,1
3,13,140,1,5336897,1,1,1,2,88,1
3,13,140,1,5883923,1,1,1,1,94,1
3,13,140,1,5883967,1,1,1,1,0,9
3,13,140,1,5884242,1,1,1,1,68,1
3,13,140,1,5884262,1,1,1,1,78,1
3,13,140,1,5884262,1,1,2,2,63,1
3,13,140,1,5884280,1,1,1,2,86,1
3,13,140,1,5884378,1,1,1,1,82,1
3,13,140,1,6099487,2,1,1,1,83,1
3,13,140,1,6744516,1,1,1,1,82,1
3,13,140,1,6749171,1,1,1,2,64,1
3,13,140,1,6749324,1,1,1,1,68,1
3,13,140,1,6936849,1,1,1,2,86,2
3,13,140,1,6936849,1,1,2,1,52,1
3,13,140,1,7202851,2,1,1,1,1,2
3,13,140,1,7202877,1,1,1,2,22,1
3,13,140,1,7440818,1,1,1,1,52,1
3,13,140,1,7440846,1,1,1,1,76,1
3,13,140,1,10083608,1,1,1,1,81,1
3,13,140,1,13386698,1,1,1,1,39,1
3,13,140,1,113269025,1,1,1,1,0,1
3,13,140,1,113269025,1,1,2,2,0,1
3,13,140,1,113269026,3,1,1,1,68,1
3,13,140,1,113269026,3,1,2,1,26,1
3,13,140,1,203351792,1,1,1,1,36,1
3,13,140,1,900359371,1,1,1,1,40,9
3,13,140,1,900473739,1,1,1,1,56,1
3,13,140,1,901177527,1,1,1,1,74,1
3,13,140,2,2190581,1,1,1,1,78,1
3,13,140,2,2371481,1,1,1,2,51,1
3,13,140,2,3036078,1,1,1,1,59,9
3,13,140,2,3460183,1,1,1,1,68,1
3,13,140,2,3460217,1,1,1,1,60,1
3,13,140,2,5017284,1,1,1,2,82,2
3,13,140,2,5336106,1,1,1,2,4,1
3,13,140,2,5336689,1,1,1,1,8,1
3,13,140,2,5883981,1,1,1,1,84,1
3,13,140,2,6745137,1,1,1,2,0,1
3,13,140,2,6931396,1,1,1,1,74,2
3,13,140,2,6936858,1,1,1,1,99,1
3,13,140,2,7830509,1,1,1,1,78,1
3,13,140,2,7830874,1,1,1,2,60,1
3,13,140,2,8069927,1,1,1,2,73,9
3,13,140,2,8745370,1,1,1,1,87,1
3,13,140,2,8745444,1,1,1,2,76,2
3,13,140,2,8745810,1,1,1,2,70,1
3,13,140,2,8746154,1,1,1,2,90,1
3,13,140,2,8747098,1,1,1,1,88,1
3,13,140,2,8976711,1,1,1,1,59,1
3,13,140,2,8976764,1,1,1,2,48,1
3,13,140,2,8976833,2,1,1,1,64,1
3,13,140,2,9436768,1,1,1,1,0,1
3,13,140,2,9565143,2,1,1,2,0,1
3,13,140,2,9565699,1,1,1,1,78,1
3,13,140,2,9813806,1,1,1,1,69,2
3,13,140,2,10077299,1,1,1,1,35,1
3,13,140,2,10077486,1,1,1,1,81,1
3,13,140,2,10077886,1,1,1,2,86,1
3,13,140,2,10576877,1,1,1,2,60,1
3,13,140,2,10576921,1,1,1,1,20,1
3,13,140,2,10577755,1,1,1,1,65,9
3,13,140,2,10578092,1,1,1,1,26,1
3,13,140,2,10778702,1,1,1,2,87,1
3,13,140,2,10778783,1,1,1,2,60,1
3,13,140,2,10930720,1,1,1,2,84,1
3,13,140,2,10930814,1,1,1,2,87,1
3,13,140,2,11219658,1,1,1,2,59,1
3,13,140,2,108378388,2,1,1,2,91,1
3,13,160,1,2735888,1,1,1,2,69,1
3,13,160,1,2743633,2,1,1,2,75,1
3,13,160,1,2744273,2,2,1,1,64,1
3,13,160,1,2745154,1,1,1,1,60,1
3,13,160,1,2759563,1,1,1,1,74,1
3,13,160,1,2764246,1,1,1,1,27,1
3,13,160,1,2764638,1,1,1,2,104,1
3,13,160,1,3228901,1,1,1,1,96,1
3,13,160,1,4094596,2,1,1,1,20,2
3,13,160,1,4094596,2,1,2,2,85,2
3,13,160,1,4446231,1,1,1,1,46,2
3,13,160,1,5893892,2,1,1,1,48,1
3,13,160,1,900944686,1,1,1,1,58,1
3,13,160,1,901442074,1,1,1,2,56,1
3,13,160,1,901696035,1,1,1,1,77,1
3,13,160,1,901696035,1,1,2,2,81,1
3,13,160,2,2741241,1,1,1,1,83,2
3,13,160,2,2761152,1,1,1,1,21,1
3,13,160,2,4624216,1,1,1,1,0,2
3,13,160,3,2743629,1,1,1,2,2,9
3,13,160,3,2743642,1,1,1,2,2,9
3,13,160,3,3461320,1,1,1,2,62,2
3,13,160,3,5659761,13,1,1,2,1,9
3,13,160,3,7086670,36,1,1,2,1,2
3,13,160,3,7086787,1,1,1,1,37,1
3,13,160,3,7086919,19,1,1,2,1,2
3,13,160,3,7086929,18,1,1,1,1,2
3,13,160,3,7087042,5,1,1,2,13,2
3,13,160,3,9729652,107,1,1,1,1,2
3,13,160,3,9729710,95,1,1,1,1,2
3,13,160,3,12381380,15,1,1,1,70,9
3,13,160,3,12382726,8,1,1,1,81,1
3,13,188,1,252651,1,1,1,1,96,1
3,13,188,1,304135,1,1,1,2,86,1
3,13,188,1,304141,1,1,1,2,86,1
3,13,188,1,1624396,1,1,1,2,72,1
3,13,188,1,2114099,1,1,1,1,58,1
3,13,188,1,2607944,1,1,1,1,72,1
3,13,188,1,2607944,1,1,2,2,64,1
3,13,188,1,2766952,1,1,1,1,0,1
3,13,188,1,2766952,1,1,2,2,0,1
3,13,188,1,2991590,1,1,1,2,0,1
3,13,188,1,2992296,1,1,1,1,7,2
3,13,188,1,2992755,1,1,1,1,77,2
3,13,188,1,2992755,1,1,2,2,73,2
3,13,188,1,3197962,1,2,1,1,60,1
3,13,188,1,3225300,1,1,1,1,12,2
3,13,188,1,3341398,1,1,1,1,27,1
3,13,188,1,4161389,1,1,1,1,32,1
3,13,188,1,4161877,2,1,1,2,57,1
3,13,188,1,4335668,1,1,1,1,19,2
3,13,188,1,4589399,1,2,1,1,37,1
3,13,188,1,4764309,1,1,1,1,70,9
3,13,188,1,4765448,1,1,1,1,37,2
3,13,188,1,4960451,2,1,1,1,107,9
3,13,188,1,4960672,1,1,1,2,81,9
3,13,188,1,4960737,1,1,1,1,83,9
3,13,188,1,4960771,1,1,1,1,84,9
3,13,188,1,4961493,1,1,1,2,81,1
3,13,188,1,4961618,1,1,1,1,60,1
3,13,188,1,5157789,1,1,1,2,66,1
3,13,188,1,5354377,1,1,1,1,40,1
3,13,188,1,5354677,1,1,1,2,32,2
3,13,188,1,5354700,1,2,1,1,61,2
3,13,188,1,5354824,1,1,1,1,78,1
3,13,188,1,5783573,1,1,1,1,89,2
3,13,188,1,5783632,1,1,1,1,97,1
3,13,188,1,6045047,1,1,1,2,66,1
3,13,188,1,6047080,1,1,1,2,94,1
3,13,188,1,6271125,1,1,1,1,89,1
3,13,188,1,6271329,1,1,1,1,88,1
3,13,188,1,6503077,1,1,1,1,47,1
3,13,188,1,6505088,1,1,1,1,87,1
3,13,188,1,6505175,1,1,1,2,86,1
3,13,188,1,6741249,1,1,1,2,84,1
3,13,188,1,6743339,1,1,1,1,47,9
3,13,188,1,6750783,1,1,1,1,0,1
3,13,188,1,6750879,1,1,1,2,66,1
3,13,188,1,6895438,1,1,1,1,64,1
3,13,188,1,6895512,1,1,1,1,88,1
3,13,188,1,6895526,1,1,1,2,95,1
3,13,188,1,7171067,1,1,1,1,73,1
3,13,188,1,7172672,42,1,1,1,88,1
3,13,188,1,7317200,1,1,1,1,86,1
3,13,188,1,7318453,85,1,1,1,80,1
3,13,188,1,7318611,1,1,1,1,82,1
3,13,188,1,7318611,1,1,2,2,71,1
3,13,188,2,557039,1,1,1,2,37,9
3,13,188,2,557487,1,2,1,1,88,1
3,13,188,2,650503,1,1,1,1,98,1
3,13,188,2,828326,1,1,1,1,93,9
3,13,188,2,3620979,1,1,1,1,62,1
3,13,188,2,4161566,1,1,1,1,72,1
3,13,188,2,4164066,1,1,1,1,0,2
3,13,188,2,4335838,1,1,1,1,23,1
3,13,188,2,4587248,1,1,1,2,65,2
3,13,188,2,4591728,1,2,1,2,96,1
3,13,188,2,4761959,1,1,1,1,44,1
3,13,188,2,5353300,1,1,1,1,83,2
3,13,188,2,5353859,1,1,1,1,90,9
3,13,188,2,5353859,1,1,2,2,96,2
3,13,188,2,5353859,1,2,1,1,0,2
3,13,188,2,5529578,1,1,1,1,90,2
3,13,188,2,5530791,1,1,1,2,0,2
3,13,188,2,9579530,1,1,1,2,53,1
3,13,188,2,9580781,1,1,1,2,57,1
3,13,188,2,9775842,1,1,1,1,9,9
3,13,188,2,10077679,1,2,1,1,93,9
3,13,188,2,10078800,1,1,1,1,59,1
3,13,188,2,10330176,1,1,1,2,29,1
3,13,188,2,10331979,1,2,1,1,73,1
3,13,188,2,10602268,1,1,1,2,52,1
3,13,188,2,10704031,1,1,1,1,40,1
3,13,188,2,10912566,1,1,1,1,8,1
3,13,188,3,1343844,2,1,1,1,1,2
3,13,188,3,1937246,3,1,1,1,84,1
3,13,188,3,7542092,5,3,1,1,0,1
3,13,188,3,12988331,1,1,1,1,35,1
3,13,188,3,13186719,2,1,1,1,70,2
3,13,212,1,8104,1,1,1,1,91,1
3,13,212,1,11992,1,1,1,2,95,1
3,13,212,1,11993,1,1,1,2,93,1
3,13,212,1,26733,1,1,1,2,97,9
3,13,212,1,43050,1,1,1,1,25,9
3,13,212,1,43051,2,1,1,2,78,1
3,13,212,1,89887,1,1,1,1,58,1
3,13,212,1,109359,1,1,1,2,84,1
3,13,212,1,109359,1,1,2,2,85,1
3,13,212,1,269299,1,1,1,2,66,1
3,13,212,1,269303,1,1,1,1,8,1
3,13,212,1,269328,1,1,1,2,71,1
3,13,212,1,286962,1,1,1,1,86,1
3,13,212,1,334229,1,1,1,1,71,1
3,13,212,1,334935,1,1,1,2,100,2
3,13,212,1,362553,1,1,1,1,65,9
3,13,212,1,363211,1,1,1,1,79,1
3,13,212,1,488765,1,1,1,2,82,2
3,13,212,1,488791,1,1,1,1,74,9
3,13,212,1,750465,1,1,1,2,69,1
3,13,212,1,750465,1,1,2,1,79,1
3,13,212,1,750507,1,1,1,2,60,1
3,13,212,1,750507,1,2,1,2,60,1
3,13,212,1,940018,1,1,1,1,90,1
3,13,212,1,1761386,1,1,1,2,0,1
3,13,212,1,2516536,4,1,1,2,81,9
3,13,212,2,26176,1,1,1,1,55,2
3,13,212,2,26246,1,1,1,1,30,2
3,13,212,2,43069,1,2,1,1,63,9
3,13,212,2,89867,1,1,1,1,76,2
3,13,212,2,89907,1,1,1,2,41,9
3,13,212,2,90483,1,1,1,1,85,1
3,13,212,2,109292,1,1,1,2,63,9
3,13,212,2,109330,1,1,1,2,72,9
3,13,212,2,109347,1,1,1,2,49,9
3,13,212,2,187845,1,1,1,2,39,1
3,13,212,2,187851,1,1,1,2,88,1
3,13,212,2,187862,1,1,1,1,43,1
3,13,212,2,187875,1,1,1,2,40,2
3,13,212,2,420389,1,1,1,1,82,1
3,13,212,2,420495,1,1,1,2,90,9
3,13,212,2,488833,1,1,1,1,65,2
3,13,212,2,488833,1,1,2,2,73,1
3,13,212,2,569613,1,1,1,1,84,1
3,13,212,2,940453,1,1,1,1,56,1
3,13,212,2,1124094,1,1,1,1,38,1
3,13,212,2,1124261,1,1,1,1,78,9
3,13,212,2,1124307,1,1,1,1,17,9
3,13,212,2,1175908,1,1,1,1,76,1
3,13,212,2,1175908,1,2,1,1,76,1
3,13,212,2,1346314,1,1,1,1,60,1
3,13,212,2,1346364,1,1,1,1,88,9
3,13,212,2,1346380,1,1,1,2,63,9
3,13,212,2,1346380,1,1,2,1,65,9
3,13,212,2,1351213,1,1,1,1,82,2
3,13,212,2,1484404,1,1,1,2,73,2
3,13,212,2,1484708,1,2,1,1,89,2
3,13,212,2,1484756,1,1,1,1,58,1
3,13,212,2,1484884,1,1,1,2,55,1
3,13,212,2,1615040,1,1,1,1,0,2
3,13,212,2,1615040,1,1,2,1,0,9
3,13,212,2,1615040,1,1,3,1,33,9
3,13,212,2,1615058,1,3,1,1,47,9
3,13,212,2,1615209,1,1,1,2,100,9
3,13,212,2,1760832,1,1,1,2,100,9
3,13,212,2,1760832,1,1,2,1,88,9
3,13,212,2,2185377,1,1,1,2,70,1
3,13,212,2,2185387,1,1,1,1,76,1
3,13,212,2,2185411,1,1,1,1,61,9
3,13,212,2,2185414,1,1,1,1,29,1
3,13,212,2,2185415,1,1,1,1,80,2
3,13,212,2,2810181,1,1,1,2,2,1
3,13,212,2,2991216,1,1,1,2,75,9
3,13,212,2,3399144,1,1,1,1,92,1
3,13,212,2,3399144,1,1,2,2,42,1
3,13,212,2,3399981,1,1,1,1,57,1
3,13,212,2,3400082,1,1,1,2,73,1
3,13,212,2,3604727,1,1,1,1,29,2
3,13,212,2,3604767,1,1,1,1,54,1
3,13,212,2,3832871,1,1,1,1,92,1
3,13,212,2,3832959,1,1,1,2,72,1
3,13,212,2,4251994,1,1,1,1,74,1
3,13,212,2,4252056,1,1,1,2,70,1
3,13,212,2,4805704,1,1,1,1,33,9
3,13,212,2,5330563,1,1,1,1,34,9
3,13,212,2,5696108,1,1,1,2,0,9
3,13,212,2,6104248,1,2,1,2,80,9
3,13,212,2,6104264,2,1,1,2,55,1
3,13,212,2,6202193,1,1,1,1,72,1
3,13,212,2,6903775,1,1,1,1,65,2
3,13,212,2,6903775,1,1,2,1,75,1
3,13,212,2,6904062,1,1,1,2,46,1
3,13,212,3,568987,1,1,1,1,84,9
3,13,212,3,651110,1,1,1,1,72,9
3,13,212,3,841215,1,1,1,1,54,2
3,13,212,3,5046944,1,1,1,1,82,9
3,13,212,3,5328738,1,1,1,1,0,2
3,13,212,3,6104252,1,1,1,1,87,1
3,13,212,3,7204256,1,1,1,1,1,2
3,13,222,1,313825,1,2,1,1,49,1
3,13,222,1,313829,1,1,1,1,65,1
3,13,222,1,313912,1,1,1,1,83,1
3,13,222,1,313966,1,1,1,1,52,1
3,13,222,1,313980,1,1,1,1,51,1
3,13,222,1,314127,1,1,1,2,84,9
3,13,222,1,314127,1,1,2,2,84,9
3,13,222,1,314198,1,1,1,1,83,1
3,13,222,1,314198,1,2,1,1,83,1
3,13,222,1,314201,1,1,1,2,63,9
3,13,222,1,314349,1,1,1,1,81,1
3,13,222,1,1161782,1,1,1,1,50,1
3,13,222,1,1161903,11,1,1,1,25,1
3,13,222,1,1162023,1,1,1,1,97,1
3,13,222,1,1162083,1,1,1,1,19,1
3,13,222,1,1162113,1,1,1,1,73,1
3,13,222,1,1162246,1,1,1,1,24,2
3,13,222,1,1162263,1,1,1,1,30,2
3,13,222,1,1278671,1,1,1,1,34,9
3,13,222,1,1402881,1,1,1,1,80,1
3,13,222,1,1402902,1,3,1,2,48,1
3,13,222,1,1402917,1,1,1,2,52,1
3,13,222,1,1693057,1,1,1,1,0,9
3,13,222,1,1693101,1,1,1,2,88,2
3,13,222,1,1866997,1,2,1,2,70,1
3,13,222,1,2023670,1,1,1,2,75,1
3,13,222,1,2380009,1,1,1,2,91,1
3,13,222,1,2510753,1,2,1,2,57,1
3,13,222,1,2696201,1,1,1,1,45,1
3,13,222,1,2986048,1,1,1,1,21,1
3,13,222,1,3005781,1,1,1,1,60,1
3,13,222,1,3188061,1,1,1,2,28,1
3,13,222,1,3360640,1,2,1,1,0,1
3,13,222,1,3360640,1,2,2,1,48,1
3,13,222,1,3776042,1,1,1,1,102,1
3,13,222,1,3970905,1,1,1,1,0,1
3,13,222,1,3970913,2,1,1,1,93,1
3,13,222,1,3970956,1,1,1,1,53,1
3,13,222,1,4150624,1,1,1,1,76,1
3,13,222,1,4150624,1,1,2,1,84,1
3,13,222,1,4387692,1,2,1,2,64,1
3,13,222,1,4387745,1,1,1,1,84,1
3,13,222,1,4391439,2,1,1,1,49,1
3,13,222,1,4619801,1,1,1,2,0,1
3,13,222,1,4620440,1,1,1,1,78,1
3,13,222,1,4766789,1,2,1,1,25,9
3,13,222,1,4766855,1,1,1,1,58,2
3,13,222,1,5127968,3,2,1,1,55,9
3,13,222,1,5539261,1,2,1,1,24,1
3,13,222,1,6226741,1,1,1,2,23,1
3,13,222,1,6227311,1,1,1,2,45,1
3,13,222,1,6697206,2,1,1,1,51,1
3,13,222,1,6697339,1,1,1,2,84,1
3,13,222,1,6697470,3,1,1,2,97,1
3,13,222,1,6878134,1,1,1,1,82,1
3,13,222,1,7350504,1,2,1,1,90,1
3,13,222,1,7588640,1,1,1,1,77,1
3,13,222,1,7588658,1,1,1,1,72,1
3,13,222,1,7767437,1,1,1,1,96,1
3,13,222,1,7767550,1,1,1,2,48,1
3,13,222,1,8171502,1,1,1,1,23,1
3,13,222,1,8416681,1,1,1,2,84,1
3,13,222,1,8418493,1,1,1,1,1,1
3,13,222,1,8846963,1,1,1,2,81,1
3,13,222,1,8847056,1,1,1,1,86,1
3,13,222,1,9292090,2,1,1,2,84,1
3,13,222,1,9582540,1,1,1,2,50,1
3,13,222,1,10222222,1,1,1,1,85,2
3,13,222,1,10222222,1,1,2,1,2,9
3,13,222,1,10222222,1,1,3,1,6,9
3,13,222,1,10222222,1,1,4,1,45,9
3,13,222,1,10222222,1,1,5,1,69,2
3,13,222,1,10222222,1,1,6,1,22,2
3,13,222,1,10222222,1,1,7,1,32,2
3,13,222,1,10222222,1,1,8,1,11,9
3,13,222,1,900376619,1,1,1,2,87,2
3,13,222,1,900463444,1,1,1,2,91,1
3,13,222,2,313811,1,1,1,2,0,2
3,13,222,2,313811,1,1,2,1,0,2
3,13,222,2,313816,1,3,1,2,51,9
3,13,222,2,313924,1,1,1,1,52,2
3,13,222,2,313932,1,1,1,2,52,2
3,13,222,2,3533470,1,1,1,2,29,9
3,13,222,2,3535179,1,1,1,1,75,1
3,13,222,3,313769,1,2,1,2,78,2
3,13,222,3,331822,1,1,1,1,0,1
3,13,222,3,1770959,1,1,1,2,66,1
3,13,222,3,2380018,1,1,1,2,78,1
3,13,222,3,4150093,1,1,1,2,34,1
3,13,244,1,7014,1,1,1,1,76,1
3,13,244,1,7019,1,1,1,1,22,1
3,13,244,1,7042,1,1,1,1,2,1
3,13,244,1,16192,1,1,1,2,30,1
3,13,244,1,16258,3,1,1,1,77,2
3,13,244,1,16584,1,1,1,1,58,1
3,13,244,1,17740,1,1,1,1,73,1
3,13,244,1,60175,1,1,1,1,42,1
3,13,244,1,60191,2,1,1,1,13,1
3,13,244,1,60212,2,1,1,1,49,1
3,13,244,1,60227,1,1,1,1,49,2
3,13,244,1,60231,1,1,1,1,45,1
3,13,244,1,60248,1,1,1,1,59,1
3,13,244,1,60256,2,1,1,1,52,1
3,13,244,1,61027,1,1,1,1,96,1
3,13,244,1,61353,1,1,1,1,54,2
3,13,244,1,95144,1,1,1,2,90,2
3,13,244,1,95155,1,1,1,1,93,1
3,13,244,1,95581,1,2,1,2,84,1
3,13,244,1,95643,1,1,1,2,77,1
3,13,244,1,95653,1,1,1,1,92,1
3,13,244,1,95738,1,1,1,2,52,9
3,13,244,1,95744,1,1,1,2,52,9
3,13,244,1,95744,1,2,1,2,52,9
3,13,244,1,95757,1,1,1,1,0,9
3,13,244,1,95862,1,1,1,1,101,1
3,13,244,1,95863,1,1,1,1,73,1
3,13,244,1,132088,1,1,1,2,92,1
3,13,244,1,132250,1,1,1,2,85,1
3,13,244,1,132256,1,1,1,1,99,1
3,13,244,1,132445,1,1,1,1,42,2
3,13,244,1,132456,1,1,1,1,56,1
3,13,244,1,132462,1,1,1,1,47,9
3,13,244,1,132559,1,2,1,2,25,1
3,13,244,1,159758,1,1,1,1,72,1
3,13,244,1,159771,1,1,1,1,49,1
3,13,244,1,159784,2,1,1,1,90,1
3,13,244,1,159794,1,1,1,2,69,1
3,13,244,1,167490,1,1,1,1,77,1
3,13,244,1,167530,1,1,1,2,85,1
3,13,244,1,167538,3,1,1,2,70,1
3,13,244,1,216584,1,1,1,1,39,1
3,13,244,1,216645,1,1,1,1,72,1
3,13,244,1,216645,1,1,2,1,41,1
3,13,244,1,216676,1,1,1,1,29,1
3,13,244,1,216748,1,1,1,2,20,1
3,13,244,1,216756,1,1,1,1,78,1
3,13,244,1,261020,1,1,1,1,90,1
3,13,244,1,261054,1,1,1,2,98,1
3,13,244,1,261101,1,1,1,2,55,1
3,13,244,1,261144,1,1,1,1,85,1
3,13,244,1,261151,1,2,1,2,67,9
3,13,244,1,318986,4,1,1,2,45,1
3,13,244,1,318986,4,1,2,2,40,1
3,13,244,1,318996,1,1,1,2,80,1
3,13,244,1,319045,1,1,1,2,88,1
3,13,244,1,319046,1,1,1,1,55,1
3,13,244,1,319071,1,1,1,1,90,9
3,13,244,1,319074,1,1,1,1,93,1
3,13,244,1,319081,1,1,1,2,72,9
3,13,244,1,319092,2,1,1,1,77,1
3,13,244,1,319102,1,1,1,1,82,1
3,13,244,1,319115,1,1,1,1,87,1
3,13,244,1,319124,2,1,1,2,70,1
3,13,244,1,319124,2,1,2,1,72,1
3,13,244,1,319131,1,2,1,1,49,1
3,13,244,1,372441,1,1,1,2,21,1
3,13,244,1,372467,1,1,1,1,75,1
3,13,244,1,379216,2,1,1,1,78,1
3,13,244,1,386673,1,1,1,1,64,1
3,13,244,1,386873,1,1,1,2,84,1
3,13,244,1,387169,1,1,1,1,67,1
3,13,244,1,389751,2,1,1,1,82,1
3,13,244,1,391054,2,1,1,2,85,1
3,13,244,1,391074,1,1,1,1,70,2
3,13,244,1,393613,1,1,1,1,22,1
3,13,244,1,393764,1,1,1,1,92,1
3,13,244,1,394111,1,1,1,1,0,1
3,13,244,1,394163,1,1,1,1,60,1
3,13,244,1,394217,1,1,1,1,46,1
3,13,244,1,452252,1,1,1,1,67,1
3,13,244,1,452260,1,1,1,1,78,1
3,13,244,1,452272,1,1,1,1,85,1
3,13,244,1,452308,1,1,1,2,91,1
3,13,244,1,459570,1,1,1,1,71,1
3,13,244,1,459571,1,1,1,2,36,1
3,13,244,1,482015,1,1,1,2,95,1
3,13,244,1,482139,1,1,1,2,83,1
3,13,244,1,482208,1,1,1,1,23,1
3,13,244,1,482601,1,1,1,1,69,1
3,13,244,1,482601,1,3,1,1,72,1
3,13,244,1,486669,1,1,1,1,90,1
3,13,244,1,584750,1,1,1,1,64,1
3,13,244,1,584789,2,1,1,1,27,1
3,13,244,1,584993,1,1,1,2,100,1
3,13,244,1,585333,1,1,1,2,56,1
3,13,244,1,695140,1,1,1,1,69,1
3,13,244,1,696395,2,1,1,2,65,1
3,13,244,1,696431,1,1,1,1,64,1
3,13,244,1,697301,1,1,1,1,91,1
3,13,244,1,700355,1,1,1,2,78,1
3,13,244,1,706016,1,1,1,2,62,1
3,13,244,1,707136,2,1,1,1,42,2
3,13,244,1,786617,1,1,1,2,36,9
3,13,244,1,786671,1,1,1,1,90,1
3,13,244,1,786685,1,1,1,1,81,1
3,13,244,1,786941,1,1,1,1,29,1
3,13,244,1,843750,1,1,1,1,54,1
3,13,244,1,843761,1,1,1,2,0,1
3,13,244,1,843934,1,1,1,2,56,1
3,13,244,1,874511,1,1,1,2,81,1
3,13,244,1,874544,1,1,1,2,83,1
3,13,244,1,874564,1,1,1,2,79,1
3,13,244,1,941710,1,1,1,1,71,1
3,13,244,1,987601,1,3,1,2,88,1
3,13,244,1,987609,3,2,1,1,96,1
3,13,244,1,987615,1,1,1,1,63,1
3,13,244,1,1095318,1,1,1,1,75,1
3,13,244,1,1095379,1,2,1,1,80,1
3,13,244,1,1095391,2,1,1,1,39,1
3,13,244,1,1096047,1,1,1,2,69,1
3,13,244,1,1224180,1,1,1,1,72,2
3,13,244,1,1224248,1,1,1,1,89,1
3,13,244,1,1224451,1,1,1,2,52,1
3,13,244,1,1224958,2,1,1,2,46,1
3,13,244,1,1224972,1,1,1,2,94,1
3,13,244,1,1225148,1,1,1,1,59,1
3,13,244,1,1226551,1,1,1,1,58,1
3,13,244,1,1367884,1,1,1,2,63,9
3,13,244,1,1367907,1,1,1,2,85,1
3,13,244,1,1367915,1,1,1,1,94,9
3,13,244,1,1369481,1,1,1,2,66,1
3,13,244,1,1505787,1,1,1,2,102,1
3,13,244,1,1535255,1,1,1,1,32,1
3,13,244,1,1535256,1,1,1,1,84,1
3,13,244,1,1535627,1,1,1,2,39,1
3,13,244,1,1535767,1,1,1,1,70,1
3,13,244,1,1536150,1,1,1,2,103,1
3,13,244,1,1675599,1,1,1,2,85,1
3,13,244,1,1675600,1,1,1,1,27,1
3,13,244,1,1693195,1,1,1,1,49,1
3,13,244,1,1693195,1,2,1,1,49,1
3,13,244,1,1693195,1,3,1,1,49,1
3,13,244,1,1816446,1,1,1,1,76,1
3,13,244,1,2003317,1,1,1,1,67,1
3,13,244,1,2003317,1,2,1,1,46,1
3,13,244,1,2003361,1,1,1,1,67,1
3,13,244,1,2003431,1,1,1,1,26,1
3,13,244,1,2003517,1,1,1,2,92,1
3,13,244,1,2003524,1,1,1,1,58,9
3,13,244,1,2101432,1,1,1,2,92,1
3,13,244,1,2101968,1,1,1,2,39,1
3,13,244,1,2101968,1,1,2,1,55,1
3,13,244,1,2104286,1,1,1,1,45,2
3,13,244,1,2107363,1,1,1,1,86,1
3,13,244,1,2108873,1,1,1,1,80,1
3,13,244,1,2111825,3,1,1,1,86,1
3,13,244,1,2304453,1,1,1,1,84,1
3,13,244,1,2304492,1,1,1,2,98,1
3,13,244,1,2307055,1,1,1,1,0,9
3,13,244,1,2307101,1,1,1,1,93,1
3,13,244,1,2308651,1,1,1,2,1,9
3,13,244,1,2308826,1,1,1,2,53,1
3,13,244,1,2518157,1,1,1,1,72,1
3,13,244,1,2518568,1,1,1,1,23,1
3,13,244,1,2522120,1,1,1,1,74,1
3,13,244,1,2524180,1,2,1,1,88,1
3,13,244,1,2652504,2,1,1,1,41,1
3,13,244,1,2655860,1,1,1,1,47,1
3,13,244,1,2655909,1,1,1,2,95,1
3,13,244,1,2668668,1,1,1,1,24,9
3,13,244,1,2855380,1,1,1,1,0,9
3,13,244,1,2855427,1,1,1,1,54,1
3,13,244,1,2857506,1,1,1,1,79,1
3,13,244,1,2866209,1,1,1,2,62,1
3,13,244,1,2868676,1,1,1,1,82,1
3,13,244,1,2869478,1,1,1,1,73,1
3,13,244,1,2871416,1,1,1,1,67,9
3,13,244,1,3107646,1,1,1,1,91,1
3,13,244,1,3229657,1,1,1,2,65,1
3,13,244,1,3229697,1,1,1,1,94,1
3,13,244,1,3229815,1,1,1,1,34,1
3,13,244,1,3229841,1,1,1,2,56,1
3,13,244,1,3229851,1,1,1,2,48,1
3,13,244,1,3249223,1,1,1,2,97,1
3,13,244,1,3249223,1,1,2,1,88,2
3,13,244,1,3249577,1,1,1,2,89,1
3,13,244,1,3294058,2,1,1,1,91,1
3,13,244,1,3294058,2,1,2,2,76,1
3,13,244,1,3473533,1,1,1,1,81,1
3,13,244,1,3473973,1,1,1,2,80,1
3,13,244,1,3475115,1,1,1,2,23,9
3,13,244,1,3475195,1,1,1,1,75,1
3,13,244,1,3578483,1,1,1,1,57,1
3,13,244,1,3578502,1,1,1,1,0,1
3,13,244,1,3578683,1,1,1,1,20,1
3,13,244,1,3620344,1,1,1,2,58,1
3,13,244,1,3641878,1,1,1,1,84,1
3,13,244,1,3641891,2,1,1,1,46,1
3,13,244,1,3641920,1,2,1,1,95,1
3,13,244,1,3642014,5,1,1,2,64,1
3,13,244,1,3642056,1,1,1,2,79,1
3,13,244,1,3656823,1,1,1,1,72,1
3,13,244,1,3720295,1,1,1,1,60,1
3,13,244,1,3721024,1,1,1,1,38,1
3,13,244,1,3722986,1,1,1,2,83,1
3,13,244,1,3724176,2,1,1,1,60,1
3,13,244,1,3725523,1,1,1,1,0,2
3,13,244,1,3725571,1,1,1,1,20,1
3,13,244,1,3857964,1,1,1,1,40,1
3,13,244,1,4037667,1,1,1,2,73,9
3,13,244,1,4037778,1,1,1,2,84,1
3,13,244,1,4247506,1,1,1,1,87,1
3,13,244,1,4247564,1,1,1,1,25,1
3,13,244,1,4247578,1,1,1,2,0,1
3,13,244,1,4556742,2,1,1,2,84,1
3,13,244,1,4625218,1,1,1,1,59,1
3,13,244,1,4625678,1,1,1,1,22,1
3,13,244,1,4625678,1,2,1,1,22,1
3,13,244,1,4625678,1,3,1,1,22,1
3,13,244,1,4625908,1,1,1,1,93,1
3,13,244,1,4704556,1,1,1,1,65,2
3,13,244,1,4704698,1,1,1,1,75,9
3,13,244,1,4704897,1,1,1,1,87,1
3,13,244,1,4704971,1,1,1,2,62,1
3,13,244,1,4708087,1,1,1,1,82,1
3,13,244,1,4708855,1,2,1,1,78,1
3,13,244,1,4711867,1,1,1,1,33,1
3,13,244,1,4712633,1,1,1,1,32,1
3,13,244,1,4943500,1,1,1,1,87,1
3,13,244,1,4943706,1,1,1,1,26,1
3,13,244,1,4943748,1,1,1,2,77,1
3,13,244,1,4945936,1,1,1,2,36,1
3,13,244,1,5262255,1,1,1,1,92,1
3,13,244,1,5312259,1,1,1,2,50,1
3,13,244,1,5312701,1,1,1,1,98,1
3,13,244,1,5313457,1,1,1,2,42,1
3,13,244,1,5313770,1,1,1,1,0,2
3,13,244,1,5313851,1,1,1,2,88,1
3,13,244,1,5678699,1,1,1,2,66,9
3,13,244,1,5678909,1,1,1,2,71,1
3,13,244,1,5679353,1,1,1,1,63,1
3,13,244,1,5814159,2,1,1,2,45,1
3,13,244,1,5814208,2,1,1,1,72,1
3,13,244,1,5814266,1,1,1,1,75,1
3,13,244,1,5814415,1,1,1,1,82,1
3,13,244,1,5815248,1,1,1,2,64,1
3,13,244,1,5815659,1,1,1,1,53,1
3,13,244,1,5815879,1,1,1,1,33,1
3,13,244,1,6290809,1,1,1,1,81,1
3,13,244,1,6290855,1,1,1,1,21,1
3,13,244,1,6293362,1,1,1,1,46,1
3,13,244,1,6293399,1,1,1,1,9,1
3,13,244,1,6295079,1,1,1,1,78,1
3,13,244,1,6351730,1,1,1,1,62,1
3,13,244,1,6351890,1,1,1,2,27,1
3,13,244,1,6351920,1,1,1,2,63,1
3,13,244,1,6451972,1,1,1,2,7,1
3,13,244,1,6452090,1,2,1,1,0,9
3,13,244,1,6452146,2,1,1,1,29,1
3,13,244,1,6452186,2,1,1,2,0,1
3,13,244,1,6678933,2,1,1,1,98,1
3,13,244,1,6679766,1,1,1,1,86,1
3,13,244,1,6680165,1,1,1,2,98,1
3,13,244,1,6681053,1,1,1,2,86,1
3,13,244,1,6681053,1,1,2,1,85,1
3,13,244,1,6968384,1,1,1,1,33,1
3,13,244,1,6968419,1,1,1,1,0,1
3,13,244,1,7172948,1,1,1,1,19,1
3,13,244,1,7173637,1,1,1,1,52,9
3,13,244,1,7175082,1,1,1,1,92,1
3,13,244,1,7359284,2,1,1,1,90,1
3,13,244,1,7359368,1,1,1,2,59,1
3,13,244,1,7360224,1,1,1,2,87,1
3,13,244,1,7362480,1,1,1,1,65,2
3,13,244,1,7363600,1,1,1,1,23,2
3,13,244,1,7363771,1,1,1,2,34,2
3,13,244,1,7567162,1,1,1,1,85,9
3,13,244,1,7567808,1,1,1,2,62,1
3,13,244,1,7567886,2,1,1,1,74,1
3,13,244,1,7568700,1,1,1,1,77,1
3,13,244,1,7570566,1,1,1,1,89,1
3,13,244,1,7570566,1,1,2,2,79,1
3,13,244,1,7764669,1,1,1,1,66,1
3,13,244,1,7764976,2,1,1,1,68,1
3,13,244,1,7765267,1,1,1,2,31,1
3,13,244,1,8047138,1,1,1,2,88,1
3,13,244,1,8047263,1,1,1,2,78,1
3,13,244,1,8050445,1,1,1,2,73,1
3,13,244,1,8050722,2,1,1,2,87,1
3,13,244,1,8052708,1,1,1,1,39,1
3,13,244,1,8443615,1,1,1,1,82,2
3,13,244,1,8446320,1,1,1,2,52,2
3,13,244,1,8656826,2,1,1,1,67,1
3,13,244,1,8657650,1,1,1,1,64,1
3,13,244,1,8657678,1,1,1,1,92,1
3,13,244,1,8657739,2,1,1,1,100,1
3,13,244,1,8770622,1,1,1,1,99,1
3,13,244,1,8770926,1,1,1,2,111,1
3,13,244,1,8937974,2,1,1,1,72,2
3,13,244,1,8938107,1,1,1,2,80,1
3,13,244,1,8938843,1,1,1,1,82,1
3,13,244,1,8939591,2,1,1,1,44,9
3,13,244,1,8939591,2,1,2,2,97,9
3,13,244,1,9112108,2,1,1,1,89,1
3,13,244,1,9115597,1,1,1,1,74,1
3,13,244,1,9116633,1,1,1,1,71,1
3,13,244,1,9116686,1,1,1,1,0,1
3,13,244,1,9116910,1,1,1,2,85,1
3,13,244,1,9117466,1,1,1,1,90,1
3,13,244,1,9360645,1,1,1,2,76,1
3,13,244,1,9360690,1,1,1,2,67,2
3,13,244,1,9360713,1,1,1,2,93,1
3,13,244,1,9361188,1,1,1,1,71,1
3,13,244,1,9361393,1,1,1,1,57,1
3,13,244,1,9556944,1,3,1,1,74,1
3,13,244,1,9811621,1,1,1,1,25,1
3,13,244,1,9811689,1,1,1,1,73,1
3,13,244,1,9811983,2,1,1,1,44,1
3,13,244,1,9812751,1,1,1,1,39,1
3,13,244,1,9812959,1,1,1,1,0,9
3,13,244,1,9813094,1,1,1,1,86,1
3,13,244,1,9813222,1,1,1,2,84,9
3,13,244,1,9813276,4,1,1,1,43,1
3,13,244,1,10043743,1,1,1,1,71,1
3,13,244,1,10044010,1,1,1,2,54,1
3,13,244,1,10046442,1,1,1,2,42,1
3,13,244,1,10272397,1,1,1,2,59,1
3,13,244,1,10272699,1,1,1,2,54,1
3,13,244,1,10605559,1,1,1,2,80,2
3,13,244,1,10755408,2,1,1,2,51,1
3,13,244,1,11016785,1,2,1,1,93,1
3,13,244,1,11017204,1,1,1,1,43,1
3,13,244,1,11017507,1,1,1,2,82,1
3,13,244,1,11017620,1,1,1,1,90,1
3,13,244,1,11017664,1,1,1,2,99,1
3,13,244,1,11232083,2,1,1,1,0,9
3,13,244,1,11502228,2,1,1,1,45,1
3,13,244,1,11503501,1,1,1,1,92,1
3,13,244,1,12206074,3,1,1,2,88,1
3,13,244,1,113266207,1,1,1,2,91,1
3,13,244,1,900220786,1,1,1,2,107,2
3,13,244,1,900566868,1,1,1,2,55,1
3,13,244,1,900969015,1,1,1,2,83,1
3,13,244,1,901515726,1,1,1,1,23,9
3,13,244,1,901723908,1,1,1,2,66,1
3,13,244,1,902414759,1,1,1,1,42,2
3,13,244,2,17738,1,1,1,1,0,9
3,13,244,2,17738,1,2,1,2,0,2
3,13,244,2,96033,1,1,1,2,74,2
3,13,244,2,216998,1,1,1,1,50,1
3,13,244,2,217025,1,1,1,1,50,9
3,13,244,2,217033,1,1,1,1,43,9
3,13,244,2,452356,1,1,1,2,50,1
3,13,244,2,452360,1,1,1,1,51,1
3,13,244,2,452378,1,1,1,1,54,1
3,13,244,2,786626,2,1,1,2,98,1
3,13,244,2,786717,1,1,1,1,92,1
3,13,244,2,843773,2,1,1,2,97,1
3,13,244,2,941066,1,1,1,1,98,9
3,13,244,2,1505946,1,1,1,2,7,9
3,13,244,2,1505962,2,1,1,2,6,1
3,13,244,2,2004430,1,1,1,2,54,1
3,13,244,2,2004496,1,1,1,1,72,9
3,13,244,2,2004513,1,1,1,1,104,1
3,13,244,2,2103483,1,1,1,2,99,1
3,13,244,2,2103487,1,1,1,1,26,1
3,13,244,2,2103494,1,1,1,2,70,1
3,13,244,2,2306117,2,1,1,2,87,9
3,13,244,2,2658561,2,1,1,1,89,1
3,13,244,2,2658591,1,1,1,1,72,9
3,13,244,2,2658663,1,1,1,2,94,9
3,13,244,2,2658747,1,1,1,1,90,9
3,13,244,2,2670973,2,1,1,1,1,9
3,13,244,2,3474007,2,1,1,2,1,9
3,13,244,2,3475414,3,1,1,1,64,1
3,13,244,2,15375163,1,1,1,1,0,2
3,13,244,2,16157980,1,1,1,1,1,2
3,13,244,2,901468155,1,1,1,1,79,1
3,13,244,3,5316348,1,1,1,1,0,2
3,13,244,3,5316905,1,1,1,1,74,1
3,13,244,3,7567304,1,1,1,2,15,1
3,13,244,3,8444487,1,1,1,1,80,9
3,13,244,3,8446533,1,1,1,1,72,9
3,13,244,3,10271600,1,1,1,2,60,2
3,13,244,3,10273298,1,1,1,1,63,1
3,13,244,3,10275836,7,1,1,2,50,1
3,13,244,3,10275871,6,1,1,2,79,1
3,13,244,3,10755309,1,1,1,1,1,9
3,13,244,3,11015918,1,1,1,2,38,1
3,13,244,3,11016007,1,1,1,1,53,1
3,13,244,3,11016269,1,1,1,2,31,1
3,13,244,3,11676717,1,1,1,1,81,1
3,13,244,3,13144438,1,1,1,1,0,2
3,13,244,3,13774400,2,1,1,1,64,1
3,13,244,3,14254785,1,1,1,2,62,1
3,13,244,3,14256482,1,1,1,1,42,1
3,13,244,3,14585849,1,1,1,2,63,1
3,13,244,3,15371948,1,1,1,2,72,9
3,13,244,3,15570762,1,1,1,1,0,9
3,13,244,3,900394032,1,1,1,2,89,2
3,13,244,3,901282681,1,1,1,1,76,1
3,13,248,1,410718,1,1,1,1,22,1
3,13,248,1,410795,1,2,1,2,82,1
3,13,248,1,411479,1,1,1,2,92,1
3,13,248,1,411488,1,1,1,1,28,1
3,13,248,1,411494,2,1,1,1,101,1
3,13,248,1,411500,1,1,1,2,58,1
3,13,248,1,411501,1,1,1,1,81,1
3,13,248,1,412061,1,1,1,1,19,1
3,13,248,1,412094,1,1,1,1,64,9
3,13,248,1,412094,1,1,2,2,57,9
3,13,248,1,884036,1,2,1,1,61,1
3,13,248,1,1133585,1,1,1,2,73,1
3,13,248,1,1133593,1,1,1,2,82,1
3,13,248,1,1855367,1,2,1,1,60,1
3,13,248,1,1855402,1,1,1,2,67,1
3,13,248,1,1855456,1,1,1,2,87,9
3,13,248,1,1855520,1,1,1,1,93,1
3,13,248,1,1855633,1,1,1,2,64,1
3,13,248,1,1855643,1,1,1,2,102,1
3,13,248,1,1855690,1,1,1,1,91,1
3,13,248,1,3090067,1,1,1,1,68,1
3,13,248,1,3090097,1,1,1,1,78,1
3,13,248,1,3090734,1,1,1,1,75,1
3,13,248,1,3090918,1,1,1,1,84,1
3,13,248,1,3090962,1,1,1,1,66,1
3,13,248,1,3105693,1,1,1,2,72,1
3,13,248,1,3107066,1,1,1,2,89,1
3,13,248,1,3107329,1,1,1,1,78,1
3,13,248,1,3107384,1,1,1,1,46,1
3,13,248,1,3107470,1,1,1,2,85,9
3,13,248,1,3107849,1,1,1,1,81,1
3,13,248,1,901278090,1,1,1,2,66,9
3,13,248,2,1019924,2,1,1,2,0,2
3,13,248,2,1019936,1,1,1,1,55,1
3,13,248,2,1019999,1,1,1,2,76,1
3,13,248,2,1020056,1,1,1,1,23,2
3,13,248,2,1855521,1,1,1,1,87,1
3,13,248,2,1855547,1,1,1,1,78,1
3,13,248,2,1855639,1,1,1,1,36,1
3,13,248,2,1855647,1,1,1,2,84,1
3,13,248,2,1855766,1,1,1,1,40,1
3,13,248,2,1855766,1,2,1,1,40,1
3,13,248,2,3090523,1,1,1,1,39,1
3,13,248,2,3092497,1,2,1,1,74,1
3,13,248,2,3092532,1,1,1,1,76,1
3,13,248,2,3108409,1,1,1,2,69,1
3,13,248,2,4063204,1,1,1,1,82,9
3,13,248,2,4063205,1,1,1,2,72,1
3,13,248,2,4063265,1,1,1,2,72,1
3,13,248,2,4063305,1,1,1,1,0,2
3,13,248,2,4063325,1,1,1,1,89,1
3,13,248,2,4063364,1,1,1,2,75,1
3,13,248,2,4063364,1,1,2,1,88,1
3,13,248,2,5532203,1,1,1,2,87,1
3,13,248,2,5532330,1,1,1,2,74,1
3,13,248,2,5532585,1,1,1,2,44,1
3,13,248,2,5670428,1,1,1,1,1,1
3,13,248,2,7697956,1,1,1,2,64,1
3,13,248,2,7697971,1,1,1,1,85,1
3,13,268,1,1017438,1,1,1,1,83,2
3,13,268,1,1636640,1,1,1,2,44,1
3,13,268,1,2182510,1,1,1,2,76,1
3,13,268,1,2182525,2,1,1,2,38,1
3,13,268,1,2362163,1,1,1,1,93,1
3,13,268,1,3597181,1,1,1,1,6,1
3,13,268,1,3743120,1,1,1,1,29,1
3,13,268,1,4197223,1,1,1,1,80,1
3,13,268,1,4197322,1,1,1,2,77,1
3,13,268,1,4197359,1,1,1,1,33,1
3,13,268,1,4763154,1,1,1,1,79,1
3,13,268,1,4918048,1,1,1,1,25,1
3,13,268,1,5999827,1,3,1,1,24,1
3,13,268,1,5999926,1,1,1,1,21,1
3,13,268,1,6481971,1,1,1,2,28,1
3,13,268,1,6481971,1,1,2,1,7,1
3,13,268,1,7937491,1,2,1,1,57,1
3,13,268,1,7995680,1,1,1,2,38,1
3,13,268,1,900379854,1,1,1,1,25,1
3,13,268,1,900379854,1,1,2,1,41,1
3,13,268,1,900564638,1,1,1,2,32,9
3,13,268,2,1797178,1,1,1,1,83,1
3,13,268,2,2362108,1,3,1,1,1,9
3,13,268,2,2489327,1,1,1,2,28,2
3,13,268,2,6485201,1,1,1,2,47,1
3,13,268,2,6960557,1,1,1,1,100,1
3,13,268,2,8337304,1,2,1,2,88,1
3,13,268,2,8338219,1,2,1,2,86,9
3,13,268,2,8339876,2,1,1,2,0,2
3,13,268,2,8802610,1,1,1,1,52,2
3,13,268,2,8802610,1,1,2,1,76,2
3,13,268,2,8802610,1,1,3,1,36,2
3,13,268,3,2182501,1,1,1,2,1,9
3,13,268,3,3441266,1,2,1,1,93,1
3,13,268,3,3441266,1,2,2,2,90,1
3,13,268,3,3441454,1,1,1,1,37,1
3,13,268,3,4918099,1,1,1,1,0,1
3,13,268,3,5384603,2,1,1,1,0,2
3,13,268,3,8339863,1,3,1,1,0,2
3,13,268,3,8654426,1,1,1,1,24,1
3,13,268,3,8655082,1,1,1,1,80,1
3,13,300,1,313671,1,1,1,2,42,9
3,13,300,1,981578,1,1,1,2,83,9
3,13,300,1,981629,1,1,1,1,27,9
3,13,300,1,1257492,1,1,1,1,53,9
3,13,300,1,1506907,1,1,1,1,53,9
3,13,300,1,1846575,2,1,1,1,47,1
3,13,300,1,4448531,1,1,1,1,80,9
3,13,300,1,5806320,2,1,1,1,82,1
3,13,300,1,5809968,2,1,1,1,25,9
3,13,300,1,6352052,3,1,1,1,87,2
3,13,300,1,6352052,3,1,2,1,87,2
3,13,300,1,6352052,3,1,3,2,91,2
3,13,300,1,6352068,2,1,1,2,91,2
3,13,300,1,6352068,2,1,2,1,86,2
3,13,300,1,6352068,2,1,3,1,87,2
3,13,300,1,113274381,3,1,1,1,82,1
3,13,300,1,900388557,1,1,1,1,65,9
3,13,300,2,59627,1,1,1,1,82,2
3,13,300,2,59657,1,1,1,2,0,2
3,13,300,2,59662,1,1,1,2,0,2
3,13,300,2,59662,1,1,2,1,0,2
3,13,300,2,129973,1,1,1,1,83,1
3,13,300,2,160447,1,1,1,2,98,1
3,13,300,2,981575,1,1,1,1,11,1
3,13,300,2,1257489,1,1,1,2,68,1
3,13,300,2,1257489,1,1,2,1,83,1
3,13,300,2,1257502,1,1,1,1,23,1
3,13,300,2,1506915,1,1,1,2,89,2
3,13,300,2,2014509,1,1,1,1,44,2
3,13,300,2,2014516,1,1,1,1,47,1
3,13,300,2,2385208,1,1,1,1,68,2
3,13,300,2,2545927,1,1,1,1,64,2
3,13,300,2,2545933,1,1,1,1,0,1
3,13,300,2,2688805,1,1,1,1,85,1
3,13,300,2,3062520,1,1,1,2,84,1
3,13,300,2,3614608,1,1,1,2,61,2
3,13,300,2,7209078,1,1,1,1,23,1
3,13,300,2,7209150,1,1,1,2,79,1
3,13,300,2,7211390,1,1,1,1,43,1
3,13,300,2,7212097,1,1,1,1,50,2
3,13,300,2,7875359,1,1,1,2,100,1
3,13,300,2,8318506,1,1,1,2,68,1
3,13,300,2,8499388,1,1,1,1,82,1
3,13,300,2,8790640,1,1,1,2,34,1
3,13,300,2,8790640,1,1,2,2,56,1
3,13,300,2,8790826,1,1,1,1,68,1
3,13,300,2,8791323,1,1,1,2,33,1
3,13,300,2,9001432,1,1,1,1,54,1
3,13,300,2,9001436,1,1,1,1,54,1
3,13,300,2,9001448,1,1,1,1,0,1
3,13,300,2,9213390,1,1,1,1,54,1
3,13,300,2,9657187,1,1,1,2,0,2
3,13,300,2,9657225,1,1,1,2,0,2
3,13,300,2,9657244,1,1,1,1,82,9
3,13,300,2,14202317,1,1,1,1,73,1
3,13,300,2,14469059,1,1,1,2,73,1
3,13,300,2,14469072,1,1,1,1,90,2
3,13,300,2,14800397,1,1,1,1,86,1
3,13,300,2,15196258,1,1,1,2,61,9
3,13,300,2,15196272,1,1,1,1,85,2
3,13,300,2,15196293,1,1,1,1,78,2
3,13,300,2,15196369,1,1,1,1,63,2
3,13,300,2,15834595,1,1,1,2,81,2
3,13,300,2,15834595,1,1,2,2,50,2
3,13,300,2,15834604,1,1,1,1,84,2
3,13,300,3,2188964,1,1,1,1,30,2
3,13,300,3,2188964,1,1,2,2,20,2
3,13,300,3,2188968,1,1,1,1,75,2
3,13,300,3,2188968,1,1,2,1,45,2
3,13,300,3,5806429,1,1,1,1,73,1
3,13,300,3,5806573,1,1,1,2,93,1
3,13,300,3,13627779,1,1,1,1,70,2
3,13,300,3,13627802,1,1,1,2,50,2
3,13,300,3,13627858,1,1,1,1,24,2
3,13,300,3,13627876,1,1,1,1,22,2
3,13,300,3,13833054,1,1,1,2,78,1
3,13,430,1,148779,1,1,1,1,0,1
3,13,430,1,148783,2,1,1,1,40,2
3,13,430,1,156153,1,1,1,1,53,1
3,13,430,1,156171,1,1,1,2,76,1
3,13,430,1,156214,1,1,1,2,60,1
3,13,430,1,156223,2,1,1,1,26,1
3,13,430,1,156340,1,1,1,1,79,1
3,13,430,1,156372,1,1,1,2,73,1
3,13,430,1,156380,1,1,1,1,14,1
3,13,430,1,156380,1,1,2,1,4,9
3,13,430,1,156380,1,1,3,1,18,9
3,13,430,1,156381,1,1,1,1,65,1
3,13,430,1,156388,3,1,1,1,56,1
3,13,430,1,156411,1,1,1,1,75,1
3,13,430,1,156781,3,1,1,1,68,1
3,13,430,1,156854,1,1,1,1,87,1
3,13,430,1,156889,2,1,1,1,78,9
3,13,430,1,156892,1,1,1,1,88,9
3,13,430,1,157074,1,1,1,2,81,1
3,13,430,1,157199,1,1,1,1,68,9
3,13,430,1,157204,1,1,1,1,90,2
3,13,430,1,157282,2,1,1,1,76,9
3,13,430,1,157329,1,1,1,1,76,2
3,13,430,1,157683,2,1,1,1,45,1
3,13,430,1,157733,1,1,1,1,23,1
3,13,430,1,157972,2,1,1,1,53,1
3,13,430,1,157982,1,1,1,1,53,1
3,13,430,1,158023,1,1,1,2,85,1
3,13,430,1,205183,1,1,1,2,38,9
3,13,430,1,205192,1,1,1,1,52,1
3,13,430,1,205215,1,1,1,1,99,1
3,13,430,1,205239,1,1,1,2,57,1
3,13,430,1,205309,1,1,1,2,83,1
3,13,430,1,310650,1,1,1,2,47,1
3,13,430,1,310806,1,1,1,2,78,1
3,13,430,1,310826,1,1,1,2,87,1
3,13,430,1,310827,1,1,1,1,30,1
3,13,430,1,310846,1,1,1,1,110,1
3,13,430,1,365223,1,1,1,1,70,2
3,13,430,1,367708,1,1,1,1,57,9
3,13,430,1,368053,1,1,1,1,68,1
3,13,430,1,369767,1,1,1,1,60,9
3,13,430,1,370123,1,2,1,1,63,1
3,13,430,1,373364,4,1,1,1,99,9
3,13,430,1,382987,1,1,1,1,0,1
3,13,430,1,383022,1,1,1,1,56,1
3,13,430,1,383145,1,1,1,2,0,1
3,13,430,1,383145,1,1,2,1,0,1
3,13,430,1,383357,1,1,1,1,55,1
3,13,430,1,450788,1,1,1,1,69,1
3,13,430,1,451468,5,1,1,1,84,1
3,13,430,1,451741,1,1,1,2,73,1
3,13,430,1,451748,1,1,1,1,15,2
3,13,430,1,451763,1,1,1,2,98,1
3,13,430,1,507691,1,1,1,2,61,9
3,13,430,1,507711,1,1,1,1,82,1
3,13,430,1,507744,1,1,1,1,68,1
3,13,430,1,507751,1,1,1,2,78,2
3,13,430,1,507863,1,1,1,1,85,1
3,13,430,1,507938,1,1,1,1,76,1
3,13,430,1,580986,1,1,1,1,75,9
3,13,430,1,588942,1,1,1,2,75,1
3,13,430,1,682366,1,1,1,1,79,1
3,13,430,1,685567,1,1,1,2,76,1
3,13,430,1,685674,1,1,1,1,84,2
3,13,430,1,752046,1,1,1,2,78,1
3,13,430,1,851923,1,1,1,2,60,1
3,13,430,1,851974,1,1,1,2,75,1
3,13,430,1,851976,2,1,1,1,76,1
3,13,430,1,851978,1,1,1,1,41,1
3,13,430,1,852007,1,1,1,1,61,1
3,13,430,1,968414,1,1,1,2,62,9
3,13,430,1,968622,1,1,1,2,89,1
3,13,430,1,968657,1,1,1,2,88,1
3,13,430,1,1069293,2,1,1,2,83,1
3,13,430,1,1069477,1,1,1,1,0,2
3,13,430,1,1069716,1,1,1,1,62,1
3,13,430,1,1069820,2,1,1,2,79,1
3,13,430,1,1075002,1,1,1,1,78,1
3,13,430,1,1075884,8,2,1,1,60,1
3,13,430,1,1088066,1,1,1,2,67,1
3,13,430,1,1088194,1,1,1,1,1,1
3,13,430,1,1088249,1,1,1,2,67,1
3,13,430,1,1229210,1,1,1,1,85,1
3,13,430,1,1229346,1,1,1,1,38,1
3,13,430,1,1229409,1,1,1,1,50,1
3,13,430,1,1229513,1,1,1,1,53,1
3,13,430,1,1230621,1,1,1,1,19,1
3,13,430,1,1230929,1,1,1,2,65,1
3,13,430,1,1230934,1,1,1,2,81,1
3,13,430,1,1387415,1,1,1,1,13,1
3,13,430,1,1387424,1,1,1,2,65,2
3,13,430,1,1387466,1,1,1,2,72,1
3,13,430,1,1387535,1,1,1,1,28,1
3,13,430,1,1387535,1,1,2,2,84,1
3,13,430,1,1387548,1,1,1,1,68,1
3,13,430,1,1504499,1,1,1,1,86,1
3,13,430,1,1504822,1,1,1,2,78,1
3,13,430,1,1504830,1,1,1,1,65,9
3,13,430,1,1504866,1,1,1,1,35,1
3,13,430,1,1664412,1,1,1,2,53,1
3,13,430,1,1664429,1,1,1,2,6,1
3,13,430,1,1664627,1,1,1,2,60,1
3,13,430,1,1664739,2,1,1,1,57,1
3,13,430,1,1664739,2,1,2,2,72,1
3,13,430,1,1665391,1,1,1,1,81,1
3,13,430,1,1837931,1,1,1,1,48,9
3,13,430,1,1838034,1,1,1,1,34,9
3,13,430,1,1838167,1,1,1,1,79,1
3,13,430,1,1838167,1,1,2,1,29,1
3,13,430,1,1838385,1,1,1,1,77,1
3,13,430,1,1838390,1,1,1,1,80,1
3,13,430,1,1838392,2,2,1,1,80,1
3,13,430,1,1838419,1,1,1,1,58,2
3,13,430,1,1996540,1,1,1,1,75,9
3,13,430,1,1999927,1,1,1,1,0,1
3,13,430,1,2185083,1,1,1,2,56,1
3,13,430,1,2185092,1,1,1,1,91,1
3,13,430,1,2185135,1,1,1,1,79,1
3,13,430,1,2185174,1,1,1,2,96,1
3,13,430,1,2185221,1,1,1,1,45,1
3,13,430,1,2185272,1,1,1,1,29,1
3,13,430,1,2314272,1,1,1,2,30,1
3,13,430,1,2314326,1,1,1,2,55,1
3,13,430,1,2314534,1,1,1,1,51,1
3,13,430,1,2316356,1,1,1,1,80,2
3,13,430,1,2317210,1,1,1,1,90,1
3,13,430,1,2320394,1,1,1,2,1,2
3,13,430,1,2485859,1,1,1,2,5,1
3,13,430,1,2485880,1,1,1,1,37,1
3,13,430,1,2485904,1,1,1,2,55,1
3,13,430,1,2485922,1,1,1,1,40,1
3,13,430,1,2485948,1,1,1,2,68,1
3,13,430,1,2615562,1,1,1,1,94,1
3,13,430,1,2616704,1,1,1,1,29,1
3,13,430,1,2616704,1,1,2,1,84,1
3,13,430,1,2622877,1,1,1,1,79,1
3,13,430,1,2623581,1,1,1,2,85,1
3,13,430,1,2624764,1,1,1,2,87,1
3,13,430,1,2813993,1,1,1,2,90,1
3,13,430,1,2837905,1,1,1,1,68,9
3,13,430,1,3017196,1,1,1,1,72,1
3,13,430,1,3017772,1,1,1,2,53,1
3,13,430,1,3018897,2,1,1,2,40,1
3,13,430,1,3039848,8,1,1,1,35,1
3,13,430,1,3042185,1,1,1,1,75,1
3,13,430,1,3042789,1,1,1,2,83,1
3,13,430,1,3042803,1,1,1,1,96,1
3,13,430,1,3248924,1,1,1,1,60,1
3,13,430,1,3249122,1,1,1,1,84,1
3,13,430,1,3249122,1,1,2,2,77,1
3,13,430,1,3249680,3,1,1,1,1,1
3,13,430,1,3268246,1,1,1,2,90,1
3,13,430,1,3269307,1,1,1,1,69,1
3,13,430,1,3269522,1,1,1,1,62,1
3,13,430,1,3407778,1,1,1,1,69,9
3,13,430,1,3604073,3,1,1,1,14,1
3,13,430,1,3604255,11,1,1,1,67,1
3,13,430,1,3795272,1,1,1,2,85,1
3,13,430,1,3795272,1,1,2,2,53,1
3,13,430,1,3795399,1,1,1,1,98,1
3,13,430,1,3795503,1,1,1,1,0,2
3,13,430,1,3796016,1,1,1,2,0,1
3,13,430,1,3796719,17,2,1,1,92,1
3,13,430,1,3796776,1,1,1,1,75,1
3,13,430,1,4011652,6,1,1,2,72,1
3,13,430,1,4011685,1,1,1,1,80,1
3,13,430,1,4011700,1,1,1,2,58,9
3,13,430,1,4011729,1,1,1,1,69,1
3,13,430,1,4011778,1,1,1,2,2,9
3,13,430,1,4011853,1,1,1,2,2,2
3,13,430,1,4011854,5,1,1,1,23,1
3,13,430,1,4012275,1,1,1,2,58,1
3,13,430,1,4219258,1,2,1,1,19,1
3,13,430,1,4220017,7,1,1,1,0,1
3,13,430,1,4220027,20,1,1,1,0,2
3,13,430,1,4220081,1,1,1,2,58,1
3,13,430,1,4220085,1,1,1,2,72,1
3,13,430,1,4220094,1,1,1,2,62,1
3,13,430,1,4427946,1,1,1,1,55,1
3,13,430,1,4428011,1,1,1,1,82,1
3,13,430,1,4428053,1,1,1,2,84,1
3,13,430,1,4428094,1,1,1,2,77,1
3,13,430,1,4428756,16,1,1,1,87,1
3,13,430,1,4428808,8,1,1,2,92,1
3,13,430,1,4428823,8,1,1,1,39,1
3,13,430,1,4597872,11,1,1,2,92,1
3,13,430,1,4598153,1,1,1,2,71,1
3,13,430,1,4599274,1,1,1,2,9,1
3,13,430,1,4808189,1,1,1,2,87,1
3,13,430,1,4809345,2,1,1,1,86,1
3,13,430,1,4809522,1,1,1,1,0,9
3,13,430,1,4809562,16,1,1,1,80,1
3,13,430,1,4809562,16,1,2,2,70,1
3,13,430,1,4809627,1,1,1,1,50,1
3,13,430,1,4810091,1,1,1,2,6,1
3,13,430,1,5024875,1,1,1,2,78,1
3,13,430,1,5025145,1,1,1,1,6,1
3,13,430,1,5025338,1,1,1,1,75,1
3,13,430,1,5026044,2,1,1,1,72,1
3,13,430,1,5026585,1,1,1,2,67,1
3,13,430,1,5026672,11,1,1,1,39,1
3,13,430,1,5027312,1,1,1,2,39,2
3,13,430,1,5027351,2,1,1,2,96,1
3,13,430,1,5027369,1,1,1,1,83,1
3,13,430,1,5027454,1,1,1,2,61,1
3,13,430,1,5027696,1,1,1,1,75,1
3,13,430,1,5205274,1,1,1,1,47,1
3,13,430,1,5206487,1,1,1,1,0,9
3,13,430,1,5208343,1,1,1,1,33,1
3,13,430,1,5208481,2,1,1,2,30,1
3,13,430,1,5210256,1,1,1,1,59,1
3,13,430,1,5210615,2,1,1,1,63,1
3,13,430,1,5211665,1,1,1,1,5,1
3,13,430,1,5212301,1,1,1,2,74,1
3,13,430,1,5377297,1,1,1,2,80,2
3,13,430,1,5377669,1,1,1,1,92,2
3,13,430,1,5379893,1,1,1,1,49,1
3,13,430,1,5380724,1,1,1,1,58,9
3,13,430,1,5380905,1,1,1,2,73,1
3,13,430,1,5381253,1,1,1,1,79,1
3,13,430,1,5640283,1,1,1,2,82,1
3,13,430,1,5640557,1,1,1,1,40,2
3,13,430,1,5641693,1,1,1,1,77,1
3,13,430,1,5641754,1,1,1,1,45,9
3,13,430,1,5845080,1,1,1,2,85,1
3,13,430,1,5845117,1,1,1,1,75,1
3,13,430,1,5845240,1,1,1,2,76,1
3,13,430,1,5845280,1,1,1,1,85,1
3,13,430,1,5846546,1,1,1,1,0,1
3,13,430,1,5846582,1,1,1,2,22,1
3,13,430,1,6089427,1,1,1,1,76,1
3,13,430,1,6089554,1,1,1,1,60,1
3,13,430,1,6089605,1,1,1,1,78,1
3,13,430,1,6091018,1,1,1,1,0,1
3,13,430,1,6091222,1,1,1,2,96,1
3,13,430,1,6302224,1,1,1,1,47,1
3,13,430,1,6303041,1,1,1,2,94,1
3,13,430,1,6305123,1,1,1,2,92,1
3,13,430,1,6553971,1,1,1,9,999,9
3,13,430,1,6554039,1,1,1,2,67,1
3,13,430,1,6554115,1,1,1,1,14,2
3,13,430,1,6554189,1,1,1,1,78,1
3,13,430,1,6769607,1,1,1,2,78,1
3,13,430,1,6770061,1,1,1,1,38,1
3,13,430,1,6770337,1,1,1,1,79,1
3,13,430,1,6770995,1,1,1,1,68,1
3,13,430,1,6771008,1,1,1,1,98,1
3,13,430,1,6772253,1,1,1,1,85,1
3,13,430,1,6772289,1,1,1,1,25,1
3,13,430,1,6775214,1,1,1,1,60,9
3,13,430,1,6775639,1,1,1,1,75,1
3,13,430,1,6925209,2,1,1,1,83,1
3,13,430,1,6925209,2,1,2,2,75,9
3,13,430,1,6925209,2,1,3,2,37,9
3,13,430,1,6925309,1,1,1,1,71,1
3,13,430,1,6926301,1,1,1,2,3,1
3,13,430,1,6926345,1,1,1,1,74,1
3,13,430,1,6926365,1,1,1,1,36,2
3,13,430,1,6926598,1,1,1,1,74,2
3,13,430,1,6926598,1,1,2,2,76,2
3,13,430,1,7193562,1,1,1,2,82,1
3,13,430,1,7193594,1,1,1,1,70,1
3,13,430,1,7193630,1,1,1,1,74,1
3,13,430,1,7194219,1,1,1,1,89,1
3,13,430,1,7194376,1,1,1,1,42,1
3,13,430,1,7372482,1,1,1,2,70,1
3,13,430,1,7381530,1,1,1,1,80,2
3,13,430,1,7385130,1,1,1,1,0,1
3,13,430,1,7385227,1,1,1,1,70,2
3,13,430,1,7614036,1,1,1,2,91,1
3,13,430,1,7614729,1,1,1,1,87,1
3,13,430,1,7615430,1,1,1,2,71,1
3,13,430,1,7617036,1,2,1,2,97,1
3,13,430,1,7617295,1,1,1,1,30,1
3,13,430,1,7617774,1,1,1,2,97,1
3,13,430,1,7617801,1,1,1,2,70,1
3,13,430,1,7619473,1,1,1,2,78,1
3,13,430,1,7821639,1,1,1,1,80,1
3,13,430,1,7823761,1,1,1,1,86,9
3,13,430,1,7824125,1,1,1,2,65,2
3,13,430,1,7825372,1,1,1,1,30,2
3,13,430,1,7834012,2,1,1,2,58,1
3,13,430,1,7834012,2,1,2,1,90,1
3,13,430,1,8057174,1,1,1,2,80,9
3,13,430,1,8057410,1,1,1,2,43,1
3,13,430,1,8057513,1,1,1,1,29,1
3,13,430,1,8059891,1,1,1,1,30,1
3,13,430,1,8061000,1,1,1,1,73,1
3,13,430,1,8063330,2,1,1,2,52,1
3,13,430,1,8063522,1,1,1,1,74,1
3,13,430,1,8209835,1,1,1,1,89,1
3,13,430,1,8210402,1,1,1,1,90,1
3,13,430,1,8211222,1,1,1,1,36,1
3,13,430,1,8455454,1,1,1,1,52,1
3,13,430,1,8455767,1,1,1,1,60,9
3,13,430,1,8456684,1,1,1,2,63,1
3,13,430,1,8456823,1,1,1,1,80,1
3,13,430,1,8456962,2,1,1,1,30,2
3,13,430,1,8461079,1,1,1,1,78,2
3,13,430,1,8702462,1,1,1,2,86,1
3,13,430,1,8703176,1,1,1,1,56,1
3,13,430,1,8703176,1,1,2,1,55,1
3,13,430,1,8703487,1,1,1,1,80,1
3,13,430,1,8704233,1,1,1,1,66,1
3,13,430,1,8704821,1,1,1,1,60,1
3,13,430,1,8930521,1,1,1,2,101,1
3,13,430,1,8931014,1,1,1,2,70,1
3,13,430,1,8931245,1,1,1,2,87,1
3,13,430,1,9185711,1,1,1,1,2,2
3,13,430,1,9185750,1,1,1,1,12,2
3,13,430,1,9185788,1,1,1,2,85,1
3,13,430,1,9187599,1,1,1,2,89,1
3,13,430,1,9187787,1,1,1,1,87,1
3,13,430,1,9355258,1,1,1,1,52,1
3,13,430,1,9355284,1,1,1,1,95,1
3,13,430,1,9355350,1,1,1,1,1,1
3,13,430,1,9355369,1,1,1,2,82,9
3,13,430,1,9356740,1,1,1,2,81,1
3,13,430,1,9356748,1,1,1,1,89,1
3,13,430,1,9356809,1,1,1,1,67,1
3,13,430,1,9356836,1,1,1,1,67,1
3,13,430,1,9356984,1,1,1,2,65,1
3,13,430,1,9357001,1,1,1,2,67,1
3,13,430,1,9606822,1,1,1,1,72,1
3,13,430,1,9607102,1,1,1,2,0,2
3,13,430,1,9607369,1,1,1,2,2,2
3,13,430,1,9609221,1,1,1,1,18,2
3,13,430,1,9609231,2,1,1,2,18,2
3,13,430,1,9611121,1,1,1,2,79,1
3,13,430,1,9611194,1,1,1,1,50,1
3,13,430,1,9614293,2,1,1,1,50,2
3,13,430,1,9844907,1,1,1,1,86,1
3,13,430,1,9847756,1,1,1,1,70,9
3,13,430,1,9847973,1,1,1,1,64,1
3,13,430,1,9847978,2,1,1,2,30,1
3,13,430,1,9848527,2,1,1,1,97,1
3,13,430,1,9849484,1,1,1,1,53,1
3,13,430,1,9849669,1,1,1,1,34,1
3,13,430,1,9852759,1,1,1,1,79,1
3,13,430,1,10077271,1,1,1,1,74,1
3,13,430,1,10077630,1,1,1,2,82,1
3,13,430,1,10078150,1,1,1,2,71,1
3,13,430,1,10339781,1,1,1,2,87,1
3,13,430,1,10339885,1,1,1,1,66,1
3,13,430,1,10339933,2,1,1,1,60,1
3,13,430,1,10341988,1,1,1,1,62,1
3,13,430,1,10582956,1,1,1,1,74,1
3,13,430,1,10583145,1,1,1,2,62,1
3,13,430,1,10583242,1,1,1,2,23,2
3,13,430,1,10584300,1,1,1,1,67,1
3,13,430,1,10761982,1,1,1,2,1,2
3,13,430,1,10762305,1,1,1,1,87,1
3,13,430,1,10763429,1,1,1,1,66,1
3,13,430,1,10989669,1,1,1,1,1,9
3,13,430,1,10989822,1,1,1,2,70,1
3,13,430,1,10993724,1,1,1,1,84,1
3,13,430,1,11302603,1,1,1,1,30,9
3,13,430,1,11302625,1,1,1,1,60,1
3,13,430,1,11303441,1,1,1,2,85,2
3,13,430,1,11304192,1,1,1,1,63,1
3,13,430,1,11304512,1,1,1,1,60,1
3,13,430,1,11304527,1,1,1,2,82,2
3,13,430,1,11521356,1,1,1,1,89,1
3,13,430,1,11721262,1,1,1,2,105,1
3,13,430,1,11721516,1,1,1,2,45,1
3,13,430,1,11721838,1,1,1,2,86,1
3,13,430,1,11943454,1,1,1,2,22,1
3,13,430,1,11943968,1,1,1,1,69,1
3,13,430,1,11946329,1,1,1,1,88,2
3,13,430,1,12249036,1,1,1,2,41,1
3,13,430,1,12249049,1,1,1,1,58,1
3,13,430,1,12249394,1,1,1,1,48,1
3,13,430,1,12249430,1,1,1,2,64,1
3,13,430,1,12253510,1,1,1,2,88,1
3,13,430,1,12479911,1,1,1,1,95,1
3,13,430,1,12480271,1,1,1,1,9,9
3,13,430,1,12726763,1,1,1,1,76,1
3,13,430,1,12726777,1,1,1,1,26,2
3,13,430,1,12726850,1,1,1,1,75,1
3,13,430,1,12726944,1,1,1,2,55,1
3,13,430,1,12727579,1,1,1,2,90,1
3,13,430,1,12728360,1,1,1,1,0,2
3,13,430,1,12977449,1,1,1,1,70,1
3,13,430,1,12978701,2,1,1,1,38,1
3,13,430,1,12978801,1,1,1,1,92,1
3,13,430,1,13204498,1,1,1,2,70,1
3,13,430,1,13384563,1,1,1,2,85,1
3,13,430,1,13384748,1,1,1,2,64,1
3,13,430,1,13385653,1,1,1,2,89,1
3,13,430,1,13385653,1,1,2,1,52,1
3,13,430,1,13385653,1,1,3,1,78,1
3,13,430,1,13575008,1,1,1,1,3,9
3,13,430,1,13575304,2,1,1,1,68,1
3,13,430,1,13575671,1,1,1,1,59,1
3,13,430,1,13576228,1,1,1,2,59,1
3,13,430,1,13576429,1,1,1,2,57,1
3,13,430,1,13785375,1,1,1,1,68,1
3,13,430,1,13785582,1,1,1,2,67,1
3,13,430,1,13786959,1,1,1,1,21,9
3,13,430,1,13787825,1,1,1,1,65,1
3,13,430,1,13949000,1,1,1,2,85,1
3,13,430,1,13949164,2,1,1,2,82,1
3,13,430,1,13949370,1,1,1,2,5,2
3,13,430,1,13949892,1,1,1,1,74,1
3,13,430,1,13952533,1,1,1,1,42,1
3,13,430,1,14140176,1,1,1,2,85,1
3,13,430,1,14140222,1,1,1,2,63,2
3,13,430,1,14313849,1,1,1,2,18,1
3,13,430,1,14314847,2,1,1,2,52,2
3,13,430,1,14314905,2,1,1,2,3,2
3,13,430,1,14315555,1,1,1,1,55,9
3,13,430,1,14315636,1,1,1,1,84,1
3,13,430,1,14316573,1,1,1,1,23,1
3,13,430,1,14444421,2,1,1,1,30,1
3,13,430,1,14444523,1,1,1,1,30,1
3,13,430,1,14445649,1,1,1,1,76,1
3,13,430,1,14446522,2,1,1,1,27,1
3,13,430,1,14446655,1,1,1,2,75,1
3,13,430,1,14618629,1,1,1,2,93,1
3,13,430,1,14619577,2,1,1,2,50,1
3,13,430,1,14619791,1,1,1,2,81,1
3,13,430,1,14620188,1,1,1,2,77,1
3,13,430,1,14620428,1,1,1,1,93,1
3,13,430,1,14620457,2,1,1,1,54,1
3,13,430,1,14763514,1,1,1,1,79,2
3,13,430,1,14763637,1,1,1,1,48,1
3,13,430,1,14763713,1,1,1,1,76,2
3,13,430,1,14763715,1,1,1,2,95,1
3,13,430,1,14763892,1,1,1,1,90,1
3,13,430,1,14763933,2,1,1,1,71,2
3,13,430,1,14764879,2,1,1,1,36,2
3,13,430,1,14766853,1,1,1,2,60,1
3,13,430,1,14952750,1,1,1,2,6,2
3,13,430,1,14952876,1,1,1,2,72,1
3,13,430,1,14953003,1,1,1,1,90,1
3,13,430,1,14953076,1,1,1,1,93,1
3,13,430,1,14953119,1,1,1,1,61,1
3,13,430,1,14953806,1,1,1,2,38,9
3,13,430,1,14954919,1,1,1,1,96,2
3,13,430,1,15108180,1,1,1,1,60,9
3,13,430,1,15108202,1,1,1,1,60,1
3,13,430,1,15108430,1,1,1,1,78,9
3,13,430,1,15110634,1,1,1,1,52,9
3,13,430,1,15227995,1,1,1,2,50,9
3,13,430,1,15381635,1,1,1,2,75,1
3,13,430,1,15382858,1,1,1,2,68,9
3,13,430,1,15382879,1,1,1,1,0,1
3,13,430,1,15383206,1,1,1,1,86,1
3,13,430,1,15534169,1,1,1,2,84,1
3,13,430,1,15534628,1,1,1,1,83,1
3,13,430,1,15660007,1,1,1,1,83,9
3,13,430,1,16445121,1,1,1,2,21,2
3,13,430,1,900096412,1,1,1,2,46,1
3,13,430,1,900263841,1,1,1,1,60,1
3,13,430,1,900316200,1,1,1,2,75,1
3,13,430,1,900316200,1,1,2,2,75,1
3,13,430,1,900341695,1,1,1,1,30,2
3,13,430,1,900363635,1,1,1,1,97,9
3,13,430,1,900383047,1,1,1,1,61,1
3,13,430,1,900398098,1,1,1,1,55,1
3,13,430,1,900423166,1,1,1,1,78,9
3,13,430,1,900466948,1,1,1,1,70,9
3,13,430,1,900490477,1,1,1,2,35,1
3,13,430,1,900505580,1,1,1,2,85,9
3,13,430,1,900610519,1,1,1,2,19,1
3,13,430,1,900655420,1,1,1,1,85,1
3,13,430,1,900740835,1,1,1,2,88,1
3,13,430,1,900763147,1,1,1,1,89,1
3,13,430,1,900827000,1,1,1,2,65,1
3,13,430,1,900828443,1,1,1,1,24,9
3,13,430,1,900909540,1,1,1,1,67,1
3,13,430,1,900913745,1,1,1,1,55,1
3,13,430,1,900934011,1,1,1,1,77,1
3,13,430,1,900950570,1,1,1,1,58,1
3,13,430,1,900958480,1,1,1,1,70,9
3,13,430,1,900962605,1,1,1,2,42,9
3,13,430,1,900962605,1,1,2,2,60,9
3,13,430,1,900964145,1,1,1,1,40,1
3,13,430,1,900964145,1,1,2,2,35,1
3,13,430,1,900968084,1,1,1,2,90,9
3,13,430,1,900968084,1,1,2,2,40,9
3,13,430,1,900968084,1,1,3,1,50,2
3,13,430,1,900973691,1,1,1,1,18,1
3,13,430,1,900986028,1,1,1,2,55,1
3,13,430,1,901015647,1,1,1,1,52,1
3,13,430,1,901025678,1,1,1,1,60,1
3,13,430,1,901025678,1,1,2,2,70,1
3,13,430,1,901032234,1,1,1,1,75,1
3,13,430,1,901038085,1,1,1,1,84,1
3,13,430,1,901043714,1,1,1,1,36,1
3,13,430,1,901045512,1,1,1,1,0,1
3,13,430,1,901073821,1,1,1,2,94,1
3,13,430,1,901102216,1,1,1,2,67,1
3,13,430,1,901175587,1,1,1,2,94,2
3,13,430,1,901355604,1,1,1,1,90,1
3,13,430,1,901364367,1,1,1,1,80,1
3,13,430,1,901367837,1,1,1,1,67,1
3,13,430,1,901434065,1,1,1,1,84,1
3,13,430,1,901439198,1,1,1,1,82,1
3,13,430,1,901443503,1,1,1,1,87,9
3,13,430,1,901443957,1,1,1,2,60,9
3,13,430,1,901458016,1,1,1,1,80,1
3,13,430,1,901553046,1,1,1,1,80,1
3,13,430,1,901553965,1,1,1,2,68,1
3,13,430,1,901633682,1,1,1,2,92,1
3,13,430,1,901813883,1,1,1,2,49,1
3,13,430,1,902039775,1,1,1,2,73,1
3,13,430,2,158070,1,1,1,1,40,1
3,13,430,2,851950,1,1,1,2,72,2
3,13,430,2,1504123,1,1,1,2,56,2
3,13,430,2,1997322,1,1,1,2,81,9
3,13,430,2,2185247,1,1,1,1,87,2
3,13,430,2,2615639,1,1,1,1,86,1
3,13,430,2,2834770,1,1,1,2,21,1
3,13,430,2,3018453,1,1,1,2,89,2
3,13,430,2,3039928,1,1,1,2,58,9
3,13,430,2,3045973,1,1,1,1,91,1
3,13,430,2,3045983,1,1,1,1,91,1
3,13,430,2,3051396,1,1,1,1,90,1
3,13,430,2,3053153,1,1,1,2,95,9
3,13,430,2,3250308,1,1,1,2,83,1
3,13,430,2,3250477,1,1,1,2,65,1
3,13,430,2,3408078,1,1,1,2,84,1
3,13,430,2,3408116,1,1,1,2,65,1
3,13,430,2,3408759,1,1,1,2,95,1
3,13,430,2,3408837,1,1,1,2,70,9
3,13,430,2,3408869,1,1,1,2,65,1
3,13,430,2,3409467,1,1,1,2,65,1
3,13,430,2,3411558,1,1,1,2,64,1
3,13,430,2,3412896,1,1,1,2,79,1
3,13,430,2,3603551,1,1,1,2,98,1
3,13,430,2,3603606,1,1,1,1,74,2
3,13,430,2,3603617,1,1,1,1,90,1
3,13,430,2,3603753,1,1,1,1,75,1
3,13,430,2,3603753,1,1,2,1,20,1
3,13,430,2,3603946,2,1,1,2,88,2
3,13,430,2,3795367,1,1,1,2,60,1
3,13,430,2,3795409,1,1,1,1,87,2
3,13,430,2,3795566,1,1,1,2,15,1
3,13,430,2,3795923,1,2,1,2,56,1
3,13,430,2,3795999,1,1,1,2,89,1
3,13,430,2,3796002,1,1,1,1,76,1
3,13,430,2,3796675,1,1,1,1,75,1
3,13,430,2,3796693,1,1,1,1,75,1
3,13,430,2,3796743,1,1,1,1,80,2
3,13,430,2,3796779,1,1,1,1,57,2
3,13,430,2,3796798,1,1,1,1,91,2
3,13,430,2,4219395,1,1,1,2,50,1
3,13,430,2,4219398,1,2,1,2,98,1
3,13,430,2,4427970,1,2,1,2,82,1
3,13,430,2,4428008,1,1,1,2,93,2
3,13,430,2,4428030,1,1,1,1,56,2
3,13,430,2,4428062,1,1,1,2,100,2
3,13,430,2,4428062,1,1,2,2,80,2
3,13,430,2,4428130,1,1,1,2,93,2
3,13,430,2,4428230,2,1,1,1,78,1
3,13,430,2,4597989,1,1,1,2,82,2
3,13,430,2,4597989,1,1,2,1,72,2
3,13,430,2,4808802,1,1,1,2,83,1
3,13,430,2,5205626,1,1,1,1,70,1
3,13,430,2,5205626,1,1,2,1,70,1
3,13,430,2,5205901,1,1,1,2,82,1
3,13,430,2,5206128,1,1,1,1,25,1
3,13,430,2,5207367,1,1,1,2,0,9
3,13,430,2,5376947,1,1,1,1,75,1
3,13,430,2,5377096,1,1,1,1,75,1
3,13,430,2,5378445,1,1,1,2,28,2
3,13,430,2,5639753,2,1,1,2,77,1
3,13,430,2,5640779,1,1,1,1,94,2
3,13,430,2,5640813,1,1,1,1,90,2
3,13,430,2,5640844,1,1,1,1,94,2
3,13,430,2,5847098,1,1,1,2,86,1
3,13,430,2,5847168,1,1,1,2,59,1
3,13,430,2,5848901,1,1,1,2,96,1
3,13,430,2,6089377,1,1,1,2,76,1
3,13,430,2,6090867,1,2,1,2,46,1
3,13,430,2,6090892,1,1,1,2,90,1
3,13,430,2,6090892,1,1,2,1,88,1
3,13,430,2,6090923,1,1,1,1,88,1
3,13,430,2,6090923,1,1,2,2,90,1
3,13,430,2,6090963,1,1,1,2,71,1
3,13,430,2,6091010,1,1,1,1,64,1
3,13,430,2,6091011,1,1,1,2,93,1
3,13,430,2,6091038,1,1,1,2,0,2
3,13,430,2,6091118,1,1,1,1,47,1
3,13,430,2,6301586,1,1,1,1,48,1
3,13,430,2,6301672,1,1,1,1,94,1
3,13,430,2,6301833,1,1,1,1,90,9
3,13,430,2,6301983,1,1,1,2,86,1
3,13,430,2,6302122,1,1,1,1,102,2
3,13,430,2,6303652,1,1,1,2,88,9
3,13,430,2,6303755,1,1,1,1,63,2
3,13,430,2,6303755,1,2,1,1,63,2
3,13,430,2,6305093,1,1,1,1,72,1
3,13,430,2,6553991,1,1,1,1,45,1
3,13,430,2,6554046,2,1,1,2,90,1
3,13,430,2,6554081,1,1,1,1,38,1
3,13,430,2,6554307,1,1,1,2,30,2
3,13,430,2,6554314,1,1,1,1,88,1
3,13,430,2,6769769,1,1,1,2,89,2
3,13,430,2,6772085,1,1,1,1,0,9
3,13,430,2,6925244,1,1,1,1,36,1
3,13,430,2,6925401,1,1,1,1,89,1
3,13,430,2,6925422,1,1,1,1,65,1
3,13,430,2,6925722,1,1,1,1,97,1
3,13,430,2,6925730,1,1,1,2,79,2
3,13,430,2,6926343,1,1,1,2,88,1
3,13,430,2,7193431,1,1,1,2,87,1
3,13,430,2,7193431,1,1,2,1,92,1
3,13,430,2,7193517,1,1,1,1,80,1
3,13,430,2,7193520,1,1,1,2,90,1
3,13,430,2,7193589,1,1,1,2,80,1
3,13,430,2,7194379,1,1,1,1,0,2
3,13,430,2,7194390,1,1,1,2,45,9
3,13,430,2,7618651,1,1,1,2,86,1
3,13,430,2,7619594,1,1,1,1,88,1
3,13,430,2,7619697,1,1,1,2,88,1
3,13,430,2,7818809,1,1,1,1,50,1
3,13,430,2,7818972,1,1,1,2,80,1
3,13,430,2,8056962,1,1,1,1,74,1
3,13,430,2,8057074,1,1,1,1,43,1
3,13,430,2,8208571,1,1,1,1,43,1
3,13,430,2,8208671,1,1,1,2,76,1
3,13,430,2,8210351,1,1,1,1,78,1
3,13,430,2,8455042,1,1,1,2,94,2
3,13,430,2,8455125,1,1,1,1,92,2
3,13,430,2,8456108,1,1,1,1,74,1
3,13,430,2,8456162,1,1,1,1,89,1
3,13,430,2,8456316,1,1,1,1,89,1
3,13,430,2,8456324,1,1,1,1,70,1
3,13,430,2,8702723,1,1,1,2,75,1
3,13,430,2,8703566,1,1,1,2,56,1
3,13,430,2,8703764,1,1,1,2,95,1
3,13,430,2,8706237,1,1,1,2,55,1
3,13,430,2,8930022,1,1,1,1,81,2
3,13,430,2,8930264,1,1,1,2,91,1
3,13,430,2,8930469,1,1,1,1,85,1
3,13,430,2,8932626,1,1,1,1,87,1
3,13,430,2,8933305,1,1,1,1,31,2
3,13,430,2,9185610,1,1,1,2,97,1
3,13,430,2,9185693,1,1,1,2,14,2
3,13,430,2,9185745,1,1,1,1,80,1
3,13,430,2,9188824,1,1,1,2,32,2
3,13,430,2,9355347,1,1,1,2,88,1
3,13,430,2,9355358,1,1,1,2,88,1
3,13,430,2,9355371,1,1,1,2,88,1
3,13,430,2,9355387,1,1,1,2,81,2
3,13,430,2,9356999,1,1,1,1,83,1
3,13,430,2,9844987,1,1,1,2,96,1
3,13,430,2,10078064,1,1,1,1,48,2
3,13,430,2,10079975,1,1,1,1,75,1
3,13,430,2,10080992,1,1,1,1,93,1
3,13,430,2,10082969,1,1,1,2,86,9
3,13,430,2,10339829,1,1,1,2,77,2
3,13,430,2,10339829,1,1,2,2,37,2
3,13,430,2,10339884,1,1,1,1,34,1
3,13,430,2,10341953,1,1,1,1,87,2
3,13,430,2,10581639,1,1,1,2,63,1
3,13,430,2,10583133,1,1,1,1,47,1
3,13,430,2,10583329,1,1,1,1,85,2
3,13,430,2,10583387,1,1,1,1,79,2
3,13,430,2,10584042,1,1,1,1,14,2
3,13,430,2,10584757,1,1,1,2,86,1
3,13,430,2,10763321,1,1,1,1,21,1
3,13,430,2,10763864,1,1,1,1,1,2
3,13,430,2,10763920,1,1,1,1,89,1
3,13,430,2,10763968,1,1,1,1,89,1
3,13,430,2,10989728,1,1,1,2,90,1
3,13,430,2,10989798,1,1,1,2,84,1
3,13,430,2,10991425,1,1,1,1,104,1
3,13,430,2,10991443,1,1,1,1,17,2
3,13,430,2,10992542,1,1,1,2,79,1
3,13,430,2,10992896,1,1,1,2,37,1
3,13,430,2,10992921,1,1,1,2,62,1
3,13,430,2,10993773,1,1,1,1,65,1
3,13,430,2,11302764,1,1,1,1,70,1
3,13,430,2,11302777,1,1,1,1,79,1
3,13,430,2,11303382,1,1,1,1,60,1
3,13,430,2,11303623,1,1,1,2,79,1
3,13,430,2,11518537,1,1,1,2,78,1
3,13,430,2,11518611,1,1,1,2,67,1
3,13,430,2,11520255,1,1,1,2,80,1
3,13,430,2,11520411,1,1,1,1,66,9
3,13,430,2,11520680,1,1,1,1,78,1
3,13,430,2,11722502,1,1,1,1,76,1
3,13,430,2,11722844,1,1,1,1,85,1
3,13,430,2,11943662,1,1,1,2,96,1
3,13,430,2,12249306,1,1,1,1,81,1
3,13,430,2,12249417,1,1,1,2,68,1
3,13,430,2,12251075,1,1,1,1,54,2
3,13,430,2,12478717,1,1,1,2,79,1
3,13,430,2,12478853,1,1,1,1,87,1
3,13,430,2,12478925,2,1,1,1,1,1
3,13,430,2,12979186,1,1,1,1,78,1
3,13,430,2,12985113,1,1,1,1,79,1
3,13,430,2,12986385,1,1,1,1,50,9
3,13,430,2,13203347,1,1,1,2,68,1
3,13,430,2,13384545,1,1,1,1,1,2
3,13,430,2,13573922,1,1,1,1,76,2
3,13,430,2,13574599,1,2,1,1,22,1
3,13,430,2,13575333,2,1,1,2,75,1
3,13,430,2,14444254,1,1,1,2,31,1
3,13,430,2,14444254,1,1,2,2,45,1
3,13,430,2,14444296,1,1,1,2,51,1
3,13,430,2,14444936,1,1,1,1,84,1
3,13,430,2,14444962,1,1,1,2,97,2
3,13,430,2,14445868,1,1,1,2,47,1
3,13,430,2,14446789,1,1,1,1,16,1
3,13,430,2,14448293,2,1,1,1,72,1
3,13,430,2,14448889,1,1,1,2,85,9
3,13,430,2,14618038,1,1,1,1,37,2
3,13,430,2,14618329,1,1,1,2,65,1
3,13,430,2,14619575,1,1,1,1,85,2
3,13,430,2,14619732,1,1,1,1,85,2
3,13,430,2,14619744,1,1,1,1,73,9
3,13,430,2,14619760,2,1,1,1,68,2
3,13,430,2,14620361,1,1,1,1,80,2
3,13,430,2,14620395,1,1,1,1,26,1
3,13,430,2,14620395,1,1,2,2,57,1
3,13,430,2,14620745,1,1,1,2,88,1
3,13,430,2,15226629,1,1,1,1,76,1
3,13,430,2,15227522,1,1,1,2,89,1
3,13,430,2,15227899,2,1,1,1,55,2
3,13,430,2,15227920,1,1,1,1,63,1
3,13,430,2,15227975,1,1,1,2,100,2
3,13,430,2,15228012,1,1,1,1,60,2
3,13,430,2,15228310,1,1,1,2,89,1
3,13,430,2,15228741,1,1,1,2,92,1
3,13,430,2,15228853,1,1,1,1,74,2
3,13,430,2,15229232,1,1,1,1,17,1
3,13,430,2,15381653,1,1,1,1,93,1
3,13,430,2,15381759,1,1,1,1,93,1
3,13,430,2,15383188,1,3,1,1,64,1
3,13,430,2,15534106,1,1,1,2,43,1
3,13,430,2,15534620,1,1,1,2,58,1
3,13,430,2,15534634,1,1,1,1,34,1
3,13,430,2,15534645,1,1,1,2,69,1
3,13,430,2,15812936,1,1,1,1,67,9
3,13,430,2,15812990,1,1,1,1,85,1
3,13,430,2,15813200,1,1,1,2,94,2
3,13,430,2,15813207,1,1,1,2,60,1
3,13,430,2,15813212,1,1,1,1,25,1
3,13,430,2,15813219,1,1,1,2,97,1
3,13,430,2,15813222,1,1,1,1,88,1
3,13,430,2,15962669,1,1,1,2,76,2
3,13,430,2,15963113,1,1,1,2,47,1
3,13,430,2,15963130,1,1,1,2,82,1
3,13,430,2,15963224,1,1,1,2,97,2
3,13,430,2,15963224,1,1,2,1,58,1
3,13,430,2,15963414,1,1,1,1,75,1
3,13,430,2,16734272,1,1,1,2,85,9
3,13,430,2,16734280,1,1,1,2,85,1
3,13,430,2,16734280,1,1,2,1,34,1
3,13,430,2,16734280,1,1,3,2,65,1
3,13,430,2,16734280,1,1,4,2,32,2
3,13,430,2,16734348,2,1,1,1,61,2
3,13,430,2,16734368,1,1,1,1,52,2
3,13,430,2,16734368,1,1,2,2,86,1
3,13,430,2,16734390,1,1,1,1,56,9
3,13,430,2,113268294,1,1,1,2,67,2
3,13,430,2,900242163,1,1,1,2,65,1
3,13,430,2,900859760,1,1,1,1,76,9
3,13,430,2,900880220,1,1,1,1,69,1
3,13,430,2,900893373,1,1,1,1,24,1
3,13,430,2,901033427,1,1,1,1,48,1
3,13,430,2,901064479,1,1,1,2,82,1
3,13,430,2,901302355,1,1,1,1,87,9
3,13,430,2,901352458,1,1,1,1,93,1
3,13,430,2,901358055,1,1,1,1,78,1
3,13,430,3,4808955,1,1,1,2,26,1
3,13,430,3,5640645,1,1,1,2,76,2
3,13,430,3,7370487,1,1,1,1,26,1
3,13,430,3,7821509,1,1,1,1,83,1
3,13,430,3,8056943,1,1,1,1,79,1
3,13,430,3,8057217,1,1,1,1,87,1
3,13,430,3,8057226,1,1,1,1,86,1
3,13,430,3,8057651,1,1,1,1,72,2
3,13,430,3,8208609,11,1,1,1,48,1
3,13,430,3,8930747,1,1,1,1,76,1
3,13,430,3,9355469,1,1,1,2,0,2
3,13,430,3,9847782,1,1,1,2,65,9
3,13,430,3,14444819,1,1,1,1,74,1
3,13,430,3,14444843,1,1,1,2,96,2
3,13,430,3,14620048,1,1,1,1,90,1
3,13,430,3,14620066,1,1,1,1,93,1
3,13,430,3,14620174,1,1,1,1,1,9
3,13,430,3,900097649,1,1,1,2,46,1
3,13,430,3,900354697,1,1,1,2,77,2
3,13,430,3,900821221,1,1,1,2,72,9
3,13,430,3,900821221,1,1,2,1,26,9
3,13,430,3,901209498,1,1,1,2,92,1
3,13,430,3,901864711,1,1,1,2,81,1
3,13,433,1,25757,1,1,1,1,94,1
3,13,433,1,47105,1,2,1,1,1,2
3,13,433,1,47143,1,1,1,2,86,9
3,13,433,1,79868,1,1,1,1,89,2
3,13,433,1,236849,1,5,1,2,89,1
3,13,433,1,317050,1,1,1,1,88,1
3,13,433,1,369586,1,1,1,1,85,1
3,13,433,1,449654,1,1,1,1,89,1
3,13,433,1,449683,1,1,1,1,60,1
3,13,433,1,514040,1,1,1,1,86,1
3,13,433,1,514107,1,1,1,2,96,2
3,13,433,1,514143,1,1,1,1,76,1
3,13,433,1,583879,1,1,1,1,89,1
3,13,433,1,584072,1,1,1,1,74,2
3,13,433,1,648913,1,1,1,2,62,1
3,13,433,1,648917,1,1,1,2,79,1
3,13,433,1,648956,1,1,1,1,50,1
3,13,433,1,682845,1,1,1,2,81,1
3,13,433,1,739398,1,2,1,1,0,1
3,13,433,1,739530,1,2,1,1,86,9
3,13,433,1,835531,1,1,1,1,80,1
3,13,433,1,835549,1,1,1,1,84,2
3,13,433,1,835554,1,1,1,1,97,1
3,13,433,1,945361,1,1,1,2,0,2
3,13,433,1,946761,1,1,1,2,66,1
3,13,433,1,948357,1,1,1,1,59,1
3,13,433,1,1051924,2,1,1,1,27,1
3,13,433,1,1186774,1,1,1,2,79,1
3,13,433,1,1330461,1,1,1,1,89,1
3,13,433,1,1330521,1,1,1,2,84,1
3,13,433,1,1330521,1,1,2,1,85,1
3,13,433,1,1481566,1,1,1,1,78,1
3,13,433,1,1770112,1,1,1,1,0,9
3,13,433,1,1925538,1,2,1,1,87,1
3,13,433,1,2100600,1,1,1,2,87,1
3,13,433,1,2275198,1,3,1,2,93,1
3,13,433,1,2452432,1,1,1,1,87,1
3,13,433,1,2612870,1,1,1,1,79,1
3,13,433,1,2818238,1,1,1,1,91,1
3,13,433,1,2818294,1,1,1,1,60,1
3,13,433,1,2818538,1,3,1,2,84,1
3,13,433,1,2844902,1,1,1,2,83,1
3,13,433,1,2844966,1,1,1,2,67,1
3,13,433,1,3035945,1,1,1,1,88,1
3,13,433,1,3036076,1,1,1,2,81,1
3,13,433,1,3036448,1,1,1,2,77,1
3,13,433,1,3036448,1,1,2,2,57,1
3,13,433,1,3062585,2,1,1,2,59,2
3,13,433,1,3188106,1,1,1,2,51,1
3,13,433,1,3357562,1,1,1,1,60,1
3,13,433,1,3357622,1,1,1,1,88,1
3,13,433,1,3357644,1,1,1,2,32,2
3,13,433,1,3360631,1,1,1,2,76,1
3,13,433,1,3582008,1,1,1,2,78,1
3,13,433,1,3582010,1,1,1,1,1,1
3,13,433,1,3724967,1,1,1,1,95,1
3,13,433,1,3725056,1,1,1,2,58,1
3,13,433,1,3725282,1,3,1,1,27,1
3,13,433,1,4137598,1,1,1,1,80,1
3,13,433,1,4361519,1,1,1,2,43,1
3,13,433,1,4361552,2,1,1,2,43,1
3,13,433,1,4566435,1,1,1,2,98,1
3,13,433,1,4566514,1,1,1,2,50,1
3,13,433,1,4567122,1,1,1,2,80,1
3,13,433,1,4962508,1,1,1,2,88,1
3,13,433,1,5256498,1,1,1,1,27,1
3,13,433,1,5386293,1,2,1,1,56,1
3,13,433,1,5604812,1,1,1,2,66,1
3,13,433,1,5605103,1,1,1,1,96,1
3,13,433,1,5606204,1,1,1,2,67,1
3,13,433,1,5800923,1,1,1,1,76,1
3,13,433,1,5800923,1,1,2,1,41,1
3,13,433,1,5800923,1,1,3,1,90,1
3,13,433,1,5800933,1,1,1,1,22,1
3,13,433,1,5800951,4,1,1,2,84,1
3,13,433,1,5805285,1,1,1,2,76,1
3,13,433,1,6258322,1,1,1,2,77,1
3,13,433,1,6473923,1,1,1,1,54,1
3,13,433,1,6669649,1,1,1,1,44,1
3,13,433,1,6669671,1,1,1,2,28,1
3,13,433,1,6942539,1,1,1,1,12,2
3,13,433,1,900420091,1,1,1,1,84,9
3,13,433,1,901045003,1,1,1,1,1,1
3,13,433,1,901045003,1,1,2,2,0,9
3,13,433,2,2311,5,1,1,2,0,2
3,13,433,2,2315,1,1,1,1,92,1
3,13,433,2,47108,1,1,1,1,62,2
3,13,433,2,47108,1,1,2,1,62,9
3,13,433,2,111602,1,1,1,2,62,2
3,13,433,2,111624,8,1,1,2,95,9
3,13,433,2,187470,2,1,1,2,68,1
3,13,433,2,236944,2,1,1,2,80,9
3,13,433,2,584138,1,1,1,1,0,9
3,13,433,2,584259,1,1,1,2,92,1
3,13,433,2,584409,1,1,1,2,68,9
3,13,433,2,647596,1,1,1,1,83,1
3,13,433,2,649576,1,1,1,1,32,9
3,13,433,2,649576,1,1,2,2,26,9
3,13,433,2,649623,2,1,1,2,57,9
3,13,433,2,739528,1,1,1,2,47,1
3,13,433,2,946537,1,1,1,1,82,9
3,13,433,2,946577,1,1,1,1,96,2
3,13,433,2,1051654,2,1,1,2,82,9
3,13,433,2,1186821,1,1,1,2,68,1
3,13,433,2,1481780,1,1,1,1,63,2
3,13,433,2,1602115,1,1,1,2,82,9
3,13,433,2,1770220,1,1,1,2,75,2
3,13,433,2,1770231,1,1,1,2,78,1
3,13,433,2,1770256,1,1,1,1,90,2
3,13,433,2,1925851,2,1,1,1,36,9
3,13,433,2,1926571,1,1,1,1,55,1
3,13,433,2,1926650,1,1,1,1,76,1
3,13,433,2,2100543,3,1,1,1,19,1
3,13,433,2,2101233,1,1,1,2,0,9
3,13,433,2,2275074,1,1,1,1,89,1
3,13,433,2,2275177,1,1,1,1,18,1
3,13,433,2,2622940,1,1,1,2,83,1
3,13,433,2,2623124,1,2,1,1,89,2
3,13,433,2,2818340,1,2,1,2,92,1
3,13,433,2,2818419,1,1,1,2,72,9
3,13,433,2,3037929,1,1,1,2,96,1
3,13,433,2,3188639,1,1,1,2,80,1
3,13,433,2,3357506,1,1,1,2,95,1
3,13,433,2,3357949,1,1,1,1,70,9
3,13,433,2,3361432,1,1,1,2,0,2
3,13,433,2,4135080,2,1,1,1,18,9
3,13,433,2,4361061,2,1,1,1,63,1
3,13,433,2,4361074,1,1,1,1,87,9
3,13,433,2,4361238,1,1,1,2,94,1
3,13,433,2,4361292,1,1,1,1,87,1
3,13,433,2,4361860,3,1,1,1,45,9
3,13,433,2,4363938,1,1,1,2,1,9
3,13,433,2,4566138,1,1,1,2,72,1
3,13,433,2,4736340,1,1,1,1,44,1
3,13,433,2,5387342,1,1,1,2,89,1
3,13,433,2,5605246,2,1,1,2,80,9
3,13,433,2,6033527,1,1,1,2,0,2
3,13,433,2,6259028,1,1,1,2,1,2
3,13,433,2,6476172,1,1,1,2,0,1
3,13,433,2,6476465,1,1,1,2,0,1
3,13,433,2,7979919,1,1,1,2,78,1
3,13,433,2,7980371,1,1,1,1,45,1
3,13,433,2,7980509,1,1,1,1,51,1
3,13,433,2,8204990,1,1,1,1,0,9
3,13,433,2,8205031,1,1,1,1,62,1
3,13,433,2,8205098,1,1,1,1,66,1
3,13,433,2,8492123,1,1,1,1,53,1
3,13,433,2,8492146,1,1,1,1,96,1
3,13,433,2,8492158,1,1,1,2,1,2
3,13,433,2,8492183,1,1,1,1,0,1
3,13,433,2,8674840,1,1,1,2,90,1
3,13,433,2,8679444,1,1,1,1,79,1
3,13,433,2,8861154,1,1,1,2,68,1
3,13,433,2,8862892,1,1,1,1,1,1
3,13,433,2,8865145,1,1,1,1,77,1
3,13,433,2,8865498,1,2,1,2,83,1
3,13,433,2,9114669,1,1,1,2,43,1
3,13,433,2,9341223,1,1,1,2,66,1
3,13,433,2,9341223,1,2,1,2,66,1
3,13,433,2,9341329,1,1,1,2,68,1
3,13,433,2,9566340,1,1,1,1,68,1
3,13,433,2,9796272,1,1,1,2,46,1
3,13,433,2,10075064,1,1,1,2,25,1
3,13,433,2,10075915,1,1,1,1,84,1
3,13,433,2,10323574,1,1,1,2,59,1
3,13,433,3,6032606,1,1,1,2,47,1
3,13,433,3,10074771,2,1,1,2,65,1
3,13,433,3,10074786,1,1,1,2,65,1
3,13,433,3,10954675,1,1,1,2,64,1
3,13,433,3,10954675,1,2,1,2,64,1
3,13,433,3,11442784,5,1,1,2,89,1
3,13,433,3,11444648,2,1,1,1,44,1
3,13,433,3,12868227,1,1,1,1,55,1
3,13,433,3,13888554,1,1,1,1,52,9
3,13,433,3,14431209,2,1,1,1,0,1
3,13,440,1,139992,5,1,1,2,97,1
3,13,440,1,149175,1,1,1,1,55,9
3,13,440,1,214542,1,1,1,1,91,1
3,13,440,1,214542,1,2,1,1,91,1
3,13,440,1,214569,1,1,1,1,77,9
3,13,440,1,214583,1,1,1,1,92,1
3,13,440,1,259923,2,1,1,2,77,9
3,13,440,1,259932,1,1,1,2,51,1
3,13,440,1,259932,1,1,2,1,87,1
3,13,440,1,318697,1,2,1,2,92,1
3,13,440,1,366307,1,1,1,1,55,1
3,13,440,1,453055,1,1,1,2,88,1
3,13,440,1,499052,2,1,1,1,93,1
3,13,440,1,499079,1,1,1,2,93,1
3,13,440,1,740274,1,1,1,2,98,1
3,13,440,1,740303,1,2,1,1,93,1
3,13,440,1,938677,1,1,1,1,48,1
3,13,440,1,2096225,1,1,1,2,92,1
3,13,440,1,2298768,2,1,1,1,94,1
3,13,440,1,2298814,1,1,1,1,41,1
3,13,440,1,2298814,1,1,2,1,87,1
3,13,440,1,2298814,1,2,1,1,86,1
3,13,440,1,2298814,1,2,2,1,42,1
3,13,440,1,2298878,1,1,1,1,74,1
3,13,440,1,2437794,1,1,1,2,67,1
3,13,440,1,2793591,1,1,1,1,0,9
3,13,440,1,3010995,1,1,1,2,78,1
3,13,440,1,3189586,1,1,1,1,76,1
3,13,440,1,3211222,2,1,1,1,97,9
3,13,440,2,658925,2,1,1,1,58,1
3,13,440,2,658925,2,2,1,1,58,1
3,13,440,2,658956,1,1,1,2,88,2
3,13,440,2,856733,1,1,1,1,66,1
3,13,440,2,938785,1,1,1,1,98,2
3,13,440,2,938806,1,1,1,2,80,1
3,13,440,2,1939320,1,1,1,2,88,2
3,13,440,2,1941981,1,2,1,1,30,2
3,13,440,2,3549810,1,1,1,1,0,9
3,13,440,2,3749946,1,1,1,2,77,1
3,13,440,2,3749979,1,1,1,1,0,1
3,13,440,2,3931452,1,1,1,1,87,1
3,13,440,2,4189632,1,1,1,2,87,2
3,13,440,2,4295720,1,1,1,1,74,1
3,13,440,2,4509978,1,1,1,1,49,1
3,13,440,2,4509978,1,1,2,2,92,1
3,13,440,2,4762237,1,1,1,1,83,2
3,13,440,2,4762581,2,1,1,1,81,1
3,13,440,2,4766003,1,1,1,1,80,1
3,13,440,2,4917925,1,1,1,1,91,1
3,13,440,2,4918021,1,1,1,1,99,2
3,13,440,2,4921905,1,1,1,1,63,1
3,13,440,2,4922537,1,1,1,1,84,1
3,13,440,2,5148026,1,1,1,1,0,2
3,13,440,2,5150754,1,1,1,2,85,2
3,13,440,2,5991889,1,1,1,1,76,1
3,13,440,2,5992007,1,1,1,2,92,1
3,13,440,2,6446949,1,1,1,1,70,1
3,13,440,2,6447025,1,1,1,2,92,1
3,13,440,2,6729520,1,1,1,1,46,1
3,13,440,2,6957958,1,1,1,2,90,1
3,13,440,2,6958941,1,1,1,1,86,1
3,13,440,2,7136923,1,2,1,1,84,1
3,13,440,2,7263838,3,1,1,1,82,1
3,13,440,2,7812339,1,1,1,1,39,9
3,13,440,2,8513551,1,1,1,2,97,1
3,13,440,2,8698890,1,1,1,2,74,2
3,13,440,2,8932504,1,2,1,2,45,1
3,13,440,2,8932504,1,2,2,1,27,1
3,13,440,2,8932576,1,1,1,1,76,9
3,13,440,2,9778055,1,1,1,1,77,1
3,13,440,2,9778132,1,1,1,1,73,1
3,13,440,2,9779257,1,1,1,1,68,2
3,13,440,2,9981260,1,1,1,1,93,9
3,13,440,2,9981261,1,2,1,1,86,1
3,13,440,2,9981320,1,1,1,2,60,1
3,13,440,2,9981339,1,1,1,1,80,2
3,13,440,2,9981339,1,1,2,2,56,2
3,13,440,2,10257238,1,1,1,2,75,1
3,13,440,2,10259119,1,1,1,1,78,1
3,13,440,2,10263128,1,2,1,2,94,1
3,13,440,2,10510796,1,2,1,2,74,2
3,13,440,2,10511541,1,1,1,1,93,2
3,13,440,2,10780197,1,1,1,1,34,1
3,13,440,2,10780219,1,1,1,1,69,1
3,13,440,2,10901825,1,1,1,1,65,1
3,13,440,2,10901836,1,1,1,1,78,1
3,13,440,2,10901856,1,2,1,1,59,1
3,13,440,2,10902044,1,1,1,1,47,1
3,13,440,2,11218858,1,2,1,1,31,1
3,13,440,2,11219792,1,1,1,1,34,1
3,13,440,2,11219853,2,2,1,1,77,1
3,13,440,2,11520079,1,1,1,1,76,1
3,13,440,2,11520801,1,1,1,1,81,9
3,13,440,2,11715773,1,2,1,1,52,1
3,13,440,2,11715806,1,1,1,1,68,1
3,13,440,2,11715806,1,1,2,2,72,1
3,13,440,2,11715821,1,1,1,1,54,1
3,13,440,2,11715821,1,3,1,1,54,1
3,13,440,2,12466377,1,1,1,1,22,1
3,13,440,2,12467098,1,1,1,1,50,9
3,13,440,2,12467142,2,1,1,1,71,1
3,13,440,2,12467313,1,2,1,1,81,1
3,13,440,2,12467331,1,1,1,2,40,1
3,13,440,2,12493069,2,1,1,2,102,1
3,13,440,3,318713,1,1,1,1,85,1
3,13,440,3,453033,3,1,1,1,51,9
3,13,440,3,655346,1,1,1,1,85,1
3,13,440,3,655424,1,1,1,1,86,1
3,13,440,3,1232679,1,1,1,1,97,1
3,13,440,3,1306166,1,1,1,2,56,1
3,13,440,3,1468900,1,1,1,2,98,1
3,13,440,3,2437854,1,1,1,2,34,1
3,13,440,3,2597967,1,1,1,2,75,1
3,13,440,3,2597975,1,1,1,1,62,1
3,13,440,3,2598459,1,2,1,1,68,1
3,13,440,3,2793665,1,1,1,1,94,1
3,13,440,3,2816276,1,1,1,1,84,1
3,13,440,3,3549355,2,1,1,1,95,1
3,13,440,3,5604797,1,1,1,2,73,1
3,13,440,3,6958059,1,1,1,2,70,2
3,13,440,3,6958665,1,1,1,2,50,2
3,13,440,3,6958916,1,1,1,2,13,1
3,13,440,3,6959486,1,1,1,1,66,9
3,13,440,3,7990838,1,1,1,1,11,1
3,13,440,3,7990881,1,1,1,2,64,1
3,13,440,3,8931450,1,1,1,1,87,1
3,13,440,3,10780166,2,1,1,1,84,1
3,13,440,3,12617514,1,1,1,1,90,1
3,13,440,3,12882151,1,1,1,2,97,1
3,13,442,1,2671120,1,1,1,2,60,2
3,13,442,1,2671128,1,1,1,2,1,1
3,13,442,1,3820591,1,2,1,1,1,9
3,13,442,1,3833328,2,1,1,1,81,1
3,13,442,1,3833344,1,1,1,1,81,1
3,13,442,1,4567537,1,1,1,1,77,2
3,13,442,1,4567537,1,1,2,2,80,2
3,13,442,1,4567537,1,1,3,1,33,2
3,13,442,1,5549353,3,1,1,1,76,1
3,13,442,1,5741671,1,1,1,1,88,9
3,13,442,1,5745826,1,1,1,1,2,9
3,13,442,1,5819121,2,1,1,1,77,1
3,13,442,1,6040351,1,1,1,2,58,1
3,13,442,1,6218393,1,1,1,2,85,9
3,13,442,1,6250062,1,2,1,2,94,1
3,13,442,1,6426433,2,1,1,1,63,9
3,13,442,1,6432047,1,1,1,2,80,9
3,13,442,1,6432126,1,1,1,2,69,9
3,13,442,1,6432162,1,1,1,1,27,9
3,13,442,1,6671708,1,1,1,1,31,9
3,13,442,1,7115123,1,1,1,1,84,1
3,13,442,1,7358292,1,1,1,1,23,2
3,13,442,1,7394518,1,1,1,1,78,1
3,13,442,1,7394559,2,1,1,1,11,1
3,13,442,1,7394559,2,1,2,2,0,1
3,13,442,1,8189795,1,1,1,1,70,1
3,13,442,1,8851062,1,1,1,1,1,1
3,13,442,1,9065363,1,1,1,1,26,9
3,13,442,1,9065460,1,1,1,2,76,9
3,13,442,1,9384584,1,1,1,2,74,1
3,13,442,1,9574623,1,1,1,2,82,9
3,13,442,1,9574971,1,1,1,2,14,1
3,13,442,1,9770854,1,1,1,2,6,9
3,13,442,1,9832815,2,1,1,1,20,1
3,13,442,1,10296321,1,1,1,1,87,1
3,13,442,1,10297722,1,1,1,1,14,2
3,13,442,1,10905268,1,1,1,2,0,9
3,13,442,1,11513603,1,1,1,1,72,1
3,13,442,1,11692012,1,1,1,1,1,1
3,13,442,1,11692023,1,1,1,1,1,1
3,13,442,1,12938734,1,1,1,2,8,9
3,13,442,1,12939174,1,1,1,2,93,1
3,13,442,1,14064870,1,1,1,1,25,1
3,13,442,1,14086081,1,1,1,2,83,1
3,13,442,1,15135950,1,1,1,1,74,9
3,13,442,1,16737092,2,1,1,1,78,1
3,13,442,1,16737195,1,1,1,1,0,2
3,13,442,1,17139861,1,1,1,1,56,9
3,13,442,1,17418401,2,1,1,2,59,2
3,13,442,1,17491398,1,1,1,1,58,9
3,13,442,1,17491797,1,1,1,2,0,9
3,13,442,1,17492112,1,1,1,2,0,9
3,13,442,1,900290607,1,1,1,1,65,1
3,13,442,1,900470709,1,1,1,2,85,1
3,13,442,1,900932073,1,1,1,1,69,9
3,13,442,1,901576369,1,1,1,1,20,9
3,13,442,1,901791795,1,1,1,1,84,2
3,13,442,2,4437900,1,1,1,1,70,1
3,13,442,2,4605385,2,1,1,1,19,1
3,13,442,2,4605415,3,1,1,2,88,1
3,13,442,2,4605462,2,1,1,2,88,1
3,13,442,2,4606002,2,1,1,2,20,1
3,13,442,2,4607408,1,1,1,1,90,1
3,13,442,2,4610424,1,1,1,2,92,1
3,13,442,2,4610437,1,1,1,1,87,1
3,13,442,2,4738586,1,1,1,2,70,2
3,13,442,2,5056499,1,1,1,1,54,2
3,13,442,2,5056499,1,1,2,2,46,9
3,13,442,2,5334812,1,1,1,1,70,1
3,13,442,2,5334850,1,1,1,2,49,1
3,13,442,2,5334863,1,1,1,2,45,1
3,13,442,2,5337259,1,1,1,1,999,9
3,13,442,2,5373249,1,1,1,1,71,1
3,13,442,2,5374220,1,1,1,2,86,1
3,13,442,2,5375012,1,1,1,1,88,1
3,13,442,2,5375031,1,1,1,2,10,1
3,13,442,2,5383505,1,1,1,2,75,9
3,13,442,2,5386036,1,1,1,1,53,1
3,13,442,2,5741212,1,1,1,2,82,1
3,13,442,2,5741212,1,1,2,1,99,1
3,13,442,2,5741571,1,1,1,1,74,1
3,13,442,2,5776873,2,1,1,2,35,1
3,13,442,2,5791954,1,1,1,1,63,9
3,13,442,2,5819553,2,1,1,1,90,1
3,13,442,2,6285146,1,1,1,1,75,9
3,13,442,2,6286278,1,1,1,2,72,1
3,13,442,2,6721742,1,1,1,1,72,1
3,13,442,2,7114831,1,1,1,2,15,1
3,13,442,2,7364594,1,1,1,1,28,1
3,13,442,2,7961244,1,1,1,1,80,1
3,13,442,2,8330402,1,1,1,1,26,1
3,13,442,2,8429416,1,1,1,1,80,1
3,13,442,2,8851678,1,1,1,1,59,1
3,13,442,2,9065430,1,1,1,2,60,1
3,13,442,2,9065502,1,1,1,1,88,2
3,13,442,2,9573467,1,1,1,1,59,1
3,13,442,2,9576590,1,1,1,1,17,2
3,13,442,2,9578198,1,1,1,1,88,1
3,13,442,2,10072527,1,1,1,2,0,9
3,13,442,2,10072677,5,1,1,1,63,9
3,13,442,2,10073293,1,1,1,2,55,2
3,13,442,2,10074160,1,1,1,2,89,1
3,13,442,2,10549126,1,1,1,2,66,1
3,13,442,2,10549255,1,1,1,1,80,1
3,13,442,2,10768996,1,1,1,1,60,2
3,13,442,2,10769068,1,1,1,1,99,1
3,13,442,2,10902356,1,1,1,1,83,1
3,13,442,2,10927296,1,1,1,1,39,1
3,13,442,2,11250937,1,1,1,2,42,1
3,13,442,2,11509982,1,1,1,1,31,2
3,13,442,2,11735380,1,1,1,2,77,1
3,13,442,2,11735389,1,1,1,2,96,1
3,13,442,2,11735549,1,1,1,2,90,1
3,13,442,2,12225345,1,2,1,1,85,1
3,13,442,2,12225381,1,1,1,2,25,1
3,13,442,2,12547657,1,1,1,2,76,1
3,13,442,2,12547824,2,1,1,2,46,1
3,13,442,2,14315598,1,1,1,2,45,1
3,13,442,2,14454006,1,1,1,1,93,9
3,13,442,2,14456121,1,1,1,1,20,1
3,13,442,2,14457318,1,1,1,1,36,1
3,13,442,2,14460119,1,1,1,1,50,1
3,13,442,2,14768907,1,1,1,2,86,1
3,13,442,2,14928463,1,1,1,1,36,1
3,13,442,2,15796628,1,1,1,1,69,1
3,13,442,2,16043174,1,1,1,1,65,1
3,13,442,2,16147634,1,1,1,2,74,1
3,13,442,2,16148286,1,1,1,1,80,9
3,13,442,2,17000821,1,1,1,1,68,1
3,13,442,2,17000913,1,1,1,2,52,1
3,13,442,2,17001276,1,1,1,2,33,1
3,13,442,2,113265787,4,1,1,2,56,1
3,13,442,2,113265787,4,1,2,1,35,2
3,13,442,3,13550255,1,1,1,1,80,9
3,13,442,3,14396440,1,1,1,1,76,2
3,13,442,3,14927931,1,1,1,2,47,1
3,13,442,3,15236164,1,1,1,2,78,2
3,13,442,3,15747841,1,1,1,1,12,2
3,13,442,3,16113568,1,1,1,1,69,1
3,13,442,3,16896576,1,1,1,2,25,2
3,13,442,3,17627402,1,1,1,1,60,1
3,13,442,3,17822161,2,1,1,1,1,9
3,13,442,3,18056141,1,1,1,2,0,9
3,13,442,3,18056141,1,1,2,2,0,9
3,13,458,1,1492685,1,1,1,1,87,1
3,13,458,1,1621192,1,1,1,1,43,1
3,13,458,1,2132884,1,1,1,2,105,1
3,13,458,1,2337452,1,1,1,1,86,1
3,13,458,1,2337476,1,1,1,2,67,1
3,13,458,1,2483783,1,1,1,2,71,1
3,13,458,1,2817689,1,1,1,2,87,1
3,13,458,1,3002851,1,1,1,2,93,1
3,13,458,1,3263484,1,1,1,2,70,1
3,13,458,1,3592481,2,1,1,1,94,1
3,13,458,1,3757898,1,1,1,1,54,1
3,13,458,1,3762067,1,1,1,2,30,9
3,13,458,1,3762149,1,1,1,1,76,1
3,13,458,1,4392255,1,1,1,1,20,1
3,13,458,1,4540248,1,1,1,1,25,9
3,13,458,1,4540248,1,1,2,1,21,9
3,13,458,1,4540254,1,1,1,2,69,1
3,13,458,1,4721633,1,1,1,1,18,2
3,13,458,1,5006693,1,1,1,2,12,1
3,13,458,1,5186612,1,1,1,1,30,1
3,13,458,1,5186773,1,1,1,1,41,1
3,13,458,1,5187069,1,1,1,1,84,1
3,13,458,1,5662672,1,1,1,1,23,1
3,13,458,2,1621385,1,1,1,1,49,1
3,13,458,2,1622622,1,2,1,1,38,1
3,13,458,2,1622622,1,2,2,2,90,1
3,13,458,2,1622622,1,3,1,1,38,1
3,13,458,2,3261483,1,1,1,2,52,9
3,13,458,2,3401156,1,2,1,2,36,9
3,13,458,2,3592470,1,2,1,2,47,1
3,13,458,2,3761859,1,2,1,1,22,1
3,13,458,2,8473176,3,1,1,1,18,1
3,13,458,2,17831645,1,1,1,1,0,2
3,13,458,2,17831804,1,1,1,1,78,1
3,13,458,2,17831831,3,1,1,2,72,2
3,13,458,2,17831848,3,1,1,1,20,1
3,13,458,2,17831880,1,1,1,1,30,1
3,13,458,2,17831880,1,1,2,1,27,1
3,13,458,2,17831884,1,1,1,1,30,2
3,13,458,2,17831884,1,1,2,1,0,2
3,13,458,2,17831884,1,1,3,1,27,2
3,13,458,2,17831893,1,1,1,1,80,1
3,13,458,2,17831911,1,1,1,1,1,2
3,13,458,2,17831960,1,1,1,2,58,1
3,13,458,2,900663942,1,1,1,2,90,2
3,13,458,2,900663942,1,1,2,2,80,2
3,13,458,2,901837015,1,1,1,2,87,1
3,13,458,3,2335005,6,1,1,1,14,1
3,13,458,3,4392205,1,1,1,2,74,1
3,13,458,3,6520415,7,1,1,1,70,9
3,13,458,3,8031682,2,2,1,1,45,9
3,13,458,3,8031776,3,1,1,1,40,9
3,13,458,3,8269019,2,1,1,2,94,9
3,13,458,3,8269033,1,1,1,1,75,1
3,13,458,3,8473201,5,1,1,1,60,1
3,13,458,3,8936582,1,1,1,1,72,2
3,13,458,3,8936614,2,1,1,2,32,1
3,13,458,3,8937411,1,1,1,2,110,2
3,13,458,3,8937430,1,1,1,2,101,9
3,13,458,3,8937798,2,1,1,2,60,1
3,13,458,3,8939227,1,1,1,1,32,9
3,13,458,3,8939490,3,1,1,1,32,9
3,13,458,3,9201778,1,1,1,1,26,9
3,13,458,3,9201790,1,1,1,2,20,9
3,13,458,3,9201952,1,1,1,2,62,1
3,13,458,3,16054756,7,1,1,2,27,9
3,13,458,3,16054994,35,1,1,2,34,1
3,13,458,3,16055157,17,1,1,1,44,9
3,13,458,3,16055456,3,1,1,1,2,1
3,13,458,3,16055465,4,1,1,1,35,9
3,13,458,3,16055467,2,1,1,1,87,1
3,13,458,3,16055498,3,1,1,1,101,1
3,13,458,3,16055505,7,1,1,2,68,9
3,13,458,3,16055526,1,1,1,1,81,9
3,13,458,3,16055544,37,1,1,2,75,1
3,13,458,3,16163513,3,1,1,1,68,9
3,13,458,3,16165837,1,1,1,1,16,1
3,13,458,3,17831798,7,1,1,2,70,1
3,13,458,3,17831802,7,1,1,2,42,2
3,13,458,3,17831878,7,1,1,1,68,1
3,13,458,3,17832032,2,1,1,2,76,2
3,13,458,3,17832199,58,1,1,1,85,1
3,13,458,3,17832354,3,1,1,1,66,9
3,13,458,3,18326355,17,1,1,1,70,9
3,13,458,3,18326383,19,1,1,2,23,1
3,13,458,3,18326408,1,1,1,2,0,2
3,13,458,3,18326499,12,1,1,2,72,1
3,13,458,3,18326499,12,1,2,1,52,1
3,13,458,3,18326532,21,1,1,1,56,1
3,13,458,3,18326640,19,1,1,1,78,9
3,13,458,3,18326650,3,1,1,2,60,1
3,13,458,3,18326663,5,1,1,2,92,1
3,13,458,3,18326695,25,1,1,2,5,1
3,13,458,3,18327019,14,1,1,2,40,1
3,13,458,3,18327037,16,1,1,1,18,1
3,13,458,3,18504421,32,1,1,2,85,9
3,13,458,3,105530169,17,1,1,2,90,1
3,13,468,1,54976,1,1,1,2,57,1
3,13,468,1,55009,1,1,1,2,68,1
3,13,468,1,55014,1,1,1,2,68,2
3,13,468,1,55016,1,1,1,2,82,2
3,13,468,1,55157,4,2,1,2,5,2
3,13,468,1,55162,2,2,1,2,5,2
3,13,468,1,55214,1,1,1,2,5,2
3,13,468,1,61934,2,1,1,2,85,1
3,13,468,1,93620,1,1,1,1,40,2
3,13,468,1,93689,1,1,1,1,48,9
3,13,468,1,129512,1,1,1,2,56,9
3,13,468,1,129528,1,2,1,2,56,2
3,13,468,1,129555,1,1,1,2,75,2
3,13,468,1,129565,1,1,1,1,77,9
3,13,468,1,148700,2,1,1,2,64,1
3,13,468,1,148728,1,1,1,1,69,2
3,13,468,1,148761,1,1,1,2,68,1
3,13,468,1,210980,1,1,1,1,36,1
3,13,468,1,341753,1,1,1,1,83,2
3,13,468,1,452837,1,1,1,2,85,1
3,13,468,1,452854,1,1,1,1,75,1
3,13,468,1,569683,2,1,1,1,70,1
3,13,468,1,570800,1,1,1,1,65,1
3,13,468,1,570844,1,1,1,2,22,1
3,13,468,1,571629,1,1,1,1,25,1
3,13,468,1,670395,2,1,1,1,0,1
3,13,468,1,686969,1,1,1,1,22,1
3,13,468,1,776579,1,1,1,1,85,2
3,13,468,1,835807,1,1,1,2,73,2
3,13,468,1,978544,1,1,1,1,95,1
3,13,468,1,1251207,1,1,1,1,47,1
3,13,468,1,1251222,1,1,1,1,70,1
3,13,468,1,1505592,1,2,1,2,3,2
3,13,468,1,1505597,1,1,1,1,90,1
3,13,468,1,1505680,1,1,1,2,0,2
3,13,468,1,1673051,1,1,1,1,39,1
3,13,468,1,1673089,1,1,1,2,73,1
3,13,468,1,1673115,1,1,1,2,91,1
3,13,468,1,1832624,1,1,1,2,29,9
3,13,468,1,1832716,1,1,1,2,84,2
3,13,468,1,2035579,1,1,1,1,73,1
3,13,468,1,2184270,1,1,1,1,56,9
3,13,468,1,2378944,1,1,1,1,90,1
3,13,468,1,2379381,1,1,1,1,88,1
3,13,468,1,2379450,1,1,1,1,71,1
3,13,468,1,2493649,1,1,1,1,84,1
3,13,468,1,2493661,1,1,1,2,80,2
3,13,468,1,2493762,1,1,1,2,75,1
3,13,468,1,2493865,1,1,1,1,66,1
3,13,468,1,2665190,1,1,1,2,2,2
3,13,468,1,2665197,1,1,1,2,1,2
3,13,468,1,2665286,1,1,1,1,74,1
3,13,468,1,2674618,1,1,1,1,67,1
3,13,468,1,2674684,1,1,1,2,51,1
3,13,468,1,2674684,1,1,2,2,86,1
3,13,468,1,2674684,1,1,3,1,42,2
3,13,468,1,2677570,1,1,1,2,83,1
3,13,468,1,2873080,1,1,1,2,96,2
3,13,468,1,2877219,1,1,1,1,73,1
3,13,468,1,2877281,1,1,1,2,0,1
3,13,468,1,3076115,1,1,1,2,79,1
3,13,468,1,3079636,1,1,1,1,55,1
3,13,468,1,3581603,1,1,1,1,57,1
3,13,468,1,4802348,3,1,1,1,54,9
3,13,468,1,5244796,1,1,1,1,51,1
3,13,468,1,5244796,1,1,2,2,81,1
3,13,468,1,5867533,1,1,1,1,81,1
3,13,468,1,6086451,1,1,1,2,85,1
3,13,468,1,6546798,3,1,1,1,80,1
3,13,468,1,6704097,1,1,1,2,87,2
3,13,468,1,6705225,1,1,1,1,60,1
3,13,468,1,9981643,1,1,1,1,1,2
3,13,468,1,9982487,1,1,1,1,72,1
3,13,468,1,9982695,1,1,1,2,45,1
3,13,468,1,16032057,1,1,1,2,76,1
3,13,468,1,16048110,1,1,1,2,84,2
3,13,468,1,16048130,1,1,1,1,99,2
3,13,468,1,16048630,1,1,1,2,77,1
3,13,468,1,16048640,1,1,1,1,76,1
3,13,468,1,113274932,1,1,1,2,92,1
3,13,468,1,113274937,1,1,1,2,85,2
3,13,468,1,900235255,1,1,1,1,94,9
3,13,468,1,900386409,1,1,1,2,74,1
3,13,468,1,900637917,1,1,1,2,68,9
3,13,468,1,901302222,1,1,1,1,42,1
3,13,468,1,901322616,1,1,1,2,96,1
3,13,468,1,901326646,1,1,1,1,78,9
3,13,468,1,901473900,1,1,1,2,86,1
3,13,468,1,901798000,1,1,1,2,97,1
3,13,468,1,901817516,1,1,1,1,70,1
3,13,468,1,901824782,1,1,1,1,17,1
3,13,468,1,901918949,1,1,1,2,63,1
3,13,468,1,901927834,1,1,1,2,40,1
3,13,468,1,901927834,1,1,2,2,66,1
3,13,468,1,902180646,1,1,1,1,64,1
3,13,468,2,2873040,1,1,1,2,67,2
3,13,468,2,4568665,1,1,1,1,82,1
3,13,468,2,5598986,1,1,1,2,50,1
3,13,468,2,6707035,1,1,1,2,89,2
3,13,468,2,8082534,1,1,1,1,80,2
3,13,468,2,8082541,1,1,1,1,75,9
3,13,468,2,8082541,1,1,2,2,63,9
3,13,468,2,9407465,1,1,1,2,23,2
3,13,468,2,9407591,2,1,1,1,84,1
3,13,468,2,9407670,1,1,1,2,63,2
3,13,468,2,10806740,1,1,1,1,69,1
3,13,468,2,10806870,1,1,1,2,68,1
3,13,468,2,10806870,1,2,1,2,65,1
3,13,468,2,10806961,2,1,1,1,1,2
3,13,468,2,10806970,1,1,1,1,1,2
3,13,468,2,10807057,1,1,1,1,81,9
3,13,468,2,10807074,1,1,1,2,72,9
3,13,468,2,10807074,1,1,2,2,96,9
3,13,468,2,10807221,1,1,1,1,38,1
3,13,468,2,10807221,1,1,2,1,87,1
3,13,468,2,10808887,1,1,1,2,99,9
3,13,468,2,10810848,1,1,1,2,31,9
3,13,468,2,10811281,1,2,1,1,31,1
3,13,468,2,10811325,1,1,1,2,19,2
3,13,468,2,10811928,1,1,1,1,61,9
3,13,468,2,12619831,1,1,1,1,75,1
3,13,468,2,12620328,1,1,1,1,78,1
3,13,468,2,12620737,1,1,1,1,45,2
3,13,468,2,13079340,1,1,1,1,35,2
3,13,468,2,14436135,2,1,1,1,70,2
3,13,468,2,14438147,1,1,1,2,88,9
3,13,468,2,15196469,1,1,1,1,2,9
3,13,468,2,15196501,1,1,1,2,10,2
3,13,468,2,15196643,1,1,1,1,45,9
3,13,468,2,105698920,1,1,1,1,55,1
3,13,468,2,900439264,1,1,1,1,12,2
3,13,468,3,6086401,1,1,1,2,3,9
3,13,468,3,16032035,16,1,1,1,2,1
3,13,468,3,16047521,1,1,1,1,19,1
3,13,468,3,901381285,1,1,1,2,78,2
3,13,473,1,2073631,2,2,1,2,80,1
3,13,473,1,2073992,1,1,1,1,60,1
3,13,473,1,2167173,1,1,1,1,76,1
3,13,473,1,2167242,1,1,1,1,83,1
3,13,473,1,2276645,1,1,1,1,101,1
3,13,473,1,2276757,1,1,1,2,0,9
3,13,473,1,2277303,1,1,1,1,67,9
3,13,473,1,2441364,1,1,1,2,87,1
3,13,473,1,3076161,2,1,1,2,77,1
3,13,473,1,3076430,1,1,1,1,52,1
3,13,473,1,3076550,1,1,1,1,52,9
3,13,473,1,3888359,1,1,1,2,78,2
3,13,473,1,3888361,1,1,1,2,0,2
3,13,473,1,4118480,1,1,1,2,74,1
3,13,473,1,4681974,1,3,1,2,57,1
3,13,473,1,4682254,1,1,1,2,79,9
3,13,473,1,4897972,2,2,1,2,86,1
3,13,473,1,4898673,1,1,1,1,0,1
3,13,473,1,5271903,1,2,1,1,85,9
3,13,473,1,5274225,1,1,1,1,78,1
3,13,473,1,5757358,1,2,1,1,87,1
3,13,473,1,5757521,1,1,1,1,84,1
3,13,473,1,6213210,1,1,1,1,81,1
3,13,473,1,6213492,1,1,1,1,37,1
3,13,473,1,6721062,1,2,1,2,64,1
3,13,473,1,6724529,1,1,1,1,67,2
3,13,473,1,7110083,2,1,1,1,46,1
3,13,473,1,7110083,2,2,1,2,46,1
3,13,473,1,8054123,1,2,1,1,66,1
3,13,473,1,8477514,1,1,1,1,50,1
3,13,473,1,8718691,1,1,1,1,75,1
3,13,473,1,902033395,1,1,1,1,72,2
3,13,473,2,7158933,1,1,1,2,47,1
3,13,473,2,8967654,1,1,1,2,16,2
3,13,473,2,10189417,1,1,1,1,33,1
3,13,473,2,10189419,1,1,1,2,84,2
3,13,473,2,10189422,1,1,1,2,59,1
3,13,473,2,10189474,1,1,1,1,65,1
3,13,473,2,12488852,1,2,1,1,19,1
3,13,473,2,12489414,1,1,1,2,75,2
3,13,473,2,15411455,1,1,1,1,73,1
3,13,473,2,15413093,1,1,1,1,68,1
3,13,473,2,15414784,1,1,1,2,88,1
3,13,473,2,15487850,1,1,1,1,88,1
3,13,473,2,15806611,1,2,1,1,88,1
3,13,473,2,15910365,1,1,1,1,87,1
3,13,473,2,16153384,1,2,1,2,99,9
3,13,473,2,16261229,1,1,1,2,91,1
3,13,473,2,16261333,1,1,1,2,49,2
3,13,473,2,16261393,1,1,1,1,72,1
3,13,473,2,16261468,1,1,1,1,84,1
3,13,473,2,16261484,2,1,1,1,66,1
3,13,473,2,16398059,1,1,1,1,51,1
3,13,473,2,16861103,1,1,1,2,92,1
3,13,473,3,2177468,1,1,1,2,64,9
3,13,473,3,3076933,1,1,1,1,80,2
3,13,473,3,8382330,1,1,1,2,9,1
3,13,473,3,10601707,1,2,1,1,60,1
3,13,473,3,10798801,1,1,1,1,72,1
3,13,473,3,10798801,1,1,2,1,77,1
3,13,473,3,10798801,1,3,1,1,77,1
3,13,473,3,10798801,1,3,2,1,72,1
3,13,473,3,11824307,1,1,1,2,50,1
3,13,473,3,11825327,5,1,1,1,42,2
3,13,473,3,11825327,5,1,2,1,12,2
3,13,473,3,11825338,2,1,1,2,72,1
3,13,473,3,11825389,7,1,1,1,45,2
3,13,473,3,11825819,3,1,1,2,73,1
3,13,473,3,11826052,10,2,1,1,5,2
3,13,473,3,11826089,33,1,1,1,72,2
3,13,473,3,11826309,6,1,1,2,0,2
3,13,473,3,12745350,1,1,1,1,43,1
3,13,473,3,12745363,1,1,1,1,42,9
3,13,473,3,12951320,1,1,1,2,70,9
3,13,473,3,12951320,1,1,2,1,65,9
3,13,473,3,12951533,1,2,1,1,29,1
3,13,473,3,13196451,1,1,1,2,0,2
3,13,473,3,14851932,9,3,1,1,96,1
3,13,473,3,14851932,9,3,2,2,55,1
3,13,473,3,14851932,9,3,3,2,35,9
3,13,473,3,14851969,11,1,1,1,76,1
3,13,473,3,14852104,1,1,1,1,84,1
3,13,473,3,14852545,2,3,1,1,45,2
3,13,473,3,14853525,5,1,1,1,37,1
3,13,473,3,14854037,4,3,1,1,2,2
3,13,473,3,15187139,4,1,1,1,21,2
3,13,473,3,16798682,1,2,1,1,29,1
3,13,473,3,17754389,1,1,1,1,0,2
3,13,473,3,113271304,24,1,1,1,63,1
3,13,490,1,2565402,1,2,1,1,13,1
3,13,490,1,2565427,1,1,1,1,63,1
3,13,490,1,3436264,1,1,1,2,33,1
3,13,490,1,3436274,1,2,1,2,15,9
3,13,490,1,3804429,4,1,1,2,31,1
3,13,490,1,4598889,1,1,1,2,60,2
3,13,490,1,5551044,1,2,1,1,25,1
3,13,490,1,5551044,1,2,2,1,40,1
3,13,490,1,5551044,1,7,1,1,56,1
3,13,490,1,5551047,1,2,1,1,75,1
3,13,490,1,6303102,1,1,1,1,82,1
3,13,490,1,6692232,1,1,1,1,57,1
3,13,490,1,6692272,1,1,1,1,9,1
3,13,490,1,6949215,5,2,1,1,94,1
3,13,490,1,7058462,1,2,1,2,78,1
3,13,490,1,7304806,1,1,1,2,101,1
3,13,490,1,7760437,4,1,1,1,24,1
3,13,490,1,8124552,1,1,1,1,18,1
3,13,490,1,8704533,1,1,1,2,54,1
3,13,490,1,8704622,1,2,1,2,83,1
3,13,490,1,8885483,1,2,1,2,0,1
3,13,490,1,8885483,1,3,1,2,31,1
3,13,490,1,8885569,1,2,1,1,79,1
3,13,490,1,8885604,1,1,1,1,73,1
3,13,490,2,2850670,1,1,1,2,66,1
3,13,490,2,4598189,1,1,1,2,91,1
3,13,490,2,4598239,2,1,1,1,87,1
3,13,490,2,4751124,1,1,1,1,63,1
3,13,490,2,4892173,1,1,1,1,23,1
3,13,490,2,5200302,1,1,1,1,54,1
3,13,490,2,5553842,1,1,1,2,84,1
3,13,490,2,18002917,1,1,1,2,82,1
3,13,490,2,902196611,1,1,1,1,75,1
3,13,490,3,3436092,1,1,1,1,55,2
3,13,490,3,7059092,8,1,1,2,22,9
3,13,490,3,9103627,43,1,1,1,79,1
3,13,490,3,9104395,42,1,1,1,79,1
3,13,490,3,9884405,1,1,1,2,56,1
3,13,490,3,9884435,57,1,1,1,91,1
3,13,490,3,10357527,1,1,1,1,84,1
3,13,490,3,10357527,1,1,2,1,99,1
3,13,490,3,18140786,91,1,1,1,33,9
3,13,490,3,18141285,104,1,1,2,61,1
3,13,549,1,16040,2,1,1,1,57,1
3,13,549,1,19210,1,2,1,1,79,1
3,13,549,1,19268,1,1,1,1,57,1
3,13,549,1,48540,1,1,1,1,99,1
3,13,549,1,81697,1,1,1,2,92,1
3,13,549,1,81774,1,1,1,2,95,9
3,13,549,1,81774,1,1,2,2,89,9
3,13,549,1,139052,1,1,1,1,0,2
3,13,549,1,197639,3,1,1,2,0,1
3,13,549,1,197662,2,1,1,1,20,1
3,13,549,1,197714,1,1,1,1,0,1
3,13,549,1,197714,1,2,1,1,0,1
3,13,549,1,492685,2,1,1,2,70,1
3,13,549,1,571811,1,1,1,1,23,1
3,13,549,1,633597,1,1,1,1,0,1
3,13,549,1,633597,1,1,2,1,0,1
3,13,549,1,1189637,1,1,1,1,68,1
3,13,549,1,1348357,1,2,1,2,71,1
3,13,549,1,1471391,1,1,1,2,61,1
3,13,549,1,1595333,1,1,1,2,70,1
3,13,549,1,1595334,1,1,1,1,26,2
3,13,549,1,1595346,1,1,1,2,0,9
3,13,549,1,1595355,1,1,1,1,60,1
3,13,549,1,1595454,3,1,1,1,24,9
3,13,549,1,1595510,1,1,1,1,24,1
3,13,549,1,1742862,2,1,1,2,53,1
3,13,549,1,900299212,1,1,1,1,37,2
3,13,549,1,900511091,1,1,1,1,52,1
3,13,549,1,900898830,1,1,1,1,37,9
3,13,549,1,900898830,1,1,2,1,96,9
3,13,549,2,429412,1,1,1,1,87,2
3,13,549,2,555980,1,1,1,2,65,9
3,13,549,2,834322,1,1,1,2,57,1
3,13,549,2,834407,1,1,1,2,72,1
3,13,549,2,834407,1,2,1,2,72,1
3,13,549,2,1189481,1,1,1,1,80,1
3,13,549,2,3013612,1,1,1,2,84,2
3,13,549,2,3013803,1,1,1,2,1,1
3,13,549,2,3018415,1,2,1,2,73,9
3,13,549,2,3018433,1,1,1,2,54,2
3,13,549,2,3221396,1,1,1,1,29,9
3,13,549,2,3221907,1,1,1,1,62,2
3,13,549,2,3244700,1,1,1,1,29,1
3,13,549,2,3244707,2,1,1,2,43,1
3,13,549,2,3244723,1,1,1,2,65,1
3,13,549,2,3244749,1,1,1,2,43,1
3,13,549,2,3767485,2,1,1,1,4,2
3,13,549,2,3768094,1,2,1,1,78,2
3,13,549,2,3769166,2,2,1,1,90,9
3,13,549,2,4742015,1,1,1,1,84,9
3,13,549,2,4742044,1,1,1,2,65,1
3,13,549,2,4986832,1,1,1,1,92,2
3,13,549,2,4986909,1,1,1,1,38,9
3,13,549,2,4992529,1,1,1,1,72,9
3,13,549,2,4992529,1,2,1,1,78,9
3,13,549,2,5192475,1,1,1,1,75,2
3,13,549,2,5192920,1,1,1,1,64,1
3,13,549,2,5192971,1,2,1,1,91,9
3,13,549,2,5193329,1,1,1,1,61,1
3,13,549,2,5324203,1,1,1,2,87,1
3,13,549,2,5324212,1,2,1,1,70,1
3,13,549,2,5324243,2,1,1,1,73,1
3,13,549,2,5326067,1,1,1,2,45,1
3,13,549,2,5573974,1,2,1,2,62,2
3,13,549,2,5783300,1,1,1,1,95,9
3,13,549,2,5783424,1,1,1,1,20,9
3,13,549,2,5788334,1,2,1,2,34,2
3,13,549,2,5788541,1,1,1,1,90,2
3,13,549,2,6040319,1,1,1,2,64,9
3,13,549,2,6040907,1,1,1,2,45,9
3,13,549,2,6041144,1,2,1,1,98,1
3,13,549,2,6041144,1,2,2,1,70,2
3,13,549,2,6041226,1,1,1,1,72,2
3,13,549,2,6042767,1,1,1,1,56,1
3,13,549,2,6043499,1,1,1,2,89,9
3,13,549,2,6043499,1,2,1,2,85,2
3,13,549,2,6264650,1,3,1,1,41,1
3,13,549,2,6265245,1,2,1,1,88,2
3,13,549,2,6265587,1,2,1,2,72,9
3,13,549,2,6266390,1,1,1,2,52,1
3,13,549,2,6482200,2,1,1,1,18,1
3,13,549,2,6482349,1,1,1,2,0,9
3,13,549,2,6482487,1,1,1,2,39,1
3,13,549,2,6482615,1,1,1,1,65,1
3,13,549,2,6485470,1,1,1,2,38,9
3,13,549,2,6485683,1,1,1,2,70,9
3,13,549,2,6485747,1,1,1,1,65,9
3,13,549,2,6485859,1,1,1,2,0,9
3,13,549,2,6486795,1,3,1,1,83,1
3,13,549,2,6872808,1,2,1,1,2,2
3,13,549,2,6923300,1,1,1,2,63,9
3,13,549,2,7597134,1,2,1,1,85,1
3,13,549,2,7603169,1,1,1,1,50,1
3,13,549,2,7603169,1,1,2,1,48,1
3,13,549,2,7603169,1,1,3,2,52,1
3,13,549,2,7603458,1,1,1,1,86,9
3,13,549,2,7769344,1,2,1,1,76,2
3,13,549,2,7770091,1,3,1,2,92,1
3,13,549,2,8193301,2,1,1,2,85,2
3,13,549,2,8439453,1,1,1,2,57,1
3,13,549,2,8639062,1,1,1,1,55,2
3,13,549,2,8639087,1,1,1,1,28,1
3,13,549,2,8870500,1,1,1,2,67,1
3,13,549,2,9181745,1,1,1,1,85,1
3,13,549,2,9351017,1,1,1,1,86,9
3,13,549,2,13145922,1,2,1,1,23,2
3,13,549,2,14582859,1,1,1,2,85,1
3,13,549,2,14780363,1,1,1,1,31,2
3,13,549,2,14782466,1,1,1,2,4,1
3,13,549,2,15221905,2,1,1,2,43,1
3,13,549,2,15221905,2,2,1,2,76,1
3,13,549,2,15222096,1,1,1,2,76,2
3,13,549,2,16006922,1,1,1,1,73,2
3,13,549,2,16007220,1,1,1,1,69,9
3,13,549,2,16007715,1,1,1,1,17,1
3,13,549,2,16007894,1,2,1,2,30,1
3,13,549,2,16008088,1,1,1,1,0,1
3,13,549,2,16008199,1,1,1,2,85,1
3,13,549,2,16992073,1,1,1,1,81,2
3,13,549,2,16993095,1,1,1,2,4,1
3,13,549,2,16993301,1,1,1,1,75,1
3,13,549,2,16994868,1,3,1,2,56,9
3,13,549,2,17134142,1,1,1,1,53,2
3,13,549,3,3244683,1,1,1,2,62,1
3,13,549,3,3342244,1,1,1,1,60,2
3,13,549,3,3587630,1,1,1,1,86,2
3,13,549,3,3767488,1,1,1,2,70,1
3,13,549,3,4415718,1,1,1,2,32,2
3,13,549,3,4415718,1,2,1,2,32,2
3,13,549,3,4548150,1,1,1,1,16,1
3,13,549,3,4548364,1,1,1,1,80,9
3,13,549,3,9802311,1,1,1,1,53,2
3,13,549,3,9803439,1,2,1,2,28,2
3,13,549,3,10077353,12,1,1,1,75,1
3,13,549,3,10079649,3,2,1,1,93,1
3,13,549,3,10283011,1,1,1,1,96,1
3,13,549,3,10283011,1,1,2,2,90,1
3,13,549,3,10284163,27,1,1,1,85,2
3,13,549,3,10284467,1,1,1,1,20,2
3,13,549,3,10527425,28,2,1,2,93,2
3,13,549,3,10530090,12,2,1,1,30,9
3,13,549,3,10531889,25,1,1,1,76,1
3,13,549,3,10532111,3,1,1,1,65,2
3,13,549,3,12198395,11,1,1,1,86,1
3,13,549,3,13143876,1,1,1,2,67,9
3,13,549,3,13144174,1,1,1,1,87,2
3,13,549,3,13144672,1,2,1,1,69,2
3,13,549,3,13574999,1,1,1,2,69,1
3,13,549,3,13575030,1,1,1,2,9,1
3,13,549,3,13936712,1,1,1,2,80,2
3,13,549,3,13936728,1,1,1,2,60,1
3,13,549,3,13936866,1,1,1,2,80,1
3,13,549,3,14301163,1,1,1,1,65,2
3,13,549,3,14301281,2,1,1,1,38,2
3,13,549,3,14448882,2,1,1,2,5,9
3,13,549,3,14448882,2,1,2,1,5,9
3,13,549,3,14450425,1,3,1,1,62,2
3,13,549,3,14450425,1,3,2,2,0,2
3,13,549,3,15226284,1,1,1,1,69,9
3,13,549,3,15226284,1,2,1,1,69,2
3,13,549,3,16007242,1,1,1,2,3,2
3,13,549,3,902047598,1,1,1,1,34,1
3,13,580,1,2427832,2,2,1,2,71,1
3,13,580,1,2427832,2,2,2,1,64,1
3,13,580,1,2427868,1,1,1,2,96,1
3,13,580,1,2427868,1,2,1,2,96,1
3,13,580,1,2554318,1,1,1,1,63,2
3,13,580,1,3179617,1,3,1,2,34,9
3,13,580,1,3688506,1,1,1,2,24,1
3,13,580,1,5549777,1,1,1,1,70,1
3,13,580,1,6648203,1,1,1,2,90,1
3,13,580,1,6891178,1,2,1,1,29,1
3,13,580,1,8195406,1,1,1,1,23,1
3,13,580,1,9547517,2,1,1,1,35,1
3,13,580,1,900325020,1,1,1,2,72,9
3,13,580,1,900434353,1,1,1,1,71,9
3,13,580,2,2248542,1,1,1,1,83,1
3,13,580,2,2427942,1,1,1,2,68,1
3,13,580,2,2781807,1,1,1,1,60,1
3,13,580,2,2781807,1,2,1,1,60,1
3,13,580,2,7291004,1,2,1,1,65,1
3,13,580,2,7291239,1,1,1,2,59,1
3,13,580,3,5273660,2,1,1,2,1,9
3,13,580,3,14233815,1,1,1,1,27,9
3,13,580,3,15265648,1,1,1,2,38,2
3,13,580,3,15866974,2,1,1,1,84,1
3,13,600,1,2776791,1,2,1,1,63,1
3,13,600,1,2781620,1,1,1,2,39,1
3,13,600,1,2881876,1,1,1,2,82,2
3,13,600,1,2881888,1,1,1,2,39,1
3,13,600,1,3040396,1,1,1,2,74,1
3,13,600,1,3257937,1,1,1,2,64,9
3,13,600,1,3453459,1,1,1,1,81,2
3,13,600,1,3565314,1,1,1,1,90,1
3,13,600,1,4255990,1,1,1,1,38,1
3,13,600,1,4603071,1,1,1,1,74,1
3,13,600,1,4813501,1,1,1,1,86,1
3,13,600,1,5045850,1,1,1,2,78,1
3,13,600,1,5323838,1,2,1,2,73,1
3,13,600,1,5324351,1,2,1,2,83,1
3,13,600,1,5936112,2,1,1,2,74,1
3,13,600,1,6098052,1,1,1,1,83,1
3,13,600,1,6329956,1,1,1,2,72,1
3,13,600,1,6329962,1,1,1,2,75,1
3,13,600,1,6329976,1,1,1,2,72,1
3,13,600,1,6329981,1,1,1,1,32,2
3,13,600,1,6789266,1,1,1,2,62,2
3,13,600,1,6987178,1,1,1,2,12,2
3,13,600,2,3787195,1,1,1,1,22,2
3,13,600,2,4255984,1,1,1,1,18,2
3,13,600,2,4256010,1,1,1,1,2,2
3,13,600,2,5259249,1,1,1,1,58,2
3,13,600,2,5259263,1,1,1,1,91,9
3,13,600,2,5324491,1,1,1,1,65,2
3,13,600,2,5933643,1,1,1,2,28,2
3,13,600,2,5933731,1,1,1,2,45,9
3,13,600,3,4466403,1,1,1,1,54,2
3,13,600,3,6329952,1,1,1,1,28,9
3,13,600,3,8091423,1,1,1,1,0,9
3,13,600,3,11809813,1,1,1,1,0,2
3,13,600,3,14953540,1,1,1,1,0,2
3,13,600,3,15145861,1,1,1,1,21,9
3,13,600,3,15235843,1,1,1,1,37,9
3,13,600,3,17834104,1,1,1,1,1,9
3,13,600,3,900743889,1,1,1,2,81,9
3,13,620,1,144726,1,1,1,1,75,1
3,13,620,1,144769,1,1,1,2,86,9
3,13,620,1,198934,1,1,1,2,95,2
3,13,620,1,241589,1,1,1,1,82,2
3,13,620,1,241611,1,1,1,1,78,1
3,13,620,1,241611,1,1,2,1,54,1
3,13,620,1,241615,1,2,1,2,89,2
3,13,620,1,241620,2,1,1,2,82,1
3,13,620,1,241633,1,1,1,2,82,1
3,13,620,1,241633,1,2,1,2,82,1
3,13,620,1,290562,1,1,1,1,85,2
3,13,620,1,290587,1,1,1,1,32,1
3,13,620,1,290735,3,1,1,2,82,1
3,13,620,1,347456,1,1,1,1,91,2
3,13,620,1,442335,1,1,1,2,90,1
3,13,620,1,442436,1,1,1,1,81,9
3,13,620,1,538536,1,1,1,1,76,1
3,13,620,1,538545,1,1,1,2,95,1
3,13,620,1,559878,1,1,1,2,72,1
3,13,620,1,560170,1,1,1,2,84,1
3,13,620,1,679711,1,1,1,1,69,1
3,13,620,1,739308,2,1,1,1,56,2
3,13,620,1,870972,1,1,1,2,85,1
3,13,620,1,870974,1,1,1,1,80,1
3,13,620,1,1405098,1,1,1,1,36,1
3,13,620,1,1405098,1,3,1,1,36,1
3,13,620,1,1627632,1,1,1,2,82,1
3,13,620,1,1627632,1,1,2,1,83,1
3,13,620,1,1800572,1,1,1,2,28,1
3,13,620,1,1801628,1,1,1,2,79,2
3,13,620,1,1967356,1,1,1,1,78,2
3,13,620,1,1967382,1,1,1,2,85,1
3,13,620,1,2124243,1,1,1,2,83,1
3,13,620,1,2124243,1,1,2,1,84,1
3,13,620,1,2303600,1,3,1,1,55,2
3,13,620,1,2303600,1,3,2,1,70,2
3,13,620,1,2426314,1,1,1,2,5,1
3,13,620,1,2620197,1,3,1,1,90,1
3,13,620,1,2802792,1,3,1,2,83,1
3,13,620,1,2802792,1,3,2,1,62,1
3,13,620,1,2993890,1,2,1,2,61,1
3,13,620,1,3025444,1,1,1,2,62,9
3,13,620,1,3216717,1,1,1,1,97,1
3,13,620,1,3237938,1,2,1,1,82,1
3,13,620,1,3670769,1,1,1,1,85,1
3,13,620,1,4052400,1,1,1,2,46,1
3,13,620,1,4448595,1,1,1,1,0,2
3,13,620,1,4448601,1,1,1,2,71,1
3,13,620,1,4650608,1,1,1,1,1,1
3,13,620,1,5046563,1,1,1,2,34,1
3,13,620,1,5046567,2,1,1,1,66,1
3,13,620,1,5286636,1,1,1,2,93,1
3,13,620,1,6614003,1,1,1,2,0,1
3,13,620,2,560518,1,1,1,1,68,1
3,13,620,2,560663,1,1,1,2,83,1
3,13,620,2,635620,1,1,1,1,59,1
3,13,620,2,1405123,1,1,1,2,65,1
3,13,620,2,1631819,1,1,1,2,51,1
3,13,620,2,1800125,1,1,1,2,64,1
3,13,620,2,1800150,1,2,1,1,63,1
3,13,620,2,2303607,1,2,1,1,87,1
3,13,620,2,2426298,1,2,1,2,54,2
3,13,620,2,2426298,1,2,2,2,84,2
3,13,620,2,2426298,1,3,1,2,54,2
3,13,620,2,2426298,1,3,2,2,88,2
3,13,620,2,2633142,1,1,1,1,87,1
3,13,620,3,5283531,1,1,1,1,84,1
3,13,620,3,5283531,1,1,2,2,84,1
3,13,647,1,535370,1,1,1,1,42,1
3,13,647,1,535374,1,1,1,2,70,1
3,13,647,1,535378,1,2,1,1,83,1
3,13,647,1,535857,1,1,1,2,77,1
3,13,647,1,538386,1,1,1,2,75,2
3,13,647,1,538758,1,1,1,2,86,1
3,13,647,1,1156949,1,1,1,2,81,1
3,13,647,1,1156999,2,1,1,2,95,1
3,13,647,1,1157019,1,5,1,1,97,1
3,13,647,1,1248766,1,1,1,2,78,1
3,13,647,1,1248824,1,1,1,2,19,1
3,13,647,1,1671630,1,1,1,1,90,1
3,13,647,1,1839501,1,1,1,2,80,1
3,13,647,1,2006216,1,2,1,1,0,2
3,13,647,1,2685388,1,1,1,2,79,1
3,13,647,1,3240956,1,1,1,1,0,9
3,13,647,1,3243048,1,2,1,1,23,1
3,13,647,1,4005650,1,1,1,1,0,1
3,13,647,1,4005667,1,1,1,2,98,1
3,13,647,1,4610245,2,1,1,2,82,1
3,13,647,1,4610320,1,1,1,2,72,1
3,13,647,1,4610320,1,1,2,1,72,1
3,13,647,1,4812352,1,1,1,2,80,1
3,13,647,1,4816509,1,1,1,2,77,1
3,13,647,1,4816959,1,1,1,1,29,1
3,13,647,1,5253725,1,1,1,2,97,1
3,13,647,1,5253733,1,1,1,1,65,1
3,13,647,1,5327693,2,1,1,1,62,1
3,13,647,1,5328104,2,1,1,2,78,1
3,13,647,1,6254563,1,1,1,2,56,1
3,13,647,1,6695401,1,1,1,1,76,9
3,13,647,1,6696355,1,4,1,1,0,9
3,13,647,1,6696355,1,4,2,2,0,9
3,13,647,1,6699042,1,1,1,2,45,1
3,13,647,1,6705123,1,1,1,2,89,1
3,13,647,1,6889220,1,1,1,1,70,1
3,13,647,1,7371930,1,1,1,1,63,1
3,13,647,1,7372429,1,1,1,2,77,1
3,13,647,1,7372581,3,1,1,1,83,1
3,13,647,1,7372998,1,1,1,1,59,1
3,13,647,1,7555003,1,1,1,1,10,1
3,13,647,1,7773577,1,2,1,1,82,1
3,13,647,1,7979758,1,1,1,2,97,1
3,13,647,1,7983556,1,1,1,2,67,1
3,13,647,1,7984073,2,2,1,2,86,1
3,13,647,1,8194372,2,1,1,2,60,1
3,13,647,1,8546517,1,1,1,2,70,1
3,13,647,1,8601906,1,1,1,2,56,1
3,13,647,1,8603834,1,1,1,2,99,1
3,13,647,1,10374962,1,1,1,1,42,1
3,13,647,1,11611573,2,1,1,1,81,1
3,13,647,1,12032379,1,2,1,2,99,1
3,13,647,1,902038111,1,1,1,1,70,1
3,13,647,2,536624,1,1,1,1,25,1
3,13,647,2,536643,2,1,1,2,54,1
3,13,647,2,537266,1,1,1,2,86,1
3,13,647,2,537274,1,1,1,1,85,1
3,13,647,2,537282,1,1,1,1,85,1
3,13,647,2,537282,1,1,2,1,75,1
3,13,647,2,537285,1,1,1,2,100,1
3,13,647,2,537310,1,1,1,1,75,1
3,13,647,2,539454,1,1,1,1,0,2
3,13,647,2,539522,1,1,1,1,76,1
3,13,647,2,539533,1,1,1,1,0,9
3,13,647,2,1158030,2,1,1,1,101,1
3,13,647,2,1158114,1,1,1,1,48,2
3,13,647,2,1158115,1,1,1,2,64,1
3,13,647,2,1158119,1,1,1,1,95,1
3,13,647,2,1158119,1,1,2,2,75,1
3,13,647,2,1158125,1,2,1,1,66,1
3,13,647,2,1158130,1,3,1,2,80,1
3,13,647,2,1248775,1,1,1,1,73,1
3,13,647,2,1392945,1,1,1,2,32,2
3,13,647,2,1392945,1,1,2,2,34,2
3,13,647,2,1392945,1,1,3,1,26,2
3,13,647,2,1392973,1,1,1,1,30,1
3,13,647,2,1671657,1,1,1,2,0,9
3,13,647,2,1839485,1,1,1,2,88,1
3,13,647,2,1839502,1,1,1,1,60,2
3,13,647,2,1839502,1,1,2,1,58,2
3,13,647,2,2006228,1,2,1,1,0,9
3,13,647,2,2182337,1,1,1,2,79,1
3,13,647,2,2342652,1,1,1,1,58,2
3,13,647,2,2342718,1,1,1,2,97,1
3,13,647,2,2685356,1,1,1,1,46,1
3,13,647,2,2685356,1,1,2,2,70,1
3,13,647,2,2685479,1,1,1,1,51,1
3,13,647,2,2880426,1,1,1,2,55,1
3,13,647,2,2880447,1,2,1,1,95,1
3,13,647,3,901932705,1,1,1,2,82,1
3,13,647,3,901932705,1,1,2,2,82,1
3,13,650,1,141983,1,1,1,1,71,1
3,13,650,1,142065,1,1,1,2,98,1
3,13,650,1,142400,1,1,1,2,84,9
3,13,650,1,150141,1,1,1,2,95,1
3,13,650,1,241162,1,1,1,1,60,9
3,13,650,1,241172,1,1,1,1,66,2
3,13,650,1,241365,1,1,1,1,33,1
3,13,650,1,241395,1,2,1,2,92,1
3,13,650,1,332099,1,1,1,1,54,1
3,13,650,1,358428,1,1,1,2,101,1
3,13,650,1,641881,1,2,1,1,87,1
3,13,650,1,735869,1,1,1,1,76,1
3,13,650,1,735874,1,1,1,2,65,1
3,13,650,1,928448,1,1,1,1,67,1
3,13,650,1,928448,1,1,2,2,94,1
3,13,650,1,1250387,1,1,1,2,65,1
3,13,650,1,1581233,1,1,1,2,87,1
3,13,650,1,2081383,1,1,1,1,74,1
3,13,650,1,2081383,1,1,2,1,21,1
3,13,650,1,2567319,1,1,1,2,51,1
3,13,650,1,2567399,1,1,1,1,78,1
3,13,650,1,3582147,1,1,1,2,0,1
3,13,650,1,901392756,1,1,1,2,23,1
3,13,650,2,141151,1,2,1,1,66,1
3,13,650,2,141155,1,1,1,1,35,1
3,13,650,2,141162,3,1,1,1,34,1
3,13,650,2,141164,1,1,1,1,67,9
3,13,650,2,141196,1,1,1,2,88,1
3,13,650,2,141995,1,2,1,2,84,9
3,13,650,2,142018,1,1,1,2,72,1
3,13,650,2,142021,1,1,1,1,84,9
3,13,650,2,142059,2,1,1,1,89,1
3,13,650,2,142110,1,1,1,1,42,1
3,13,650,2,142121,1,2,1,2,0,1
3,13,650,2,142143,1,1,1,2,85,1
3,13,650,2,142152,1,1,1,1,66,1
3,13,650,2,150164,1,2,1,2,86,9
3,13,650,2,296082,1,1,1,1,72,1
3,13,650,2,296144,1,1,1,1,98,1
3,13,650,2,332101,1,1,1,1,77,1
3,13,650,2,358329,1,1,1,1,30,1
3,13,650,2,358617,1,1,1,1,71,2
3,13,650,2,365980,1,1,1,1,23,1
3,13,650,2,369074,1,1,1,1,80,2
3,13,650,2,370758,1,1,1,1,25,9
3,13,650,2,370775,1,1,1,2,93,1
3,13,650,2,428321,1,1,1,1,83,1
3,13,650,2,489569,1,1,1,1,57,1
3,13,650,2,489588,1,1,1,2,64,1
3,13,650,2,489613,3,1,1,2,97,1
3,13,650,2,554913,1,1,1,1,74,1
3,13,650,2,554963,1,1,1,1,75,1
3,13,650,2,643234,1,1,1,2,52,9
3,13,650,2,735996,1,1,1,1,46,1
3,13,650,2,1581146,1,1,1,1,97,2
3,13,650,2,1787301,1,1,1,1,95,1
3,13,650,2,1923154,1,1,1,2,73,1
3,13,650,2,1923251,1,1,1,1,79,1
3,13,650,2,1923296,1,1,1,1,0,9
3,13,650,2,2752340,1,1,1,1,33,9
3,13,650,2,2752340,1,1,2,1,35,9
3,13,650,2,3582163,1,1,1,2,40,9
3,13,650,2,5045401,1,1,1,2,82,9
3,13,650,2,5045430,1,1,1,2,86,1
3,13,650,2,901624904,1,1,1,1,50,2
3,13,650,2,901624904,1,1,2,2,96,2
3,13,650,3,1250374,1,1,1,2,0,9
3,13,650,3,1581147,1,2,1,1,74,1
3,13,650,3,2567385,1,1,1,1,1,1
3,13,650,3,2569121,1,1,1,1,56,1
3,13,650,3,2752453,1,1,1,2,44,1
3,13,650,3,2752453,1,1,2,1,56,1
3,13,650,3,3163193,1,1,1,1,48,2
3,13,650,3,4098463,1,1,1,1,102,2
3,13,650,3,4946547,1,1,1,1,0,9
3,13,650,3,4946602,1,2,1,2,51,2
3,13,650,3,5329040,1,1,1,1,81,1
3,13,650,3,5331674,1,2,1,1,74,1
3,13,650,3,5599864,1,1,1,1,34,9
3,13,650,3,5603278,1,1,1,2,88,1
3,13,654,1,48321,1,1,1,2,85,1
3,13,654,1,49433,1,1,1,1,84,1
3,13,654,1,77776,1,1,1,1,89,1
3,13,654,1,82012,1,1,1,2,97,1
3,13,654,1,105322,1,1,1,1,82,1
3,13,654,1,127733,1,1,1,1,0,1
3,13,654,1,146080,1,1,1,2,82,2
3,13,654,1,257395,1,1,1,2,62,1
3,13,654,1,257399,1,1,1,1,91,1
3,13,654,1,288101,1,1,1,1,45,1
3,13,654,1,288136,1,1,1,1,18,1
3,13,654,1,354391,1,1,1,2,86,1
3,13,654,1,365627,1,1,1,1,28,1
3,13,654,1,365654,1,1,1,2,29,1
3,13,654,1,365783,1,1,1,2,77,1
3,13,654,1,366161,1,1,1,2,61,1
3,13,654,1,420094,1,1,1,2,51,1
3,13,654,1,420234,1,1,1,1,65,1
3,13,654,1,420235,1,1,1,1,84,1
3,13,654,1,523399,3,1,1,2,29,1
3,13,654,1,523443,1,1,1,1,56,1
3,13,654,1,822913,1,1,1,1,85,1
3,13,654,1,1017932,1,1,1,1,1,1
3,13,654,1,1164784,1,1,1,1,88,1
3,13,654,1,1164800,1,1,1,1,85,1
3,13,654,1,1312293,1,1,1,1,67,1
3,13,654,1,1312775,1,1,1,2,74,1
3,13,654,1,1476671,1,1,1,1,23,2
3,13,654,1,1734484,1,1,1,1,90,1
3,13,654,1,1914172,1,1,1,1,90,2
3,13,654,1,2267487,1,1,1,1,80,1
3,13,654,1,2557800,1,1,1,1,19,1
3,13,654,1,2947740,1,1,1,1,78,1
3,13,654,1,3127363,1,1,1,1,58,1
3,13,654,1,3127731,1,1,1,2,55,1
3,13,654,1,3328626,1,1,1,1,25,1
3,13,654,1,3328784,1,1,1,1,1,1
3,13,654,1,3516539,1,1,1,1,92,1
3,13,654,1,3666901,1,1,1,2,33,1
3,13,654,1,3879245,1,1,1,1,47,1
3,13,654,1,3879559,1,1,1,1,22,1
3,13,654,1,3880363,1,1,1,2,51,1
3,13,654,1,3880442,1,1,1,2,3,1
3,13,654,1,4077960,1,1,1,2,87,1
3,13,654,1,4077970,1,1,1,2,59,2
3,13,654,1,4078007,1,1,1,2,15,1
3,13,654,1,4420228,1,1,1,2,50,1
3,13,654,1,4420298,1,1,1,1,8,1
3,13,654,1,4524329,1,1,1,1,94,1
3,13,654,1,4524489,1,2,1,1,87,1
3,13,654,1,4524713,1,1,1,2,89,1
3,13,654,1,4525008,1,1,1,2,55,1
3,13,654,1,4525343,1,1,1,1,41,1
3,13,654,1,4666459,1,1,1,2,57,1
3,13,654,1,4666656,1,1,1,1,68,1
3,13,654,1,4668435,1,1,1,2,72,1
3,13,654,1,4668793,1,1,1,2,83,1
3,13,654,1,4883782,1,1,1,1,92,1
3,13,654,1,4884033,1,1,1,2,83,1
3,13,654,1,4885568,1,1,1,2,32,1
3,13,654,1,5149633,1,1,1,2,97,1
3,13,654,1,5149820,1,1,1,1,36,1
3,13,654,1,5149947,1,1,1,2,66,1
3,13,654,1,5150479,1,1,1,2,41,1
3,13,654,1,5150538,1,1,1,1,61,1
3,13,654,1,5440336,1,1,1,2,61,1
3,13,654,1,5585778,1,1,1,2,86,1
3,13,654,1,5585778,1,1,2,1,63,1
3,13,654,1,5586774,1,1,1,1,21,1
3,13,654,1,5725532,4,1,1,2,85,1
3,13,654,1,5725559,2,1,1,1,34,1
3,13,654,1,5727056,2,1,1,2,55,1
3,13,654,1,5727356,2,1,1,2,68,1
3,13,654,1,5727386,1,1,1,2,53,1
3,13,654,1,5993041,9,1,1,1,91,1
3,13,654,1,5993163,13,1,1,1,80,1
3,13,654,1,5994599,1,1,1,2,77,1
3,13,654,1,6240692,1,1,1,2,70,1
3,13,654,1,6240804,1,1,1,2,85,1
3,13,654,1,6240881,1,1,1,2,98,1
3,13,654,1,6431912,1,1,1,2,61,1
3,13,654,1,6636207,1,1,1,1,69,1
3,13,654,1,6636965,1,1,1,1,45,2
3,13,654,1,7043115,1,1,1,2,92,1
3,13,654,1,7043241,1,1,1,1,84,1
3,13,654,1,7272768,1,1,1,1,90,9
3,13,654,1,7273195,1,1,1,1,35,1
3,13,654,1,7779178,1,1,1,1,34,1
3,13,654,1,7784202,1,1,1,1,52,1
3,13,654,1,7784462,1,1,1,2,89,1
3,13,654,1,7936435,1,1,1,2,102,1
3,13,654,1,7936467,1,1,1,2,3,1
3,13,654,1,8215539,1,1,1,1,72,1
3,13,654,1,8215833,1,1,1,1,88,1
3,13,654,1,8383332,2,1,1,1,60,1
3,13,654,1,8589525,1,1,1,2,74,1
3,13,654,1,8589829,1,1,1,2,57,1
3,13,654,1,8590152,1,1,1,1,66,1
3,13,654,1,8817943,1,1,1,2,67,1
3,13,654,1,9306060,1,1,1,2,54,1
3,13,654,1,9306062,1,1,1,1,45,9
3,13,654,1,9486577,1,2,1,1,88,2
3,13,654,1,9486683,1,1,1,2,76,1
3,13,654,1,9736941,1,1,1,1,42,1
3,13,654,1,9737256,1,1,1,1,68,1
3,13,654,1,9737396,1,1,1,1,1,1
3,13,654,1,9962863,1,1,1,1,39,1
3,13,654,1,9962968,1,1,1,2,64,1
3,13,654,1,10227672,1,1,1,1,25,1
3,13,654,1,10445866,2,1,1,1,83,1
3,13,654,1,11064959,1,1,1,1,70,2
3,13,654,1,11065747,2,1,1,1,60,1
3,13,654,1,11065903,1,1,1,2,73,1
3,13,654,1,11613214,1,1,1,1,86,1
3,13,654,1,11613241,1,1,1,2,98,1
3,13,654,1,11613303,3,1,1,1,80,9
3,13,654,1,11905187,1,1,1,1,90,1
3,13,654,1,11905489,1,1,1,1,51,1
3,13,654,1,12127782,1,1,1,1,96,1
3,13,654,1,12127795,1,1,1,2,79,1
3,13,654,1,12128173,1,1,1,2,86,1
3,13,654,1,12371371,1,1,1,2,50,1
3,13,654,1,12371565,1,1,1,2,97,1
3,13,654,1,113268518,13,1,1,1,80,1
3,13,654,1,900390226,1,1,1,1,95,9
3,13,654,1,900453917,1,1,1,1,51,1
3,13,654,1,900589543,1,1,1,1,87,1
3,13,654,1,900640474,1,1,1,1,2,1
3,13,654,1,900773156,1,1,1,2,0,1
3,13,654,1,900842853,1,1,1,2,76,2
3,13,654,2,1563271,1,1,1,1,75,1
3,13,654,2,1563271,1,1,2,1,65,1
3,13,654,2,1563300,1,1,1,1,72,9
3,13,654,2,1563304,2,1,1,1,71,9
3,13,654,2,1914264,1,1,1,1,65,1
3,13,654,2,2065702,1,1,1,1,75,1
3,13,654,2,2763380,1,1,1,2,105,1
3,13,654,2,2763466,1,1,1,1,60,2
3,13,654,3,9486636,1,1,1,2,78,2
3,13,654,3,14052717,1,1,1,1,0,2
3,13,654,3,14699770,1,1,1,1,49,9
3,13,654,3,113268398,1,1,1,1,26,2
3,13,654,3,113268399,1,2,1,1,1,2
3,13,654,3,113268500,3,1,1,2,60,2
3,13,654,3,113268504,2,1,1,1,30,2
3,13,654,3,113268513,2,1,1,1,75,1
3,13,655,1,561416,1,1,1,2,0,2
3,13,655,1,561416,1,1,2,1,0,2
3,13,655,1,561416,1,1,3,9,999,9
3,13,655,1,987985,1,1,1,1,62,1
3,13,655,1,1159806,1,1,1,1,70,2
3,13,655,1,1159806,1,1,2,2,30,9
3,13,655,1,3482579,1,1,1,1,80,9
3,13,655,1,4827046,1,1,1,2,105,2
3,13,655,1,4940695,1,1,1,2,99,1
3,13,655,1,5377319,1,1,1,1,75,1
3,13,655,1,5377320,1,1,1,1,65,2
3,13,655,1,5904106,1,1,1,1,22,2
3,13,655,1,5904334,1,1,1,2,0,2
3,13,655,1,7703294,1,1,1,2,90,2
3,13,655,1,7703301,1,1,1,1,78,2
3,13,655,1,7703311,1,1,1,2,85,1
3,13,655,1,7801740,1,1,1,2,100,2
3,13,655,1,8629038,1,1,1,2,0,2
3,13,655,1,113268045,1,1,1,2,82,9
3,13,655,1,113268060,1,1,1,1,78,9
3,13,655,2,504253,3,1,1,2,88,1
3,13,655,2,504279,1,1,1,1,86,1
3,13,655,2,504279,1,1,2,2,84,1
3,13,655,2,6245024,12,1,1,2,70,2
3,13,655,2,7000750,9,1,1,2,86,1
3,13,655,2,8392550,10,1,1,2,90,2
3,13,655,2,8392597,15,1,1,2,68,2
3,13,655,2,9494679,9,1,1,2,78,1
3,13,655,2,9734019,5,1,1,2,52,1
3,13,655,2,12146180,1,2,1,2,92,1
3,13,655,2,14534680,1,1,1,2,61,9
3,13,655,2,14690923,2,2,1,2,50,1
3,13,655,2,14690931,1,1,1,1,60,9
3,13,655,2,16853307,3,1,1,1,105,2
3,13,655,2,16853307,3,1,2,1,70,2
3,13,655,3,987969,1,1,1,2,1,1
3,13,655,3,2823320,3,1,1,2,102,2
3,13,655,3,3216704,1,1,1,1,89,9
3,13,655,3,3479891,1,1,1,2,95,9
3,13,655,3,3480177,5,1,1,2,82,1
3,13,655,3,3534664,1,1,1,1,70,2
3,13,655,3,4941817,1,1,1,1,88,1
3,13,655,3,5376753,3,1,1,1,56,9
3,13,655,3,5376773,1,1,1,2,100,2
3,13,655,3,5377025,2,1,1,1,78,1
3,13,655,3,5378278,1,1,1,2,85,2
3,13,655,3,5378278,1,1,2,1,73,2
3,13,655,3,8840858,1,1,1,1,62,1
3,13,655,3,9981544,1,1,1,1,88,1
3,13,655,3,9981548,1,1,1,1,88,2
3,13,655,3,10200765,1,1,1,1,85,1
3,13,655,3,10507316,1,1,1,1,70,9
3,13,655,3,10507482,2,1,1,1,93,9
3,13,655,3,15512697,1,1,1,1,43,1
3,13,655,3,15866740,1,1,1,1,16,2
3,13,655,3,15866785,2,1,1,1,75,9
3,13,655,3,16233642,1,1,1,2,3,1
3,13,655,3,16352419,1,1,1,2,4,2
3,13,655,3,17030097,2,1,1,1,78,1
3,13,655,3,17030547,1,1,1,1,70,2
3,13,655,3,17241985,1,1,1,2,89,9
3,13,655,3,17306182,3,1,1,2,70,9
3,13,655,3,17306341,1,1,1,1,85,2
3,13,655,3,17382051,2,1,1,2,70,1
3,13,655,3,17487163,2,1,1,1,50,1
3,13,655,3,17657557,1,1,1,1,83,1
3,13,657,1,260005,1,1,1,1,83,9
3,13,657,1,260012,1,1,1,1,45,1
3,13,657,1,260022,1,1,1,1,71,1
3,13,657,1,261440,1,1,1,1,56,1
3,13,657,1,261464,1,1,1,1,63,1
3,13,657,1,261489,1,1,1,2,41,1
3,13,657,1,261549,1,1,1,2,89,9
3,13,657,1,299337,1,1,1,2,39,1
3,13,657,1,299396,1,1,1,1,23,1
3,13,657,1,299396,1,1,2,2,0,1
3,13,657,1,357183,1,1,1,2,69,1
3,13,657,1,387611,1,1,1,1,50,1
3,13,657,1,433168,1,1,1,2,82,1
3,13,657,1,575161,1,1,1,2,41,1
3,13,657,1,575191,1,1,1,1,79,1
3,13,657,1,575221,1,1,1,2,76,1
3,13,657,1,662935,1,1,1,2,81,1
3,13,657,1,662956,1,1,1,1,86,1
3,13,657,1,662964,1,1,1,2,95,1
3,13,657,1,668388,1,1,1,1,77,1
3,13,657,1,745934,1,2,1,1,98,1
3,13,657,1,746143,1,1,1,1,84,1
3,13,657,1,853513,2,1,1,2,84,1
3,13,657,1,853596,1,1,1,1,79,1
3,13,657,1,853609,1,1,1,1,80,1
3,13,657,1,853620,1,1,1,1,92,1
3,13,657,1,977390,1,1,1,2,88,1
3,13,657,1,977533,1,1,1,1,15,1
3,13,657,1,1113285,1,1,1,2,103,1
3,13,657,1,1113305,1,1,1,2,0,9
3,13,657,1,1113309,1,1,1,2,52,1
3,13,657,1,1113383,1,1,1,1,80,1
3,13,657,1,1374141,1,1,1,1,50,1
3,13,657,1,1374141,1,1,2,2,21,1
3,13,657,1,1374154,1,1,1,1,84,1
3,13,657,1,1374164,1,1,1,1,0,1
3,13,657,1,1376117,1,1,1,2,42,1
3,13,657,1,1376175,1,1,1,2,75,1
3,13,657,1,1501388,1,2,1,1,23,1
3,13,657,1,1501479,1,1,1,2,68,1
3,13,657,1,1659572,2,3,1,2,52,1
3,13,657,1,1841613,1,1,1,1,97,1
3,13,657,1,1841679,1,1,1,1,88,1
3,13,657,1,1841773,1,1,1,1,53,1
3,13,657,1,1990423,1,1,1,1,93,1
3,13,657,1,1992564,1,1,1,2,70,1
3,13,657,1,2148725,1,1,1,1,82,1
3,13,657,1,2294446,1,1,1,1,85,1
3,13,657,1,2457813,1,1,1,1,24,1
3,13,657,1,2457857,1,1,1,1,0,1
3,13,657,1,2609728,1,1,1,1,103,1
3,13,657,1,2609746,1,1,1,1,65,1
3,13,657,1,3175733,2,1,1,1,79,1
3,13,657,1,3378542,1,2,1,2,0,9
3,13,657,1,3381309,1,1,1,2,84,1
3,13,657,1,3381309,1,1,2,2,92,1
3,13,657,1,3548330,1,1,1,2,71,1
3,13,657,1,3708634,1,1,1,2,97,1
3,13,657,1,3708667,1,1,1,2,30,1
3,13,657,1,3708837,1,1,1,2,37,2
3,13,657,1,3931589,2,2,1,2,64,1
3,13,657,1,4112831,1,1,1,1,71,1
3,13,657,1,4112865,1,1,1,2,82,1
3,13,657,1,4112964,1,1,1,2,56,9
3,13,657,1,4116107,1,1,1,1,73,1
3,13,657,1,4383898,1,1,1,2,82,1
3,13,657,1,4550819,2,1,1,2,28,2
3,13,657,1,4736989,1,1,1,1,111,1
3,13,657,1,4736989,1,1,2,2,82,1
3,13,657,1,5168851,1,1,1,1,81,1
3,13,657,1,5590790,1,1,1,1,94,1
3,13,657,1,5591396,2,2,1,2,82,1
3,13,657,1,5591396,2,2,2,1,111,1
3,13,657,1,5593779,1,1,1,1,86,1
3,13,657,1,5786683,1,1,1,1,68,1
3,13,657,1,5787263,1,1,1,1,30,2
3,13,657,1,5790765,1,1,1,1,72,1
3,13,657,1,6236812,1,1,1,1,66,1
3,13,657,1,6237838,1,1,1,2,59,1
3,13,657,1,6237965,1,1,1,2,98,1
3,13,657,1,6445914,1,1,1,1,87,1
3,13,657,1,6447353,1,1,1,2,68,1
3,13,657,1,6744805,2,1,1,1,96,1
3,13,657,1,6745420,1,1,1,1,80,1
3,13,657,1,6748298,1,1,1,1,98,1
3,13,657,1,6748939,1,1,1,1,65,1
3,13,657,1,6894004,1,1,1,2,63,1
3,13,657,1,7085083,1,1,1,1,56,1
3,13,657,1,7781051,1,1,1,2,54,1
3,13,657,1,7782516,1,1,1,1,87,1
3,13,657,1,8165465,1,1,1,1,50,9
3,13,657,1,8165566,1,1,1,1,57,1
3,13,657,1,8165659,1,1,1,2,85,1
3,13,657,1,8398021,1,1,1,2,73,1
3,13,657,1,8398171,1,1,1,1,87,1
3,13,657,1,8739648,1,1,1,1,44,1
3,13,657,1,8741363,1,1,1,1,69,1
3,13,657,1,8743116,1,1,1,1,20,1
3,13,657,1,8907752,1,1,1,2,65,9
3,13,657,1,9066131,1,1,1,1,102,1
3,13,657,1,9305525,1,1,1,2,97,1
3,13,657,1,9305530,1,1,1,1,30,1
3,13,657,1,9305556,1,1,1,2,35,1
3,13,657,1,9643144,1,1,1,1,68,1
3,13,657,1,9643181,1,1,1,2,80,1
3,13,657,1,9643560,1,1,1,1,38,1
3,13,657,1,9831087,1,1,1,1,93,1
3,13,657,1,9831104,1,1,1,1,30,1
3,13,657,1,9831300,1,1,1,1,62,1
3,13,657,1,9831488,1,1,1,1,90,1
3,13,657,1,9832627,1,1,1,2,70,1
3,13,657,1,9977820,1,1,1,2,70,1
3,13,657,1,10286881,1,1,1,1,63,1
3,13,657,1,10539326,1,1,1,1,32,1
3,13,657,1,10706313,1,1,1,1,42,1
3,13,657,1,10706328,2,1,1,2,82,1
3,13,657,1,10706337,1,1,1,2,82,1
3,13,657,1,10706440,1,1,1,1,69,1
3,13,657,1,10706461,1,1,1,2,84,1
3,13,657,1,10936558,1,1,1,2,32,1
3,13,657,1,11474556,2,1,1,1,99,1
3,13,657,1,900320723,1,1,1,2,74,1
3,13,657,1,900320723,1,1,2,2,58,1
3,13,657,1,900490061,1,1,1,1,45,1
3,13,657,1,901335738,1,1,1,2,82,1
3,13,657,2,662753,1,1,1,2,74,1
3,13,657,2,853487,1,1,1,2,85,1
3,13,657,2,853493,1,1,1,1,94,1
3,13,657,2,853515,1,1,1,1,70,1
3,13,657,2,977451,1,1,1,2,67,1
3,13,657,2,977451,1,2,1,2,67,1
3,13,657,2,977451,1,3,1,2,67,1
3,13,657,2,977466,1,1,1,1,38,2
3,13,657,2,1113321,1,1,1,1,92,1
3,13,657,2,1113356,1,2,1,1,83,2
3,13,657,2,1113356,1,2,2,1,92,2
3,13,657,2,1501396,1,1,1,2,70,1
3,13,657,2,1501396,1,2,1,1,56,1
3,13,657,2,1501451,1,1,1,2,40,2
3,13,657,2,1501484,2,2,1,1,20,2
3,13,657,2,1841565,1,1,1,1,73,1
3,13,657,2,1994327,1,1,1,1,27,1
3,13,657,2,1995932,1,1,1,2,80,1
3,13,657,2,1995966,1,1,1,1,75,1
3,13,657,2,2137675,1,1,1,2,1,9
3,13,657,2,3711844,1,1,1,2,82,2
3,13,657,2,4113201,1,1,1,1,84,1
3,13,657,2,4383564,1,1,1,1,94,1
3,13,657,2,4383600,1,1,1,2,87,1
3,13,657,2,4383665,1,1,1,2,77,1
3,13,657,2,4549938,1,1,1,1,82,9
3,13,657,2,4736367,1,1,1,2,75,1
3,13,657,2,4738538,1,1,1,1,72,1
3,13,657,2,4738538,1,1,2,2,92,1
3,13,657,2,4738538,1,1,3,2,30,1
3,13,657,2,4738754,1,1,1,1,75,1
3,13,657,2,4979325,1,1,1,1,72,1
3,13,657,2,4979391,1,1,1,1,75,1
3,13,657,2,5168148,1,1,1,1,18,2
3,13,657,2,5168152,1,1,1,1,81,1
3,13,657,2,5168292,1,1,1,1,96,1
3,13,657,2,5288736,1,1,1,1,89,1
3,13,657,2,5786618,1,1,1,2,74,2
3,13,657,2,5790060,1,1,1,1,109,1
3,13,657,2,6016771,1,1,1,1,82,1
3,13,657,2,6016779,1,1,1,1,84,1
3,13,657,2,6097252,1,1,1,1,75,1
3,13,657,2,6235235,2,1,1,1,74,1
3,13,657,2,6235235,2,1,2,1,52,1
3,13,657,2,6235319,1,1,1,1,72,1
3,13,657,2,6235379,1,1,1,1,22,2
3,13,657,2,7550741,1,1,1,1,65,1
3,13,657,2,7782301,1,1,1,2,78,1
3,13,657,2,7782301,1,1,2,1,2,1
3,13,657,2,7949169,1,1,1,1,78,2
3,13,657,2,8397710,1,1,1,2,74,1
3,13,657,2,8397742,1,1,1,1,92,1
3,13,657,2,8905863,1,1,1,2,62,1
3,13,657,2,8905863,1,1,2,1,54,1
3,13,657,2,8905879,1,1,1,1,3,1
3,13,657,2,9643101,1,1,1,2,90,1
3,13,657,2,9643101,1,1,2,1,72,1
3,13,657,2,9831451,1,1,1,2,21,2
3,13,657,2,9831451,1,1,2,2,3,2
3,13,657,2,9977677,1,1,1,2,74,2
3,13,657,2,9977874,1,1,1,2,62,2
3,13,657,2,10537864,2,1,1,2,1,1
3,13,657,2,10537884,1,1,1,2,80,9
3,13,657,2,11176149,1,1,1,1,55,1
3,13,657,3,11921076,1,1,1,1,30,9
3,13,667,1,12715,1,1,1,1,40,1
3,13,667,1,27428,1,1,1,1,52,1
3,13,667,1,42712,2,1,1,1,40,1
3,13,667,1,119397,1,1,1,2,89,1
3,13,667,1,188581,1,1,1,2,75,1
3,13,667,1,188659,1,1,1,2,103,1
3,13,667,1,188661,1,1,1,1,86,1
3,13,667,1,245869,1,1,1,2,74,1
3,13,667,1,367005,1,1,1,2,70,1
3,13,667,1,367442,1,1,1,1,45,1
3,13,667,1,367550,1,1,1,1,75,1
3,13,667,1,375161,1,1,1,2,99,1
3,13,667,1,375199,1,1,1,1,34,1
3,13,667,1,523229,1,1,1,1,92,9
3,13,667,1,657630,1,1,1,2,67,1
3,13,667,1,659463,1,1,1,1,82,1
3,13,667,1,937683,1,1,1,1,36,1
3,13,667,1,937739,1,1,1,2,75,1
3,13,667,1,937745,1,1,1,1,90,9
3,13,667,1,1193745,1,1,1,1,70,1
3,13,667,1,1193745,1,1,2,1,60,1
3,13,667,1,1447857,1,1,1,1,61,9
3,13,667,1,1792230,1,1,1,2,63,1
3,13,667,1,1795174,1,1,1,1,65,9
3,13,667,1,1965802,1,1,1,1,0,9
3,13,667,1,1967649,1,1,1,1,38,1
3,13,667,1,2139461,1,1,1,1,78,1
3,13,667,1,2810861,1,1,1,1,21,9
3,13,667,1,3345188,1,1,1,1,5,1
3,13,667,1,3885398,1,1,1,1,24,1
3,13,667,1,9214184,1,1,1,2,87,9
3,13,667,1,9214189,1,1,1,2,86,9
3,13,667,2,937694,1,1,1,1,85,9
3,13,667,2,937694,1,1,2,1,22,9
3,13,667,2,1062643,1,1,1,1,87,2
3,13,667,2,1335665,1,1,1,1,88,1
3,13,667,2,1335718,1,1,1,2,99,1
3,13,667,2,1601340,1,1,1,1,0,2
3,13,667,2,1962180,1,1,1,1,62,1
3,13,667,2,1962180,1,1,2,2,98,1
3,13,667,2,2155125,1,1,1,2,73,1
3,13,667,2,2155376,1,1,1,1,5,1
3,13,667,2,2313547,1,1,1,2,80,9
3,13,667,2,4109521,1,1,1,1,106,2
3,13,667,2,4373652,1,1,1,1,105,1
3,13,667,2,4373704,1,1,1,1,90,1
3,13,667,2,4378176,1,1,1,1,46,1
3,13,667,2,4531393,1,1,1,1,75,1
3,13,667,2,4535339,1,1,1,1,81,1
3,13,667,2,4937961,1,1,1,2,86,1
3,13,667,2,4938012,1,1,1,2,38,9
3,13,667,2,4938012,1,1,2,2,38,9
3,13,667,2,4938088,1,1,1,1,60,9
3,13,667,2,4938088,1,1,2,1,55,9
3,13,667,2,4938088,1,1,3,1,50,2
3,13,667,2,5123056,1,1,1,2,69,1
3,13,667,2,5123059,1,1,1,2,90,1
3,13,667,2,5285128,1,1,1,1,75,1
3,13,667,2,5554445,1,1,1,1,19,1
3,13,667,2,5554521,1,1,1,2,84,1
3,13,667,2,5554521,1,1,2,1,0,2
3,13,667,2,5725050,1,1,1,2,63,2
3,13,667,2,5725073,1,1,1,1,30,1
3,13,667,2,6223717,1,1,1,1,26,1
3,13,667,2,7518930,2,1,1,2,72,1
3,13,667,2,200625095,1,1,1,1,78,1
3,13,667,3,8823209,1,1,1,1,67,1
3,13,667,3,9302514,1,1,1,2,37,1
3,13,667,3,9948919,1,1,1,2,78,1
3,13,667,3,12198013,1,1,1,2,67,2
3,13,667,3,12198013,1,1,2,2,76,2
3,13,667,3,12200137,1,1,1,2,87,2
3,13,667,3,12382858,1,1,1,2,61,2
3,13,667,3,12856507,1,1,1,1,84,1
3,13,667,3,13062650,1,1,1,1,23,9
3,13,667,3,13062665,1,1,1,2,86,1
3,13,667,3,13301946,1,1,1,1,18,1
3,13,667,3,13715625,1,1,1,1,1,2
3,13,667,3,13888633,2,1,1,1,64,2
3,13,667,3,13888697,1,1,1,2,70,2
3,13,670,1,3146756,1,1,1,1,65,1
3,13,670,1,3146777,1,1,1,2,55,1
3,13,670,1,3146780,1,1,1,1,11,1
3,13,670,1,3146790,1,1,1,1,67,1
3,13,670,1,3146827,9,1,1,1,67,1
3,13,670,1,3146832,1,1,1,1,65,1
3,13,670,1,3146851,1,1,1,1,67,1
3,13,670,1,3146932,1,1,1,2,68,1
3,13,670,1,3146932,1,1,2,1,31,1
3,13,670,1,3146932,1,1,3,2,69,1
3,13,670,1,3146978,1,1,1,1,65,1
3,13,670,1,3147082,1,1,1,1,85,1
3,13,670,1,3147235,5,1,1,2,68,1
3,13,670,1,3153425,1,1,1,1,11,1
3,13,670,1,3154203,1,1,1,1,48,1
3,13,670,1,3154579,1,1,1,1,66,1
3,13,670,1,3154755,1,1,1,1,64,1
3,13,670,1,3154801,1,1,1,1,84,1
3,13,670,1,3154823,1,2,1,1,45,9
3,13,670,1,3154823,1,2,2,1,0,1
3,13,670,1,3154823,1,2,3,1,14,2
3,13,670,1,3154855,2,1,1,1,78,1
3,13,670,1,3154920,1,1,1,1,23,9
3,13,670,1,3154957,3,1,1,2,26,1
3,13,670,1,3154983,1,1,1,1,78,1
3,13,670,1,3155032,1,1,1,1,80,1
3,13,670,1,3155078,2,1,1,2,78,1
3,13,670,1,3155113,1,1,1,1,42,1
3,13,670,1,3155116,3,1,1,2,84,1
3,13,670,1,3155165,1,1,1,1,27,1
3,13,670,1,3155210,2,1,1,1,31,1
3,13,670,1,3155310,1,1,1,1,35,9
3,13,670,1,3155329,1,1,1,1,30,2
3,13,670,1,3155452,1,1,1,2,0,1
3,13,670,1,3155459,1,1,1,2,72,1
3,13,670,1,3155563,1,1,1,2,67,1
3,13,670,1,3155612,1,1,1,1,78,1
3,13,670,1,3155661,2,1,1,1,0,2
3,13,670,1,3155719,9,1,1,2,82,1
3,13,670,1,3155722,1,1,1,2,0,2
3,13,670,1,3155796,1,1,1,2,6,1
3,13,670,1,3155823,1,1,1,2,51,1
3,13,670,1,3156154,1,1,1,2,85,1
3,13,670,1,3156368,1,1,1,1,32,1
3,13,670,1,3156414,1,1,1,2,59,9
3,13,670,1,3156421,1,1,1,1,18,1
3,13,670,1,3156455,1,1,1,1,65,1
3,13,670,1,3156473,1,1,1,2,87,1
3,13,670,1,3156522,1,1,1,1,71,1
3,13,670,1,3156694,1,1,1,1,25,1
3,13,670,1,3156781,1,1,1,2,84,1
3,13,670,1,3156829,22,1,1,2,78,9
3,13,670,1,3156844,1,1,1,1,89,1
3,13,670,1,3157026,1,1,1,1,11,9
3,13,670,1,3157069,1,1,1,1,6,2
3,13,670,1,3157102,1,1,1,1,55,1
3,13,670,1,3157366,1,1,1,1,37,9
3,13,670,1,3501730,1,1,1,1,87,1
3,13,670,1,3501731,1,1,1,2,70,1
3,13,670,1,3501745,1,1,1,1,65,1
3,13,670,1,3501764,1,1,1,1,0,2
3,13,670,1,3501932,2,1,1,2,47,1
3,13,670,1,3501964,1,1,1,1,14,1
3,13,670,1,3502005,1,1,1,1,45,1
3,13,670,1,3502707,2,1,1,2,78,1
3,13,670,1,3502744,1,1,1,2,74,1
3,13,670,1,3542092,1,1,1,1,89,1
3,13,670,1,3853508,1,1,1,2,77,1
3,13,670,1,3853525,1,1,1,2,104,1
3,13,670,1,3956182,1,1,1,2,38,1
3,13,670,1,3956321,1,1,1,2,86,1
3,13,670,1,3956815,1,1,1,2,64,1
3,13,670,1,4186771,2,1,1,1,28,1
3,13,670,1,4187104,1,1,1,1,69,1
3,13,670,1,4187214,1,1,1,1,81,1
3,13,670,1,4187214,1,1,2,2,86,1
3,13,670,1,4374147,1,1,1,1,97,1
3,13,670,1,4374819,1,1,1,1,70,1
3,13,670,1,4374865,2,1,1,1,83,1
3,13,670,1,4528930,2,1,1,1,30,1
3,13,670,1,4531075,1,1,1,2,60,1
3,13,670,1,4531239,1,1,1,1,36,1
3,13,670,1,4531592,1,1,1,1,75,1
3,13,670,1,4531814,2,1,1,2,33,1
3,13,670,1,4531814,2,1,2,1,42,1
3,13,670,1,4531870,1,1,1,2,56,1
3,13,670,1,4761110,1,1,1,1,67,1
3,13,670,1,4761120,1,1,1,1,102,1
3,13,670,1,4761141,1,1,1,2,85,1
3,13,670,1,4761154,1,1,1,2,94,1
3,13,670,1,4761545,1,1,1,2,93,1
3,13,670,1,4761660,1,1,1,1,82,1
3,13,670,1,4761687,1,1,1,2,31,1
3,13,670,1,4763758,1,1,1,1,44,1
3,13,670,1,4763792,1,1,1,2,40,1
3,13,670,1,4993767,1,1,1,1,63,1
3,13,670,1,5221346,1,1,1,1,73,2
3,13,670,1,5222311,1,1,1,1,98,1
3,13,670,1,5222832,1,1,1,2,1,9
3,13,670,1,5545499,1,1,1,2,65,1
3,13,670,1,5546115,1,1,1,2,63,1
3,13,670,1,5940916,2,1,1,1,28,1
3,13,670,1,5941210,1,1,1,2,31,1
3,13,670,1,5941281,1,1,1,2,72,1
3,13,670,1,5942565,1,1,1,1,78,1
3,13,670,1,5942869,1,1,1,1,73,1
3,13,670,1,5942977,1,1,1,1,83,2
3,13,670,1,6142552,1,1,1,1,31,1
3,13,670,1,6142577,1,1,1,1,37,1
3,13,670,1,6142841,1,1,1,1,59,9
3,13,670,1,6145037,1,1,1,2,62,1
3,13,670,1,6145056,1,1,1,2,55,1
3,13,670,1,6145104,1,1,1,1,86,1
3,13,670,1,6148111,1,1,1,1,37,9
3,13,670,1,6354040,1,1,1,2,30,1
3,13,670,1,6354251,1,1,1,2,81,1
3,13,670,1,6354660,2,1,1,1,44,1
3,13,670,1,6354663,1,1,1,1,84,2
3,13,670,1,6638867,1,1,1,2,94,1
3,13,670,1,6639151,1,1,1,1,89,1
3,13,670,1,6640429,1,1,1,2,101,1
3,13,670,1,6962517,1,1,1,1,10,1
3,13,670,1,7174859,1,1,1,1,78,1
3,13,670,1,7179301,1,1,1,1,88,1
3,13,670,1,7221916,1,1,1,1,51,1
3,13,670,1,7222051,1,1,1,1,54,1
3,13,670,1,7224164,1,1,1,2,53,2
3,13,670,1,7224604,1,1,1,1,61,1
3,13,670,1,7390702,1,1,1,1,10,1
3,13,670,1,7821175,2,1,1,1,41,1
3,13,670,1,7821419,1,1,1,1,36,1
3,13,670,1,7822190,1,1,1,1,78,1
3,13,670,1,7824600,1,1,1,1,55,1
3,13,670,1,7824912,1,1,1,2,31,1
3,13,670,1,7825886,1,1,1,1,36,1
3,13,670,1,8144940,1,1,1,2,23,1
3,13,670,1,8145013,1,1,1,2,55,1
3,13,670,1,8751005,1,1,1,2,42,1
3,13,670,1,8752089,1,1,1,2,47,1
3,13,670,1,10051169,2,1,1,1,97,1
3,13,670,1,10051717,1,1,1,1,0,1
3,13,670,1,12122367,1,1,1,2,88,1
3,13,670,1,12123757,2,1,1,1,95,1
3,13,670,1,12123788,2,1,1,2,74,1
3,13,670,1,13250782,2,1,1,1,33,2
3,13,670,1,16017474,1,1,1,1,82,1
3,13,670,1,16017528,1,1,1,1,47,1
3,13,670,1,16017560,1,1,1,1,23,1
3,13,670,1,16017674,1,1,1,2,65,1
3,13,670,1,202795503,1,1,1,2,85,1
3,13,670,1,900356285,1,1,1,1,73,1
3,13,670,1,900357013,1,1,1,1,0,2
3,13,670,1,900574962,1,1,1,1,85,1
3,13,670,2,3153824,1,1,1,1,74,1
3,13,670,2,3154044,1,1,1,1,30,1
3,13,670,2,3154076,1,1,1,1,80,1
3,13,670,2,3154101,1,1,1,1,85,2
3,13,670,2,3154123,1,1,1,1,78,1
3,13,670,2,3154313,2,1,1,2,93,1
3,13,670,2,3154327,1,1,1,1,0,9
3,13,670,2,3154327,1,1,2,1,0,9
3,13,670,2,3154341,2,1,1,1,50,1
3,13,670,2,3154422,1,1,1,1,33,1
3,13,670,2,3154460,1,1,1,2,67,1
3,13,670,2,3156215,1,1,1,2,86,1
3,13,670,2,3156486,1,1,1,1,1,2
3,13,670,2,3156495,1,1,1,1,82,1
3,13,670,2,3156874,1,1,1,2,94,1
3,13,670,2,3156908,1,1,1,1,79,1
3,13,670,2,3157444,1,1,1,1,77,1
3,13,670,2,3157666,1,1,1,1,89,1
3,13,670,2,3157674,1,1,1,1,89,1
3,13,670,2,3158206,1,1,1,1,84,1
3,13,670,2,3501933,1,1,1,1,45,1
3,13,670,2,3502020,1,1,1,2,19,1
3,13,670,2,3502140,1,1,1,2,60,1
3,13,670,2,5296274,1,2,1,2,63,2
3,13,670,2,5297038,1,1,1,1,97,9
3,13,670,2,13066071,2,1,1,1,63,1
3,13,670,2,15446919,1,1,1,1,42,9
3,13,670,3,4993894,1,1,1,1,87,9
3,13,670,3,4993908,1,1,1,1,18,1
3,13,670,3,4993946,2,1,1,1,59,9
3,13,670,3,4993946,2,1,2,2,89,2
3,13,670,3,4993946,2,1,3,1,69,9
3,13,670,3,7220977,1,1,1,1,76,1
3,13,670,3,7389024,2,1,1,1,69,1
3,13,670,3,9806190,1,1,1,1,80,1
3,13,670,3,10303666,1,1,1,1,81,1
3,13,670,3,12122572,2,1,1,1,38,1
3,13,670,3,12123894,19,1,1,1,40,1
3,13,670,3,12367686,2,1,1,1,18,1
3,13,670,3,13926273,1,1,1,2,38,1
3,13,670,3,13926428,1,1,1,1,39,1
3,13,670,3,14128208,1,1,1,1,18,1
3,13,670,3,14540763,1,1,1,2,63,1
3,13,670,3,14540792,1,1,1,1,27,1
3,13,670,3,16120901,1,1,1,1,3,1
3,13,670,3,16613978,1,1,1,2,74,1
3,13,670,3,16614001,2,1,1,1,64,1
3,13,673,1,5820,4,1,1,1,54,1
3,13,673,1,17074,1,1,1,2,32,1
3,13,673,1,629376,1,1,1,1,85,1
3,13,673,1,1972657,1,1,1,2,53,1
3,13,673,1,1972721,1,1,1,2,79,1
3,13,673,1,3412420,1,1,1,2,80,1
3,13,673,1,3412491,1,1,1,1,86,1
3,13,673,1,3725558,1,1,1,1,65,1
3,13,673,1,3939229,1,1,1,1,88,1
3,13,673,1,3939302,1,1,1,1,76,1
3,13,673,1,5036048,1,1,1,2,55,1
3,13,673,2,1483681,1,1,1,1,79,1
3,13,673,2,1483726,1,1,1,1,78,1
3,13,673,2,1760172,1,1,1,2,70,1
3,13,673,2,1760172,1,1,2,1,80,1
3,13,673,2,1962758,1,1,1,2,66,1
3,13,673,2,2694289,1,1,1,1,80,1
3,13,673,2,2694328,1,1,1,1,62,1
3,13,673,2,3530921,1,1,1,2,35,1
3,13,673,2,4237031,1,1,1,1,74,1
3,13,673,2,4366063,1,1,1,1,19,1
3,13,673,2,4366148,1,1,1,1,84,1
3,13,673,2,5035963,1,1,1,2,85,1
3,13,673,2,5035967,1,1,1,2,50,1
3,13,673,2,5035994,1,1,1,1,34,1
3,13,673,2,5036003,1,1,1,1,72,1
3,13,673,2,5036023,1,1,1,1,23,1
3,13,673,2,5038193,1,2,1,1,42,1
3,13,673,2,5038232,1,1,1,1,22,1
3,13,673,2,5280779,1,1,1,1,73,1
3,13,673,2,5510649,2,1,1,1,57,1
3,13,673,2,5784932,1,1,1,1,80,1
3,13,673,2,5785712,1,1,1,1,69,1
3,13,673,2,5785740,1,1,1,1,80,1
3,13,673,2,5786050,1,1,1,1,52,1
3,13,673,2,5786394,1,1,1,1,54,1
3,13,673,2,6223592,1,1,1,2,69,1
3,13,673,2,6672552,1,1,1,2,91,1
3,13,673,2,6672631,1,1,1,1,92,1
3,13,673,2,7426380,1,1,1,2,87,1
3,13,673,2,7427855,1,1,1,1,84,1
3,13,673,2,7638227,2,1,1,1,50,1
3,13,673,2,7638227,2,1,2,1,17,1
3,13,673,2,7744892,1,1,1,2,40,1
3,13,673,2,7745590,1,1,1,2,21,1
3,13,673,2,7942177,1,2,1,1,60,1
3,13,683,1,6473,1,1,1,1,37,1
3,13,683,1,6479,4,1,1,2,0,9
3,13,683,1,6479,4,1,2,2,0,9
3,13,683,1,6479,4,1,3,1,0,9
3,13,683,1,39332,1,1,1,2,34,9
3,13,683,1,63011,1,1,1,1,21,1
3,13,683,1,261203,1,1,1,2,58,2
3,13,683,1,345548,1,1,1,2,52,9
3,13,683,1,485825,1,1,1,2,94,1
3,13,683,1,587446,8,1,1,2,78,2
3,13,683,1,914378,3,1,1,1,85,1
3,13,683,1,914412,1,1,1,2,47,9
3,13,683,1,1180661,1,1,1,1,87,1
3,13,683,1,1348221,1,1,1,2,57,1
3,13,683,1,1889133,1,1,1,2,62,1
3,13,683,1,1889140,1,1,1,2,52,1
3,13,683,1,1889140,1,1,2,1,30,1
3,13,683,1,1968286,1,1,1,1,60,1
3,13,683,1,1968382,1,1,1,2,63,1
3,13,683,1,2124715,1,1,1,2,46,1
3,13,683,1,2332333,2,1,1,2,64,1
3,13,683,1,2834386,1,1,1,1,24,1
3,13,683,1,2834386,1,2,1,1,24,1
3,13,683,1,2854559,1,1,1,2,80,1
3,13,683,1,3866185,1,1,1,2,1,1
3,13,683,1,3866193,1,1,1,2,1,1
3,13,683,1,3866224,2,1,1,1,1,1
3,13,683,1,3866226,1,1,1,1,1,1
3,13,683,1,4169002,1,1,1,1,94,1
3,13,683,1,4169070,2,2,1,1,45,1
3,13,683,1,4169973,1,1,1,1,72,9
3,13,683,1,4172133,1,1,1,1,94,2
3,13,683,1,4969756,1,1,1,2,70,1
3,13,683,1,4969756,1,2,1,2,70,1
3,13,683,1,4969756,1,3,1,2,70,1
3,13,683,1,4969865,1,1,1,2,78,9
3,13,683,1,4971624,3,1,1,2,75,9
3,13,683,1,4971958,2,2,1,1,52,1
3,13,683,1,5256162,2,1,1,2,84,1
3,13,683,1,5256162,2,1,2,1,84,1
3,13,683,1,5256238,1,1,1,2,56,1
3,13,683,1,5331451,2,1,1,1,70,9
3,13,683,1,5889854,2,1,1,2,13,1
3,13,683,1,5891677,1,1,1,2,0,1
3,13,683,1,5960476,3,1,1,1,71,1
3,13,683,1,6330895,1,1,1,2,46,1
3,13,683,1,6330904,1,1,1,2,64,1
3,13,683,1,6400016,2,1,1,1,84,1
3,13,683,1,6400055,1,1,1,1,80,1
3,13,683,1,6400080,1,1,1,2,23,1
3,13,683,1,6400138,1,1,1,1,93,1
3,13,683,1,6400143,5,1,1,1,85,1
3,13,683,1,6400178,4,1,1,2,1,1
3,13,683,1,6872636,1,1,1,2,47,9
3,13,683,1,6872668,1,1,1,2,56,2
3,13,683,1,6872668,1,2,1,2,56,2
3,13,683,1,7058858,1,1,1,1,83,1
3,13,683,1,7058919,1,1,1,1,0,2
3,13,683,1,7268602,1,1,1,2,63,1
3,13,683,1,7758400,3,1,1,1,0,2
3,13,683,1,7938009,3,1,1,2,20,1
3,13,683,1,7938009,3,2,1,2,20,1
3,13,683,1,7938026,1,1,1,1,0,1
3,13,683,1,7938032,6,1,1,1,0,1
3,13,683,1,8166627,1,1,1,1,58,1
3,13,683,1,8572543,1,1,1,1,68,1
3,13,683,1,113274566,1,1,1,2,26,1
3,13,683,3,15536,1,1,1,2,0,9
3,13,683,3,419915,1,1,1,2,1,1
3,13,683,3,419936,1,1,1,2,1,1
3,13,683,3,542836,1,1,1,2,27,1
3,13,683,3,545619,1,1,1,2,1,9
3,13,683,3,545629,1,1,1,2,1,1
3,13,683,3,715591,2,1,1,1,92,1
3,13,683,3,715603,1,2,1,2,74,1
3,13,683,3,2890443,1,1,1,2,96,1
3,13,688,1,49057,1,1,1,1,86,1
3,13,688,1,115406,1,1,1,2,0,9
3,13,688,1,315429,1,2,1,2,92,9
3,13,688,1,315439,1,2,1,1,42,9
3,13,688,1,335789,1,1,1,2,62,9
3,13,688,1,556177,1,1,1,1,62,1
3,13,688,1,632357,1,1,1,1,80,2
3,13,688,1,720670,1,1,1,1,89,1
3,13,688,1,1025272,1,1,1,2,52,1
3,13,688,1,1188972,1,1,1,2,52,1
3,13,688,1,2305489,1,3,1,2,0,1
3,13,688,1,2305695,1,1,1,1,25,2
3,13,688,1,2792546,1,2,1,1,77,1
3,13,688,1,3975553,1,1,1,1,75,1
3,13,688,1,4152614,1,1,1,2,84,9
3,13,688,1,4156373,3,1,1,1,0,9
3,13,688,1,4156771,1,2,1,2,77,1
3,13,688,1,4320919,1,1,1,1,78,1
3,13,688,1,5290154,1,1,1,1,80,2
3,13,688,1,5290707,1,1,1,2,80,2
3,13,688,1,5628483,1,1,1,2,86,1
3,13,688,1,6011649,1,1,1,1,79,1
3,13,688,1,6011702,1,1,1,1,57,2
3,13,688,1,6288529,1,1,1,2,68,1
3,13,688,1,6288529,1,1,2,1,51,1
3,13,688,1,6508438,1,1,1,2,2,1
3,13,688,1,6508637,1,1,1,2,102,1
3,13,688,1,6974889,1,1,1,1,63,1
3,13,688,1,6974889,1,2,1,1,63,1
3,13,688,1,7361743,1,1,1,1,49,1
3,13,688,1,7361743,1,2,1,1,49,1
3,13,688,1,7842662,1,1,1,1,15,1
3,13,688,1,7842737,3,2,1,2,80,1
3,13,688,1,7842838,2,1,1,1,42,1
3,13,688,1,7842872,1,2,1,1,46,1
3,13,688,1,7842872,1,7,1,2,84,1
3,13,688,1,8149729,1,2,1,1,0,9
3,13,688,1,8954704,1,1,1,1,65,1
3,13,688,1,8954728,2,1,1,1,34,1
3,13,688,1,8954809,1,1,1,1,18,1
3,13,688,1,9178150,1,1,1,1,68,1
3,13,688,1,9621171,1,2,1,1,46,1
3,13,688,1,9625819,1,1,1,1,86,1
3,13,688,1,9922975,2,1,1,1,42,1
3,13,688,1,9922975,2,1,2,2,93,1
3,13,688,1,10148640,1,1,1,2,101,1
3,13,688,1,10382738,3,2,1,1,72,1
3,13,688,1,10628055,1,1,1,1,0,9
3,13,688,1,11002108,2,1,1,2,48,1
3,13,688,1,11060677,3,1,1,2,73,1
3,13,688,1,11060695,1,1,1,2,64,1
3,13,688,1,11060719,1,1,1,1,60,1
3,13,688,1,11319559,1,1,1,2,40,1
3,13,688,1,11810373,1,1,1,1,39,1
3,13,688,1,11840361,1,1,1,2,55,1
3,13,688,1,11841222,1,1,1,1,53,2
3,13,688,1,12432737,1,1,1,2,73,1
3,13,688,1,12696452,1,1,1,1,36,1
3,13,688,1,12699983,1,1,1,1,19,1
3,13,688,1,12936061,1,1,1,2,70,1
3,13,688,1,13643808,1,1,1,1,40,9
3,13,688,1,13780913,1,3,1,1,42,1
3,13,688,1,13782696,1,2,1,1,73,1
3,13,688,1,13959622,1,1,1,1,80,2
3,13,688,1,14458736,1,1,1,1,50,1
3,13,688,1,14458763,1,2,1,1,68,1
3,13,688,1,14599989,1,2,1,1,84,2
3,13,688,1,14637938,1,3,1,1,23,1
3,13,688,1,14637972,6,1,1,2,62,1
3,13,688,1,14637974,1,1,1,1,3,1
3,13,688,1,14637975,1,1,1,2,62,1
3,13,688,1,14818200,1,2,1,1,56,9
3,13,688,1,14919511,1,1,1,2,80,1
3,13,688,1,14919693,3,1,1,2,72,1
3,13,688,1,15154735,1,1,1,1,85,1
3,13,688,1,15406881,1,1,1,1,15,1
3,13,688,1,15406881,1,2,1,1,15,1
3,13,688,1,15406881,1,3,1,1,15,1
3,13,688,1,15408534,2,1,1,1,42,1
3,13,688,1,15535745,1,1,1,1,21,1
3,13,688,1,15535788,1,2,1,2,72,1
3,13,688,1,15678443,8,1,1,1,48,1
3,13,688,1,15760485,6,2,1,2,29,1
3,13,688,1,15772497,4,1,1,2,84,1
3,13,688,1,901055827,1,1,1,1,63,1
3,13,688,1,902067968,1,1,1,1,53,1
3,13,688,2,3245758,1,3,1,2,32,9
3,13,688,2,3250786,1,1,1,1,38,1
3,13,688,2,6744616,1,1,1,1,84,1
3,13,688,2,6744633,1,1,1,2,67,9
3,13,688,2,7365381,1,1,1,1,64,1
3,13,688,2,8071323,2,1,1,2,0,2
3,13,688,2,8757054,1,1,1,2,25,9
3,13,688,2,9053042,1,1,1,1,63,1
3,13,688,2,10658891,1,1,1,2,72,1
3,13,688,2,11640408,1,1,1,2,35,9
3,13,688,2,11840460,1,1,1,2,27,1
3,13,688,2,12433300,1,1,1,2,91,9
3,13,688,3,6974881,2,1,1,2,82,9
3,13,688,3,6974957,1,1,1,1,80,1
3,13,688,3,7160314,2,1,1,1,42,9
3,13,688,3,7628526,3,3,1,1,84,2
3,13,688,3,8117497,1,1,1,1,77,1
3,13,688,3,8758362,3,1,1,1,78,1
3,13,688,3,8758498,1,1,1,1,0,9
3,13,688,3,8886999,1,1,1,2,1,9
3,13,688,3,8886999,1,1,2,1,1,9
3,13,688,3,9178027,1,1,1,2,62,1
3,13,688,3,9401205,1,1,1,1,84,1
3,13,688,3,9401219,1,1,1,2,88,1
3,13,688,3,9922941,1,2,1,2,57,9
3,13,688,3,9923090,1,1,1,1,0,1
3,13,688,3,9923101,1,1,1,1,49,1
3,13,688,3,10658180,1,1,1,1,0,9
3,13,688,3,10658200,1,2,1,1,34,9
3,13,688,3,11236734,1,1,1,2,90,1
3,13,688,3,11845819,1,1,1,2,27,1
3,13,688,3,11845821,1,3,1,2,27,1
3,13,688,3,11845951,9,1,1,1,60,1
3,13,688,3,13353688,3,1,1,2,84,1
3,13,688,3,13361154,5,1,1,2,63,1
3,13,688,3,13783218,1,2,1,1,60,9
3,13,688,3,13783257,2,1,1,2,42,9
3,13,688,3,14089431,15,1,1,1,9,1
3,13,688,3,14089739,20,2,1,2,40,1
3,13,688,3,14446563,6,1,1,2,5,1
3,13,688,3,14448372,10,1,1,2,49,1
3,13,688,3,14947349,4,1,1,2,71,1
3,13,688,3,15678448,77,1,1,1,42,2
3,13,688,3,15678448,77,1,2,2,13,2
3,13,688,3,15878144,1,1,1,1,31,2
3,13,688,3,16368764,2,1,1,2,97,1
3,13,688,3,16368845,1,2,1,2,79,1
3,13,688,3,16780353,45,1,1,1,70,9
3,13,688,3,17406461,61,1,1,2,70,1
3,13,688,3,17406488,34,1,1,1,60,2
3,13,688,3,17406796,2,2,1,2,63,1
3,13,688,3,17452035,1,1,1,1,76,9
3,13,744,1,1556305,1,1,1,1,86,1
3,13,744,1,2094011,1,1,1,1,80,1
3,13,744,1,2094060,1,1,1,1,81,1
3,13,744,1,2094093,1,1,1,2,95,1
3,13,744,1,2329753,1,2,1,2,59,1
3,13,744,1,2329897,1,1,1,1,82,1
3,13,744,1,2621172,1,1,1,1,92,2
3,13,744,1,2846889,1,1,1,1,60,1
3,13,744,1,3005600,1,1,1,1,73,1
3,13,744,1,3005653,1,1,1,1,58,1
3,13,744,1,3026918,1,1,1,2,74,1
3,13,744,1,3036635,1,1,1,2,83,1
3,13,744,1,3204226,1,1,1,1,4,1
3,13,744,1,3224329,1,1,1,2,73,1
3,13,744,1,3939393,1,1,1,2,79,1
3,13,744,1,3943062,1,1,1,1,57,1
3,13,744,1,4139929,1,1,1,1,0,1
3,13,744,1,4139929,1,1,2,1,0,1
3,13,744,1,4142057,1,1,1,2,83,1
3,13,744,1,4366838,1,1,1,1,82,1
3,13,744,1,4715890,1,1,1,1,82,9
3,13,744,1,5068733,1,1,1,1,34,1
3,13,744,1,5068771,2,1,1,2,58,2
3,13,744,1,5161960,1,1,1,1,56,1
3,13,744,1,7382332,1,1,1,2,64,1
3,13,744,1,7585129,1,1,1,1,41,1
3,13,744,2,3745702,2,1,1,2,59,1
3,13,744,2,3749560,1,1,1,2,85,1
3,13,744,2,3750145,2,1,1,1,52,1
3,13,744,2,3939694,1,1,1,2,9,1
3,13,744,2,4140825,1,1,1,2,79,1
3,13,744,2,4365082,1,1,1,1,88,1
3,13,744,2,4367340,1,1,1,2,78,9
3,13,744,2,4367635,1,1,1,2,79,1
3,13,744,2,4715899,1,1,1,1,72,1
3,13,744,2,4722169,1,1,1,1,56,1
3,13,744,2,5068974,1,1,1,1,72,1
3,13,744,2,5335230,1,1,1,1,31,1
3,13,744,2,5335311,1,1,1,1,24,2
3,13,744,2,5335311,1,1,2,1,27,1
3,13,744,2,5335311,1,1,3,1,0,2
3,13,744,2,5336687,1,1,1,1,28,9
3,13,744,2,5336755,1,1,1,2,0,9
3,13,744,2,6080171,1,1,1,1,77,1
3,13,744,2,6080199,1,1,1,2,11,1
3,13,744,2,7381755,1,1,1,2,28,1
3,13,744,2,7584973,1,1,1,2,29,1
3,13,744,2,7804839,1,1,1,2,38,1
3,13,744,2,7804875,1,1,1,2,82,9
3,13,744,2,7806435,1,1,1,1,76,1
3,13,744,2,8407913,1,1,1,1,95,1
3,13,744,2,8750861,1,1,1,2,73,1
3,13,744,2,8752780,1,2,1,2,68,1
3,13,744,2,9529226,1,1,1,2,71,2
3,13,744,2,9530112,1,2,1,2,0,1
3,13,744,2,11415815,1,1,1,1,58,9
3,13,744,2,12487564,1,1,1,2,80,9
3,13,744,2,15275311,1,1,1,1,1,9
3,13,744,2,15275360,4,1,1,1,8,9
3,13,744,2,16817341,1,1,1,2,52,2
3,13,744,3,2438899,1,1,1,1,0,9
3,13,744,3,2438901,1,1,1,2,70,1
3,13,744,3,2438901,1,1,2,1,80,1
3,13,744,3,2438901,1,1,3,1,0,1
3,13,744,3,2967818,1,1,1,1,86,1
3,13,744,3,6080373,1,1,1,1,1,9
3,13,744,3,8897828,1,1,1,1,66,1
3,13,744,3,9165292,2,2,1,1,75,2
3,13,744,3,9165441,1,2,1,1,80,2
3,13,744,3,9855412,1,2,1,2,48,1
3,13,744,3,10304393,1,1,1,1,89,1
3,13,744,3,11415734,1,1,1,1,1,9
3,13,744,3,13269371,1,1,1,1,88,1
3,13,744,3,14087280,128,1,1,1,2,9
3,13,744,3,14087296,4,1,1,1,1,9
3,13,744,3,14488828,1,1,1,2,0,1
3,13,744,3,15275243,8,1,1,2,1,9
3,13,744,3,16147442,1,1,1,1,82,9
3,13,744,3,16407964,30,1,1,1,22,2
3,13,760,1,167183,1,1,1,1,46,1
3,13,760,1,168556,1,1,1,2,75,1
3,13,760,1,168959,1,1,1,1,67,1
3,13,760,1,251234,1,1,1,2,72,1
3,13,760,1,297777,1,2,1,2,86,1
3,13,760,1,297798,1,1,1,1,79,1
3,13,760,1,427130,1,2,1,1,84,1
3,13,760,1,427423,1,1,1,2,54,1
3,13,760,1,427736,1,2,1,1,87,1
3,13,760,1,560560,1,1,1,2,84,1
3,13,760,1,560618,2,2,1,2,32,1
3,13,760,1,666170,1,1,1,1,95,1
3,13,760,1,765625,1,1,1,1,42,1
3,13,760,1,765625,1,1,2,2,76,1
3,13,760,1,765651,1,2,1,2,66,9
3,13,760,1,765679,1,3,1,2,41,1
3,13,760,1,835748,2,2,1,1,69,9
3,13,760,1,986469,1,1,1,1,85,1
3,13,760,1,1119471,1,1,1,2,93,1
3,13,760,1,1229773,1,1,1,2,35,1
3,13,760,1,1353075,1,1,1,2,61,1
3,13,760,1,1353078,1,1,1,1,92,1
3,13,760,1,1353115,1,3,1,2,70,1
3,13,760,1,1483163,1,1,1,1,77,1
3,13,760,1,1852015,1,1,1,2,57,1
3,13,760,1,1852030,1,1,1,2,87,1
3,13,760,1,1852052,1,1,1,2,33,2
3,13,760,1,1852063,1,1,1,1,78,9
3,13,760,1,1852066,1,1,1,2,67,1
3,13,760,1,2109236,1,1,1,1,63,1
3,13,760,1,2505091,1,1,1,1,97,9
3,13,760,1,2624805,1,1,1,2,56,1
3,13,760,1,2877039,1,1,1,2,43,2
3,13,760,1,2877089,1,3,1,1,58,1
3,13,760,1,2877097,1,1,1,1,86,1
3,13,760,1,2877112,1,1,1,2,83,1
3,13,760,1,3437080,1,1,1,2,70,1
3,13,760,1,3437089,1,1,1,2,80,1
3,13,760,1,3773793,2,1,1,2,92,1
3,13,760,1,3773832,1,1,1,2,92,1
3,13,760,1,3773907,1,1,1,1,70,1
3,13,760,1,4368503,1,1,1,1,72,9
3,13,760,1,4593512,1,1,1,2,76,1
3,13,760,1,4765898,1,1,1,1,12,1
3,13,760,1,4766175,1,1,1,2,0,1
3,13,760,1,4766175,1,1,2,2,0,1
3,13,760,1,6639523,1,1,1,1,70,1
3,13,760,1,6639572,1,1,1,2,60,1
3,13,760,1,900808620,1,1,1,1,78,1
3,13,760,1,900814497,1,1,1,2,89,1
3,13,760,1,901517991,1,1,1,2,1,1
3,13,780,1,294690,1,1,1,1,0,9
3,13,780,1,437716,1,1,1,2,79,1
3,13,780,1,490482,1,2,1,1,57,1
3,13,780,1,490536,1,1,1,2,93,1
3,13,780,1,490541,1,1,1,2,88,1
3,13,780,1,563659,1,1,1,1,64,1
3,13,780,1,647810,1,2,1,1,82,1
3,13,780,1,648423,1,2,1,2,60,1
3,13,780,1,722390,1,2,1,1,0,1
3,13,780,1,841594,1,2,1,2,90,1
3,13,780,1,841594,1,2,2,1,56,1
3,13,780,1,841594,1,2,3,2,78,1
3,13,780,1,1050428,1,1,1,1,87,1
3,13,780,1,1199797,1,1,1,1,84,1
3,13,780,1,1199797,1,1,2,2,64,1
3,13,780,1,1326307,1,1,1,1,67,1
3,13,780,1,1326411,1,1,1,2,96,1
3,13,780,1,1483228,1,1,1,1,5,1
3,13,780,1,2471122,1,1,1,1,85,1
3,13,780,1,2665526,1,2,1,2,100,1
3,13,780,1,2966570,1,1,1,1,87,1
3,13,780,1,3211245,1,1,1,2,31,1
3,13,780,1,3215692,1,1,1,1,76,1
3,13,780,1,3572062,1,1,1,1,73,1
3,13,780,1,3572132,1,2,1,1,89,1
3,13,780,1,3740029,2,1,1,1,76,1
3,13,780,1,3740043,1,1,1,1,78,1
3,13,780,1,3743173,1,1,1,1,79,1
3,13,780,1,3944855,1,1,1,1,93,1
3,13,780,1,8148758,1,1,1,2,72,1
3,13,780,1,105808217,1,1,1,2,1,1
3,13,780,1,900540278,1,1,1,1,88,1
3,13,780,1,901424186,1,1,1,1,89,1
3,13,780,1,901805643,1,1,1,1,79,1
3,13,780,1,901903770,1,1,1,1,89,1
3,13,780,2,393377,1,1,1,1,67,1
3,13,780,2,563795,1,1,1,2,71,1
3,13,780,2,563838,1,1,1,2,97,1
3,13,780,2,563943,1,1,1,2,0,2
3,13,780,2,564120,1,1,1,2,67,1
3,13,780,2,722320,1,1,1,1,26,1
3,13,780,2,932161,1,2,1,1,2,9
3,13,780,2,1199806,1,1,1,2,0,2
3,13,780,2,1326357,1,1,1,2,57,1
3,13,780,2,1483486,1,1,1,1,68,1
3,13,780,2,1483486,1,2,1,1,68,1
3,13,780,2,1942957,1,1,1,1,78,1
3,13,780,2,2291404,1,1,1,2,77,1
3,13,780,2,2471046,1,1,1,2,87,1
3,13,780,2,2650151,1,1,1,1,77,1
3,13,780,2,2811897,1,1,1,1,52,1
3,13,780,2,3572847,1,1,1,1,80,1
3,13,780,2,4146539,1,1,1,1,93,1
3,13,780,2,4538881,2,1,1,2,86,1
3,13,780,2,4671436,1,1,1,2,33,1
3,13,780,2,4671671,1,1,1,2,93,1
3,13,780,2,4671698,1,1,1,1,80,1
3,13,780,2,4671758,1,1,1,2,97,1
3,13,780,2,5949297,1,1,1,1,34,1
3,13,780,2,5949758,1,1,1,2,15,1
3,13,780,2,6214305,1,1,1,2,78,9
3,13,780,2,6216756,2,1,1,1,72,1
3,13,780,2,6500218,2,1,1,1,42,1
3,13,780,2,6504167,1,1,1,1,83,1
3,13,780,2,6504409,1,1,1,1,62,1
3,13,780,2,6504444,1,1,1,2,85,1
3,13,780,2,6653495,1,1,1,1,72,9
3,13,780,2,6654047,1,1,1,1,67,9
3,13,780,2,9952191,1,1,1,2,62,9
3,13,780,2,901450488,1,1,1,1,73,1
3,13,780,3,5120454,1,1,1,2,77,1
3,13,780,3,5617363,1,1,1,1,17,1
3,13,780,3,7297500,1,1,1,1,64,9
3,13,780,3,900872346,1,1,1,1,75,9
3,13,810,1,333281,1,1,1,2,100,2
3,13,810,1,385923,1,1,1,2,0,1
3,13,810,1,389389,1,1,1,1,89,1
3,13,810,1,450962,1,1,1,1,85,1
3,13,810,1,490239,1,1,1,1,94,2
3,13,810,1,559254,1,1,1,2,36,1
3,13,810,1,658832,1,1,1,1,37,1
3,13,810,1,658865,1,1,1,1,63,1
3,13,810,1,661912,1,1,1,2,95,2
3,13,810,1,752136,1,1,1,2,35,9
3,13,810,1,752146,1,1,1,1,74,9
3,13,810,1,752146,1,1,2,2,84,9
3,13,810,1,936598,2,1,1,2,40,9
3,13,810,1,1274808,1,1,1,1,70,2
3,13,810,1,1639760,1,1,1,2,79,2
3,13,810,1,1947601,2,1,1,2,82,2
3,13,810,1,1949152,1,1,1,1,45,2
3,13,810,1,2119203,1,1,1,2,72,2
3,13,810,1,2308313,1,1,1,1,29,1
3,13,810,1,2308370,1,1,1,1,23,2
3,13,810,1,2308857,1,1,1,2,75,9
3,13,810,1,2647119,1,1,1,2,50,2
3,13,810,1,2661970,1,1,1,2,50,2
3,13,810,1,3004155,1,1,1,2,0,9
3,13,810,1,3004155,1,1,2,2,0,9
3,13,810,1,3421405,1,1,1,1,25,1
3,13,810,1,3596244,2,1,1,2,25,9
3,13,810,1,4165061,1,1,1,2,97,1
3,13,810,1,4518347,1,1,1,2,74,1
3,13,810,2,1804831,1,1,1,2,76,2
3,13,810,2,1804836,1,1,1,1,63,2
3,13,810,2,1942787,1,1,1,2,87,1
3,13,810,2,1942829,2,1,1,1,80,2
3,13,810,2,2312817,1,1,1,1,90,2
3,13,810,2,2317579,1,1,1,2,32,2
3,13,810,2,2317579,1,1,2,1,20,1
3,13,810,2,2317768,1,1,1,2,87,2
3,13,810,2,2643778,1,1,1,2,85,1
3,13,810,2,2643904,1,1,1,1,79,1
3,13,810,2,2646049,1,1,1,2,73,2
3,13,810,2,2658630,1,1,1,1,71,2
3,13,810,2,3420606,1,1,1,1,50,1
3,13,810,2,3596164,1,1,1,2,82,2
3,13,810,2,3596189,1,1,1,1,43,2
3,13,810,2,3757301,1,1,1,1,87,1
3,13,810,2,3758646,1,1,1,2,59,2
3,13,810,2,3761150,1,1,1,1,81,1
3,13,810,2,4164570,1,1,1,1,53,1
3,13,810,2,4169188,1,1,1,2,32,1
3,13,810,2,4389061,1,1,1,2,50,1
3,13,810,2,5661419,1,1,1,2,99,1
3,13,810,2,6988125,14,1,1,2,56,1
3,13,810,2,6988273,2,1,1,1,49,2
3,13,810,2,6988340,1,1,1,2,84,2
3,13,810,2,7871371,1,1,1,2,101,2
3,13,810,2,9073617,1,1,1,2,37,1
3,13,810,3,4521582,6,1,1,1,93,1
3,13,810,3,4699556,4,1,1,1,50,1
3,13,810,3,4702353,2,1,1,1,20,2
3,13,810,3,5166882,10,2,1,1,92,2
3,13,810,3,7441439,2,1,1,1,67,2
3,13,810,3,7441457,3,1,1,1,78,2
3,13,810,3,7441457,3,1,2,2,83,2
3,13,810,3,9073643,12,1,1,1,44,1
3,13,810,3,9075856,1,1,1,1,45,2
3,13,810,3,9742568,3,1,1,1,41,1
3,13,810,3,10854244,11,1,1,1,72,2
3,13,810,3,10854316,5,1,1,2,49,1
3,13,810,3,10855931,1,1,1,1,0,9
3,13,810,3,10945704,3,1,1,2,78,2
3,13,810,3,10945774,1,1,1,2,80,2
3,13,810,3,10945826,1,1,1,1,85,2
3,13,810,3,10945860,1,1,1,2,75,2
3,13,810,3,10946660,1,1,1,1,70,2
3,13,810,3,11306927,5,1,1,1,65,2
3,13,810,3,11308044,3,1,1,2,87,2
3,13,810,3,12626001,1,1,1,2,60,1
3,13,810,3,12627958,2,1,1,1,88,1
3,13,810,3,12627958,2,1,2,2,88,1
3,13,810,3,12628054,1,1,1,1,81,1
3,13,810,3,13558529,2,1,1,1,85,2
3,13,810,3,14450342,1,1,1,2,0,1
3,13,810,3,14452585,304,1,1,1,88,9
3,13,810,3,14454768,13,1,1,2,63,9
3,13,810,3,14454805,67,1,1,1,1,9
3,13,836,1,6692,2,1,1,2,92,1
3,13,836,1,6695,2,1,1,2,98,1
3,13,836,1,6724,13,1,1,1,54,1
3,13,836,1,6727,11,1,1,1,55,1
3,13,836,1,7543,6,1,1,1,74,1
3,13,836,1,14097,1,1,1,2,77,1
3,13,836,1,14187,1,1,1,1,75,9
3,13,836,1,14275,1,1,1,1,81,1
3,13,836,1,24939,2,1,1,2,66,1
3,13,836,1,25111,1,1,1,1,72,1
3,13,836,1,25117,3,1,1,1,93,1
3,13,836,1,25117,3,1,2,1,73,1
3,13,836,1,25131,1,1,1,2,85,1
3,13,836,1,25131,1,2,1,2,85,1
3,13,836,1,25131,1,3,1,2,85,1
3,13,836,1,51214,1,1,1,1,76,2
3,13,836,1,51220,1,2,1,1,62,1
3,13,836,1,51485,1,1,1,2,62,1
3,13,836,1,86249,1,1,1,1,90,1
3,13,836,1,86269,1,1,1,1,57,1
3,13,836,1,120835,1,2,1,1,70,1
3,13,836,1,120867,1,1,1,1,67,1
3,13,836,1,120919,1,1,1,1,57,1
3,13,836,1,144643,1,1,1,1,57,1
3,13,836,1,162907,2,1,1,1,68,1
3,13,836,1,197770,1,1,1,1,87,1
3,13,836,1,197784,1,1,1,1,71,2
3,13,836,1,197835,1,1,1,2,72,1
3,13,836,1,197836,2,1,1,2,93,1
3,13,836,1,197867,5,1,1,2,67,9
3,13,836,1,245669,2,1,1,1,81,1
3,13,836,1,246342,1,1,1,2,79,1
3,13,836,1,246547,1,1,1,1,0,1
3,13,836,1,246645,4,1,1,1,72,2
3,13,836,1,307147,1,1,1,2,98,1
3,13,836,1,307224,1,1,1,1,75,2
3,13,836,1,307262,1,1,1,2,48,1
3,13,836,1,332683,1,1,1,1,35,1
3,13,836,1,343934,4,1,1,2,92,1
3,13,836,1,344215,1,1,1,1,49,1
3,13,836,1,344744,2,1,1,2,87,1
3,13,836,1,386860,2,1,1,2,56,1
3,13,836,1,390483,1,1,1,1,75,1
3,13,836,1,445058,2,1,1,1,20,1
3,13,836,1,445287,1,1,1,1,61,1
3,13,836,1,445571,1,1,1,2,85,1
3,13,836,1,446826,2,1,1,2,83,1
3,13,836,1,504765,2,1,1,1,22,1
3,13,836,1,504832,2,1,1,2,30,1
3,13,836,1,504844,1,1,1,1,74,1
3,13,836,1,504896,3,1,1,2,61,1
3,13,836,1,504896,3,1,2,1,68,1
3,13,836,1,504896,3,2,1,2,61,1
3,13,836,1,504896,3,2,2,1,68,1
3,13,836,1,577340,2,1,1,1,0,2
3,13,836,1,577567,1,1,1,1,24,2
3,13,836,1,664143,1,1,1,2,59,1
3,13,836,1,664548,2,1,1,1,40,1
3,13,836,1,664611,1,1,1,1,93,1
3,13,836,1,665623,1,1,1,1,41,1
3,13,836,1,753120,1,1,1,2,75,2
3,13,836,1,753132,1,1,1,2,79,1
3,13,836,1,753262,1,1,1,1,54,1
3,13,836,1,815190,1,1,1,1,72,1
3,13,836,1,873167,1,1,1,2,85,2
3,13,836,1,957380,1,1,1,2,39,2
3,13,836,1,957470,1,1,1,2,85,2
3,13,836,1,957535,1,1,1,2,87,1
3,13,836,1,957560,1,1,1,1,91,1
3,13,836,1,1067822,1,1,1,1,74,1
3,13,836,1,1067861,1,1,1,2,62,2
3,13,836,1,1068048,1,1,1,2,89,1
3,13,836,1,1233731,1,1,1,2,47,2
3,13,836,1,1233756,1,1,1,1,99,2
3,13,836,1,1233967,2,1,1,1,2,1
3,13,836,1,1233975,1,1,1,2,74,1
3,13,836,1,1233978,3,1,1,1,69,1
3,13,836,1,1234018,1,1,1,1,80,1
3,13,836,1,1234169,2,1,1,2,50,1
3,13,836,1,1449246,1,1,1,2,43,1
3,13,836,1,1449246,1,1,2,1,50,1
3,13,836,1,1453152,1,1,1,1,64,1
3,13,836,1,1812678,1,1,1,2,83,1
3,13,836,1,1815952,1,1,1,2,80,1
3,13,836,1,1816747,1,1,1,1,52,1
3,13,836,1,1816768,1,1,1,2,88,1
3,13,836,1,1817004,3,1,1,1,56,1
3,13,836,1,1817505,2,1,1,1,33,1
3,13,836,1,1970057,1,1,1,2,49,1
3,13,836,1,1970057,1,1,2,1,30,1
3,13,836,1,2131645,1,1,1,1,66,2
3,13,836,1,2131664,1,1,1,2,26,1
3,13,836,1,2131664,1,2,1,2,26,1
3,13,836,1,2141320,1,1,1,1,86,1
3,13,836,1,2293768,2,1,1,2,101,1
3,13,836,1,2293931,1,1,1,2,64,1
3,13,836,1,2295246,1,1,1,2,0,1
3,13,836,1,2295722,1,1,1,1,64,1
3,13,836,1,2295722,1,2,1,1,85,1
3,13,836,1,2419321,1,1,1,1,72,1
3,13,836,1,2644838,1,1,1,2,72,1
3,13,836,1,2658063,2,1,1,1,77,1
3,13,836,1,2823784,1,2,1,1,34,1
3,13,836,1,2824173,1,1,1,2,0,1
3,13,836,1,2824173,1,4,1,2,0,1
3,13,836,1,2843978,3,1,1,2,72,1
3,13,836,1,2848263,2,1,1,1,1,2
3,13,836,1,2850490,1,1,1,2,70,1
3,13,836,1,3022768,1,1,1,2,59,1
3,13,836,1,3046540,2,1,1,1,93,1
3,13,836,1,3051926,1,1,1,1,77,1
3,13,836,1,3222223,3,1,1,2,83,2
3,13,836,1,3227806,1,1,1,2,68,1
3,13,836,1,3229022,1,1,1,1,23,1
3,13,836,1,3529552,3,1,1,2,67,2
3,13,836,1,3529696,2,1,1,2,63,2
3,13,836,1,3746684,2,2,1,2,86,1
3,13,836,1,3747865,1,1,1,2,56,1
3,13,836,1,3968240,1,1,1,2,73,1
3,13,836,1,3968289,2,1,1,2,36,1
3,13,836,1,3968708,1,1,1,1,24,1
3,13,836,1,4167919,1,1,1,2,49,1
3,13,836,1,4181452,1,1,1,1,53,1
3,13,836,1,4182015,1,1,1,2,94,1
3,13,836,1,4184660,1,1,1,2,60,1
3,13,836,1,4493936,1,1,1,2,73,1
3,13,836,1,4496177,1,1,1,2,53,1
3,13,836,1,4496275,1,1,1,2,24,1
3,13,836,1,4496275,1,2,1,2,24,1
3,13,836,1,4791768,1,1,1,2,79,1
3,13,836,1,4791973,2,2,1,1,0,1
3,13,836,1,5225839,1,1,1,1,23,1
3,13,836,1,5297949,1,1,1,2,92,1
3,13,836,1,5297975,1,1,1,1,65,1
3,13,836,1,5316571,1,1,1,1,78,1
3,13,836,1,5882386,1,1,1,1,56,1
3,13,836,1,5882535,2,1,1,2,45,1
3,13,836,1,5882938,2,1,1,1,75,1
3,13,836,1,5882959,1,1,1,1,75,1
3,13,836,1,5883001,1,1,1,1,80,1
3,13,836,1,5883017,1,1,1,2,77,1
3,13,836,1,5883101,5,1,1,2,77,1
3,13,836,1,5883121,1,1,1,2,57,1
3,13,836,1,5883143,2,1,1,1,0,1
3,13,836,1,5883163,1,1,1,2,37,2
3,13,836,1,6105312,1,1,1,1,94,2
3,13,836,1,6105382,4,1,1,1,71,1
3,13,836,1,6105407,1,1,1,1,64,1
3,13,836,1,6332245,2,1,1,2,77,1
3,13,836,1,6333518,2,1,1,2,52,1
3,13,836,1,6333552,1,1,1,2,73,1
3,13,836,1,6333566,2,1,1,1,67,2
3,13,836,1,6333604,2,1,1,1,82,2
3,13,836,1,6560080,2,1,1,1,69,1
3,13,836,1,6720280,1,2,1,2,77,1
3,13,836,1,6720605,1,1,1,1,48,1
3,13,836,1,6720893,1,1,1,2,96,1
3,13,836,1,6722570,1,1,1,2,86,1
3,13,836,1,6722591,2,1,1,2,86,1
3,13,836,1,6726681,1,1,1,2,89,1
3,13,836,1,6985895,2,1,1,2,67,1
3,13,836,1,6986171,1,1,1,1,20,2
3,13,836,1,6986172,1,1,1,1,83,1
3,13,836,1,6986196,1,1,1,2,75,9
3,13,836,1,7205331,4,1,1,1,0,9
3,13,836,1,7205420,1,1,1,1,69,1
3,13,836,1,7205462,4,1,1,1,73,2
3,13,836,1,7205481,1,1,1,2,85,1
3,13,836,1,7205500,3,1,1,2,84,1
3,13,836,1,7205502,3,1,1,2,90,1
3,13,836,1,7205505,1,1,1,2,90,2
3,13,836,1,7205531,2,1,1,2,90,1
3,13,836,1,7205629,2,1,1,1,84,1
3,13,836,1,7206281,1,1,1,2,80,1
3,13,836,1,7438738,1,1,1,1,73,9
3,13,836,1,7438795,1,1,1,1,65,1
3,13,836,1,7438956,1,1,1,1,86,1
3,13,836,1,7439203,1,1,1,1,70,1
3,13,836,1,7439256,2,1,1,1,56,2
3,13,836,1,7614520,1,1,1,2,78,1
3,13,836,1,7614706,1,1,1,1,60,1
3,13,836,1,7614706,1,1,2,1,80,1
3,13,836,1,7614706,1,1,3,1,52,1
3,13,836,1,7614706,1,1,4,1,45,1
3,13,836,1,7615636,2,1,1,1,74,1
3,13,836,1,7616363,1,1,1,2,85,1
3,13,836,1,7616890,1,1,1,1,64,1
3,13,836,1,7617608,1,1,1,2,82,2
3,13,836,1,7851040,1,1,1,1,51,1
3,13,836,1,7852415,2,1,1,1,0,1
3,13,836,1,7852902,3,1,1,2,88,1
3,13,836,1,8092466,1,1,1,1,62,1
3,13,836,1,8092533,2,1,1,2,61,1
3,13,836,1,8092547,2,1,1,1,19,1
3,13,836,1,8092592,2,1,1,1,20,1
3,13,836,1,8092620,1,1,1,2,75,1
3,13,836,1,8092669,4,1,1,2,89,2
3,13,836,1,8092679,5,1,1,1,58,1
3,13,836,1,8092679,5,1,2,2,50,1
3,13,836,1,8293312,2,1,1,2,84,1
3,13,836,1,8293365,1,1,1,1,73,1
3,13,836,1,8483136,1,1,1,1,96,1
3,13,836,1,8483330,3,1,1,2,86,1
3,13,836,1,8483756,1,1,1,1,80,1
3,13,836,1,8483786,1,1,1,1,82,1
3,13,836,1,8483822,1,1,1,1,59,1
3,13,836,1,8483854,1,1,1,2,80,2
3,13,836,1,8708353,1,1,1,2,87,1
3,13,836,1,8708693,2,1,1,1,21,1
3,13,836,1,9153116,1,1,1,2,85,1
3,13,836,1,9153136,1,1,1,2,87,1
3,13,836,1,9153296,1,1,1,2,65,1
3,13,836,1,9153822,1,1,1,1,80,1
3,13,836,1,9154863,1,1,1,1,27,1
3,13,836,1,9157041,4,1,1,2,53,1
3,13,836,1,9157140,3,1,1,2,11,1
3,13,836,1,9157140,3,1,2,2,45,1
3,13,836,1,9157794,4,1,1,2,75,1
3,13,836,1,9158052,1,1,1,2,99,1
3,13,836,1,9158169,2,1,1,1,86,1
3,13,836,1,9162341,1,1,1,1,69,1
3,13,836,1,9287352,3,1,1,1,89,2
3,13,836,1,9287352,3,1,2,1,51,2
3,13,836,1,9287378,1,1,1,1,52,1
3,13,836,1,9620336,1,1,1,2,90,1
3,13,836,1,9620336,1,1,2,1,73,1
3,13,836,1,9622010,4,1,1,1,25,1
3,13,836,1,9622313,1,1,1,1,69,1
3,13,836,1,9623709,1,1,1,1,37,1
3,13,836,1,9624041,1,1,1,1,79,2
3,13,836,1,9854086,1,1,1,1,95,1
3,13,836,1,9855128,3,1,1,1,26,1
3,13,836,1,9855581,2,1,1,2,88,1
3,13,836,1,9855763,1,1,1,1,73,1
3,13,836,1,10122744,2,1,1,2,89,1
3,13,836,1,10122803,1,1,1,2,96,1
3,13,836,1,10123011,1,1,1,1,70,1
3,13,836,1,10123041,1,1,1,2,80,1
3,13,836,1,10325493,1,1,1,1,21,1
3,13,836,1,10330757,6,1,1,1,22,1
3,13,836,1,10582259,1,1,1,2,73,1
3,13,836,1,10582259,1,1,2,1,80,1
3,13,836,1,10582259,1,1,3,2,90,1
3,13,836,1,10582575,1,1,1,1,87,2
3,13,836,1,10582772,6,1,1,2,89,1
3,13,836,1,10584275,1,1,1,1,69,1
3,13,836,1,10585941,2,1,1,2,91,1
3,13,836,1,10979011,1,1,1,1,72,1
3,13,836,1,10979104,4,3,1,1,80,2
3,13,836,1,10980946,2,1,1,1,73,1
3,13,836,1,10983005,3,1,1,1,66,1
3,13,836,1,10983592,1,1,1,2,63,1
3,13,836,1,10983694,4,1,1,2,90,1
3,13,836,1,10983828,2,1,1,2,63,1
3,13,836,1,10983840,1,1,1,2,94,1
3,13,836,1,10984433,1,2,1,1,0,1
3,13,836,1,10984926,2,1,1,1,19,2
3,13,836,1,10985067,2,1,1,1,97,2
3,13,836,1,10985067,2,1,2,2,89,2
3,13,836,1,11716404,1,1,1,1,70,1
3,13,836,1,11717486,3,1,1,1,80,2
3,13,836,1,11718000,2,1,1,2,85,1
3,13,836,1,11718917,3,1,1,1,22,1
3,13,836,1,11718917,3,1,2,2,46,1
3,13,836,1,11718983,7,1,1,1,69,1
3,13,836,1,11719040,6,1,1,2,54,1
3,13,836,1,11719074,1,1,1,1,19,2
3,13,836,1,11719450,1,1,1,2,89,1
3,13,836,1,11719450,1,1,2,2,70,1
3,13,836,1,11909394,1,1,1,2,83,1
3,13,836,1,11909860,10,1,1,2,80,1
3,13,836,1,12285756,5,1,1,2,96,2
3,13,836,1,12285882,1,1,1,1,86,1
3,13,836,1,12285903,1,1,1,1,92,1
3,13,836,1,12286049,1,1,1,1,86,1
3,13,836,1,12286081,1,1,1,1,65,1
3,13,836,1,12286256,1,1,1,2,79,1
3,13,836,1,12286613,2,1,1,1,92,1
3,13,836,1,12286683,1,1,1,1,57,1
3,13,836,1,12286745,1,2,1,2,84,1
3,13,836,1,12522073,1,1,1,1,60,1
3,13,836,1,12522185,1,1,1,1,99,1
3,13,836,1,12522312,3,1,1,1,80,1
3,13,836,1,12522402,5,1,1,1,76,1
3,13,836,1,12522407,3,1,1,1,86,1
3,13,836,1,12522413,1,1,1,1,59,1
3,13,836,1,12522444,1,1,1,2,90,1
3,13,836,1,12522461,1,1,1,1,79,1
3,13,836,1,12522476,1,1,1,1,88,1
3,13,836,1,12522514,6,1,1,2,56,1
3,13,836,1,12522629,2,1,1,1,1,1
3,13,836,1,12522668,7,1,1,2,86,1
3,13,836,1,12522836,1,1,1,2,92,1
3,13,836,1,12522911,1,1,1,2,93,1
3,13,836,1,12522982,1,1,1,2,90,1
3,13,836,1,12523468,1,3,1,1,85,1
3,13,836,1,12523687,1,1,1,2,93,1
3,13,836,1,12753113,1,1,1,1,82,1
3,13,836,1,12753117,1,1,1,1,93,1
3,13,836,1,12753157,1,2,1,1,90,1
3,13,836,1,12753546,2,1,1,2,54,1
3,13,836,1,12753689,2,1,1,1,85,1
3,13,836,1,12753703,3,1,1,2,96,1
3,13,836,1,12753753,2,1,1,1,74,1
3,13,836,1,12753753,2,1,2,2,85,1
3,13,836,1,12753759,5,1,1,1,97,1
3,13,836,1,12753766,2,1,1,1,94,1
3,13,836,1,12753784,4,1,1,2,85,1
3,13,836,1,12754297,1,2,1,1,19,1
3,13,836,1,12754758,2,1,1,1,95,1
3,13,836,1,12755342,1,1,1,2,80,1
3,13,836,1,12986960,1,1,1,2,62,2
3,13,836,1,12987311,4,1,1,2,80,1
3,13,836,1,12988419,1,1,1,2,78,1
3,13,836,1,12989002,7,1,1,1,73,1
3,13,836,1,12989002,7,1,2,1,68,1
3,13,836,1,12989042,9,1,1,1,86,1
3,13,836,1,12990054,1,1,1,1,60,1
3,13,836,1,13231934,10,1,1,2,72,1
3,13,836,1,13234455,1,1,1,2,96,1
3,13,836,1,13234470,1,1,1,2,87,1
3,13,836,1,13308586,4,1,1,1,57,1
3,13,836,1,13574581,1,1,1,2,84,1
3,13,836,1,13574649,2,1,1,2,83,1
3,13,836,1,13574668,2,1,1,2,102,1
3,13,836,1,13574668,2,1,2,2,99,1
3,13,836,1,13574722,8,1,1,2,95,1
3,13,836,1,13574961,2,1,1,2,49,1
3,13,836,1,13575349,1,1,1,2,79,2
3,13,836,1,13823390,1,1,1,1,48,1
3,13,836,1,13824713,1,1,1,2,86,1
3,13,836,1,13824814,1,1,1,2,81,1
3,13,836,1,13825012,5,1,1,1,52,1
3,13,836,1,13825483,2,1,1,1,90,1
3,13,836,1,13825483,2,1,2,2,55,1
3,13,836,1,13933849,12,1,1,1,50,1
3,13,836,1,13933849,12,1,2,1,50,1
3,13,836,1,13933849,12,1,3,2,86,1
3,13,836,1,13933849,12,1,4,1,26,1
3,13,836,1,13933849,12,1,5,1,16,1
3,13,836,1,13933903,14,1,1,1,61,1
3,13,836,1,13933903,14,1,2,1,21,1
3,13,836,1,13933989,28,1,1,2,34,1
3,13,836,1,13933989,28,1,2,2,36,1
3,13,836,1,13934010,26,1,1,2,17,1
3,13,836,1,13934220,24,2,1,1,22,1
3,13,836,1,13934598,14,1,1,1,85,1
3,13,836,1,13934717,7,1,1,1,70,1
3,13,836,1,13934760,15,1,1,2,74,1
3,13,836,1,14160590,4,1,1,1,90,1
3,13,836,1,14160995,2,1,1,2,48,1
3,13,836,1,14296367,2,1,1,1,62,1
3,13,836,1,14296406,4,1,1,1,52,1
3,13,836,1,14296432,1,1,1,1,52,1
3,13,836,1,14296696,2,1,1,2,100,1
3,13,836,1,14297401,2,1,1,2,63,2
3,13,836,1,14629134,1,1,1,1,60,1
3,13,836,1,14630483,1,1,1,1,88,1
3,13,836,1,14630524,1,1,1,1,1,9
3,13,836,1,14630554,2,2,1,2,69,1
3,13,836,1,14630805,3,1,1,1,59,1
3,13,836,1,14630849,2,1,1,2,94,1
3,13,836,1,14630969,1,1,1,2,80,1
3,13,836,1,14631002,1,1,1,1,95,1
3,13,836,1,14631014,2,1,1,1,96,1
3,13,836,1,14631540,1,1,1,1,63,1
3,13,836,1,14631587,4,1,1,1,40,1
3,13,836,1,14632058,1,1,1,1,0,1
3,13,836,1,14632317,2,1,1,1,55,1
3,13,836,1,14632340,1,1,1,2,94,1
3,13,836,1,14739749,6,1,1,1,68,1
3,13,836,1,14740171,5,1,1,1,85,1
3,13,836,1,14740505,2,1,1,1,32,1
3,13,836,1,14743283,2,1,1,1,66,1
3,13,836,1,14892418,8,1,1,1,3,1
3,13,836,1,14894874,1,1,1,1,35,1
3,13,836,1,14894974,1,1,1,2,89,1
3,13,836,1,14896512,1,1,1,2,84,1
3,13,836,1,15067108,3,1,1,1,26,1
3,13,836,1,15067144,1,1,1,2,78,1
3,13,836,1,15067169,1,1,1,2,82,1
3,13,836,1,15068552,3,1,1,1,37,1
3,13,836,1,15068552,3,1,2,2,59,1
3,13,836,1,15068569,2,1,1,1,60,1
3,13,836,1,15185029,3,1,1,1,18,1
3,13,836,1,15185083,5,1,1,1,60,1
3,13,836,1,15185083,5,1,2,2,90,1
3,13,836,1,15185083,5,1,3,2,24,1
3,13,836,1,15185083,5,1,4,1,55,1
3,13,836,1,15185112,9,1,1,1,83,1
3,13,836,1,15185305,10,1,1,2,87,1
3,13,836,1,15323815,10,2,1,1,26,1
3,13,836,1,15326145,3,1,1,1,39,1
3,13,836,1,15326541,4,1,1,2,57,1
3,13,836,1,15326578,4,1,1,1,84,1
3,13,836,1,15326651,4,1,1,2,82,1
3,13,836,1,15326711,2,1,1,2,83,1
3,13,836,1,15326711,2,1,2,1,22,1
3,13,836,1,15480228,3,2,1,1,70,1
3,13,836,1,15480454,2,1,1,2,86,1
3,13,836,1,15480628,1,1,1,2,87,1
3,13,836,1,15481625,1,1,1,1,48,1
3,13,836,1,15482461,2,1,1,1,82,1
3,13,836,1,15482461,2,1,2,2,50,1
3,13,836,1,15482490,4,1,1,1,39,1
3,13,836,1,15482798,9,2,1,1,92,1
3,13,836,1,15483140,4,1,1,2,1,1
3,13,836,1,15483286,1,1,1,2,82,1
3,13,836,1,15486336,17,1,1,1,85,1
3,13,836,1,15617984,16,1,1,2,62,1
3,13,836,1,15618012,19,1,1,1,37,1
3,13,836,1,15618028,1,1,1,1,45,1
3,13,836,1,15618046,11,1,1,1,47,1
3,13,836,1,15618224,14,1,1,1,76,1
3,13,836,1,15759131,12,2,1,1,60,1
3,13,836,1,15899870,6,1,1,2,55,1
3,13,836,1,15899900,3,1,1,2,56,1
3,13,836,1,15900688,4,1,1,1,0,9
3,13,836,1,15900734,8,1,1,1,71,1
3,13,836,1,15900760,27,1,1,1,68,1
3,13,836,1,15901276,1,1,1,1,83,1
3,13,836,1,15901288,1,1,1,1,84,1
3,13,836,1,15901312,1,1,1,1,21,1
3,13,836,1,15901324,2,1,1,1,63,1
3,13,836,1,15901361,2,1,1,1,64,1
3,13,836,1,15901470,20,1,1,1,67,1
3,13,836,1,16173008,7,1,1,2,58,1
3,13,836,1,16173008,7,1,2,2,63,1
3,13,836,1,16173008,7,1,3,1,43,1
3,13,836,1,16173021,1,1,1,1,57,1
3,13,836,1,16173052,7,1,1,1,33,1
3,13,836,1,16173095,3,1,1,2,84,1
3,13,836,1,16351549,1,1,1,1,82,1
3,13,836,1,16559211,3,1,1,1,7,1
3,13,836,1,16559539,1,1,1,2,44,1
3,13,836,1,16559621,4,1,1,1,96,1
3,13,836,1,16588491,2,1,1,2,70,1
3,13,836,1,16962795,1,1,1,2,102,2
3,13,836,1,17851040,5,1,1,1,63,1
3,13,836,1,105415327,1,1,1,1,41,1
3,13,836,1,105502191,1,1,1,2,87,1
3,13,836,1,105505139,2,3,1,1,50,1
3,13,836,1,105859045,1,1,1,1,54,1
3,13,836,1,900143164,1,1,1,1,80,1
3,13,836,1,900322267,1,1,1,1,70,2
3,13,836,1,900402318,1,1,1,1,76,9
3,13,836,1,900532078,1,1,1,1,93,1
3,13,836,1,900542388,1,1,1,2,50,1
3,13,836,1,900639597,1,1,1,1,17,1
3,13,836,1,900639597,1,1,2,2,85,1
3,13,836,1,900891309,1,1,1,1,44,1
3,13,836,1,900891522,1,1,1,2,69,1
3,13,836,1,901185750,1,1,1,1,76,1
3,13,836,1,901349607,1,1,1,1,34,1
3,13,836,1,901930215,1,1,1,1,76,1
3,13,836,1,902048865,1,1,1,2,98,1
3,13,836,2,1974952,1,1,1,1,35,1
3,13,836,2,1974960,1,1,1,1,29,1
3,13,836,2,2293784,1,1,1,1,73,1
3,13,836,2,2661560,1,1,1,1,0,2
3,13,836,2,5010708,1,1,1,2,88,1
3,13,836,2,5229724,1,1,1,2,59,1
3,13,836,2,5882467,1,1,1,2,85,9
3,13,836,2,6332231,1,1,1,2,94,1
3,13,836,2,6559858,1,2,1,2,98,9
3,13,836,2,7438813,1,1,1,2,95,1
3,13,836,2,8292204,3,1,1,2,86,1
3,13,836,2,8292279,1,1,1,2,41,1
3,13,836,2,8705900,2,1,1,1,94,2
3,13,836,2,8706801,1,1,1,2,89,9
3,13,836,2,11717179,3,1,1,1,92,2
3,13,836,2,105863907,1,1,1,2,89,9
3,13,836,3,3530665,1,1,1,2,0,9
3,13,836,3,4167817,1,1,1,1,26,1
3,13,836,3,4167817,1,1,2,1,26,1
3,13,836,3,4167833,2,1,1,1,26,1
3,13,836,3,4788943,1,1,1,1,87,1
3,13,836,3,10982862,1,1,1,1,85,2
3,13,836,3,11715795,1,1,1,2,56,9
3,13,836,3,12986346,1,1,1,2,60,2
3,13,836,3,13824780,1,1,1,1,2,2
3,13,836,3,13933008,1,1,1,1,5,9
3,13,836,3,13933129,1,1,1,2,24,2
3,13,836,3,13933529,2,1,1,2,80,9
3,13,836,3,15761101,2,1,1,1,0,2
3,13,836,3,901571849,1,1,1,2,67,1
3,13,838,1,387765,1,1,1,1,83,1
3,13,838,1,387794,1,1,1,1,41,1
3,13,838,1,388165,1,1,1,2,70,1
3,13,838,1,388344,2,1,1,1,62,1
3,13,838,1,388363,1,1,1,1,22,1
3,13,838,1,466544,2,1,1,1,36,1
3,13,838,1,537056,1,1,1,1,70,1
3,13,838,1,597098,1,1,1,1,36,1
3,13,838,1,597940,1,1,1,1,96,1
3,13,838,1,699249,1,1,1,2,26,1
3,13,838,1,705647,1,1,1,2,89,1
3,13,838,1,786423,1,1,1,2,0,1
3,13,838,1,1124698,1,1,1,2,65,1
3,13,838,1,1270828,1,1,1,1,22,1
3,13,838,1,1270854,1,1,1,2,22,1
3,13,838,1,1270854,1,2,1,2,22,1
3,13,838,1,1422217,1,1,1,2,98,1
3,13,838,1,1422319,3,1,1,2,54,1
3,13,838,1,2035060,1,1,1,1,68,1
3,13,838,1,2035100,1,1,1,2,78,1
3,13,838,1,2389606,1,1,1,2,0,1
3,13,838,1,2706937,1,1,1,1,23,2
3,13,838,1,2903853,1,1,1,1,34,1
3,13,838,1,3089151,1,1,1,1,0,1
3,13,838,1,3292621,1,1,1,1,64,1
3,13,838,1,3293518,1,1,1,2,93,1
3,13,838,1,3478308,1,1,1,2,25,1
3,13,838,1,3634440,1,1,1,1,94,1
3,13,838,1,3634453,1,1,1,1,63,1
3,13,838,1,3634453,1,1,2,1,78,1
3,13,838,1,3833214,1,1,1,2,83,1
3,13,838,1,3833248,1,1,1,1,69,1
3,13,838,1,3833288,1,1,1,2,87,1
3,13,838,1,4035783,1,1,1,2,36,1
3,13,838,1,4035786,1,1,1,1,25,1
3,13,838,1,4254088,1,1,1,2,74,1
3,13,838,1,4254126,1,1,1,1,25,1
3,13,838,1,4464487,1,1,1,1,87,1
3,13,838,1,5265555,1,1,1,1,91,1
3,13,838,1,5438115,1,1,1,1,67,1
3,13,838,1,5438412,1,1,1,1,95,9
3,13,838,1,5438488,1,1,1,2,73,1
3,13,838,1,5438617,1,1,1,2,96,1
3,13,838,1,6151454,1,1,1,1,58,1
3,13,838,1,6353995,1,1,1,2,90,1
3,13,838,1,6354438,1,1,1,1,54,1
3,13,838,1,6354621,1,1,1,2,36,1
3,13,838,1,6609081,1,1,1,1,85,1
3,13,838,1,6609408,1,1,1,1,82,1
3,13,838,1,6824468,1,1,1,2,89,1
3,13,838,1,6824581,1,1,1,2,41,1
3,13,838,1,7230889,1,1,1,2,25,1
3,13,838,1,7466457,1,1,1,1,21,1
3,13,838,1,7466510,1,1,1,1,0,1
3,13,838,1,7466539,1,1,1,1,86,1
3,13,838,1,7897887,1,1,1,1,42,9
3,13,838,1,7897901,1,1,1,1,3,1
3,13,838,1,7897901,1,1,2,1,3,1
3,13,838,1,7897932,1,1,1,2,55,1
3,13,838,1,8362078,1,1,1,1,57,1
3,13,838,1,8571576,1,1,1,2,90,1
3,13,838,1,8571848,1,1,1,1,25,1
3,13,838,1,8572085,1,1,1,2,0,1
3,13,838,1,8572226,1,1,1,1,74,1
3,13,838,1,11065813,1,1,1,1,88,1
3,13,838,1,113264591,1,1,1,2,84,1
3,13,838,1,113275664,3,1,1,1,18,1
3,13,838,2,596925,2,2,1,2,58,1
3,13,838,2,945098,1,1,1,2,72,9
3,13,838,2,1124965,1,1,1,1,82,1
3,13,838,2,1270793,1,1,1,2,58,1
3,13,838,2,1270876,1,1,1,2,90,1
3,13,838,2,1278353,1,1,1,1,40,9
3,13,838,2,1278353,1,1,2,1,18,1
3,13,838,2,1703184,1,1,1,1,70,1
3,13,838,2,1703236,1,1,1,1,58,9
3,13,838,2,3089306,1,1,1,2,0,1
3,13,838,2,3293508,1,1,1,1,0,1
3,13,838,2,4837101,2,1,1,1,90,2
3,13,838,3,5265562,1,1,1,2,61,1
3,13,838,3,7897941,1,1,1,1,69,1
3,13,838,3,8791254,2,1,1,2,80,1
3,13,838,3,9647755,1,1,1,1,47,2
3,13,838,3,10913816,1,1,1,1,28,1
3,13,873,1,655176,1,1,1,1,29,1
3,13,873,1,655176,1,3,1,1,29,1
3,13,873,1,1413915,1,2,1,1,78,1
3,13,873,1,1417583,1,1,1,1,24,1
3,13,873,1,1474010,1,1,1,2,90,1
3,13,873,1,1601751,1,2,1,1,31,1
3,13,873,1,1821864,1,1,1,1,92,1
3,13,873,1,1825926,1,1,1,2,0,1
3,13,873,1,2019437,1,1,1,1,92,1
3,13,873,1,2019459,1,1,1,1,70,1
3,13,873,1,2019484,1,1,1,1,73,1
3,13,873,1,2190958,1,1,1,1,0,1
3,13,873,1,2191080,1,1,1,1,69,1
3,13,873,1,2191080,1,2,1,1,69,1
3,13,873,1,2191110,1,1,1,2,66,1
3,13,873,1,2317105,1,1,1,1,33,1
3,13,873,1,2325425,1,2,1,2,1,1
3,13,873,1,2627044,1,1,1,1,20,1
3,13,873,1,2627255,1,1,1,1,88,1
3,13,873,1,2641640,1,2,1,2,87,1
3,13,873,1,2641650,2,1,1,1,62,1
3,13,873,1,2642365,1,1,1,1,83,2
3,13,873,1,2642548,1,1,1,1,70,1
3,13,873,1,2642734,1,1,1,2,96,1
3,13,873,1,3285415,1,1,1,1,75,1
3,13,873,1,3285685,1,1,1,1,32,1
3,13,873,1,3287469,1,2,1,1,17,1
3,13,873,1,3287717,1,1,1,2,49,1
3,13,873,1,3291767,1,1,1,2,83,1
3,13,873,1,3291874,3,1,1,1,84,1
3,13,873,1,3292428,2,1,1,1,99,1
3,13,873,1,3605872,1,1,1,1,55,1
3,13,873,1,3633610,1,1,1,2,15,1
3,13,873,1,3633610,1,2,1,2,15,1
3,13,873,1,3633630,1,1,1,2,87,1
3,13,873,1,3633630,1,1,2,1,92,1
3,13,873,1,3812050,1,1,1,1,83,1
3,13,873,1,3812142,2,1,1,2,64,1
3,13,873,1,3997744,1,1,1,2,95,1
3,13,873,1,4210455,1,1,1,1,70,1
3,13,873,1,4210455,1,2,1,1,70,1
3,13,873,1,4579547,1,1,1,1,91,1
3,13,873,1,4579778,1,1,1,2,78,1
3,13,873,1,4580178,1,1,1,1,2,1
3,13,873,1,4580178,1,1,2,1,7,1
3,13,873,1,4580214,1,1,1,2,71,1
3,13,873,1,4737475,1,1,1,1,92,1
3,13,873,1,5009258,1,1,1,2,64,1
3,13,873,1,5169674,1,1,1,2,63,1
3,13,873,1,5610533,1,1,1,1,0,1
3,13,873,1,5613207,1,1,1,1,72,1
3,13,873,1,6071932,1,1,1,1,98,1
3,13,873,1,6071963,1,1,1,1,63,1
3,13,873,1,6071994,2,1,1,2,2,1
3,13,873,1,7060659,1,1,1,1,88,1
3,13,873,1,7060705,1,1,1,1,40,9
3,13,873,1,7060730,1,2,1,2,98,1
3,13,873,1,7061216,1,1,1,1,98,1
3,13,873,1,7358576,1,1,1,1,71,1
3,13,873,1,7359136,2,1,1,2,93,1
3,13,873,1,7575523,1,1,1,1,92,1
3,13,873,1,7576613,1,1,1,1,43,1
3,13,873,1,7800307,1,2,1,1,88,1
3,13,873,1,7801162,1,1,1,2,63,1
3,13,873,1,7926425,2,1,1,2,78,1
3,13,873,1,8670833,1,1,1,1,81,1
3,13,873,1,8959527,1,1,1,1,20,1
3,13,873,1,9498279,1,1,1,2,82,1
3,13,873,1,9811994,1,2,1,1,84,1
3,13,873,1,9813240,1,1,1,1,18,2
3,13,873,1,10023202,1,2,1,1,56,1
3,13,873,1,10023226,1,1,1,2,65,1
3,13,873,1,10023312,1,1,1,2,73,2
3,13,873,1,10024610,1,1,1,1,72,1
3,13,873,1,10024755,1,1,1,2,32,1
3,13,873,1,10024910,1,1,1,2,87,1
3,13,873,1,10046325,1,1,1,2,63,1
3,13,873,1,10564643,2,1,1,1,66,1
3,13,873,1,10564725,1,1,1,1,48,1
3,13,873,1,10564801,1,1,1,1,63,1
3,13,873,1,10564922,1,1,1,2,86,1
3,13,873,1,10565047,2,1,1,1,58,1
3,13,873,1,10565304,1,1,1,1,94,1
3,13,873,1,10566814,1,1,1,1,72,1
3,13,873,1,10778598,1,1,1,2,96,1
3,13,873,1,10778808,1,1,1,2,65,1
3,13,873,1,900411697,1,1,1,2,63,1
3,13,873,1,900411697,1,1,2,1,38,1
3,13,873,1,900466812,1,1,1,2,44,1
3,13,873,1,900583627,1,1,1,1,86,1
3,13,873,1,900781778,1,1,1,2,53,1
3,13,873,1,900790800,1,1,1,1,85,9
3,13,873,2,3402903,1,1,1,2,100,1
3,13,873,2,3402903,1,2,1,2,100,1
3,13,873,2,3404155,1,2,1,1,69,1
3,13,873,2,3404246,1,1,1,2,65,1
3,13,873,2,3404246,1,1,2,1,75,1
3,13,873,2,3404610,1,2,1,1,59,1
3,13,873,2,3407545,1,1,1,2,56,1
3,13,873,2,3407579,1,1,1,2,21,1
3,13,873,2,3575509,1,1,1,2,42,1
3,13,873,2,3812086,1,2,1,2,84,1
3,13,873,2,3990466,1,1,1,1,53,2
3,13,873,2,4575448,1,1,1,1,57,1
3,13,873,2,4575615,1,1,1,2,0,1
3,13,873,2,4575632,1,1,1,2,86,1
3,13,873,2,4575632,1,1,2,2,80,1
3,13,873,2,4576051,1,1,1,1,66,1
3,13,873,2,4578715,1,1,1,1,74,1
3,13,873,2,4727112,1,1,1,1,70,1
3,13,873,2,4727378,1,2,1,2,48,1
3,13,873,3,655608,1,1,1,1,72,1
3,13,873,3,1601660,2,1,1,1,82,1
3,13,873,3,5759206,1,1,1,2,57,1
3,13,873,3,10564597,1,1,1,2,82,2
3,13,894,1,2466,1,1,1,9,999,9
3,13,894,1,2466,1,1,2,1,0,2
3,13,894,1,14576,1,1,1,1,25,1
3,13,894,1,19558,1,1,1,2,64,1
3,13,894,1,19638,1,1,1,2,85,1
3,13,894,1,19664,1,1,1,1,0,2
3,13,894,1,45836,1,1,1,2,52,9
3,13,894,1,45852,3,1,1,2,52,9
3,13,894,1,45852,3,2,1,2,52,9
3,13,894,1,46066,1,1,1,2,71,1
3,13,894,1,46154,1,1,1,1,36,1
3,13,894,1,110319,1,1,1,1,86,1
3,13,894,1,110322,1,1,1,2,85,9
3,13,894,1,110346,2,1,1,2,78,1
3,13,894,1,185778,1,1,1,2,0,1
3,13,894,1,185790,1,1,1,1,22,9
3,13,894,1,185790,1,2,1,1,22,9
3,13,894,1,233030,1,1,1,2,88,1
3,13,894,1,288569,1,1,1,2,92,1
3,13,894,1,288570,1,1,1,2,90,2
3,13,894,1,288602,1,1,1,1,70,9
3,13,894,1,288622,2,1,1,1,72,1
3,13,894,1,288625,1,1,1,1,69,9
3,13,894,1,288671,1,1,1,1,56,9
3,13,894,1,337137,1,1,1,2,92,1
3,13,894,1,337192,1,1,1,1,49,1
3,13,894,1,339979,1,1,1,2,67,1
3,13,894,1,419401,1,1,1,2,52,1
3,13,894,1,419410,1,1,1,2,75,1
3,13,894,1,547743,1,1,1,1,60,1
3,13,894,1,583566,1,1,1,2,25,9
3,13,894,1,583625,1,1,1,2,69,9
3,13,894,1,583832,1,1,1,1,41,1
3,13,894,1,633074,1,1,1,1,86,9
3,13,894,1,633158,1,1,1,2,87,1
3,13,894,1,729767,1,1,1,1,92,9
3,13,894,1,829184,2,1,1,1,63,1
3,13,894,1,829195,1,1,1,1,99,1
3,13,894,1,907300,1,1,1,2,79,1
3,13,894,1,1021432,1,1,1,1,84,1
3,13,894,1,1021487,1,1,1,1,64,1
3,13,894,1,1171644,1,1,1,1,66,1
3,13,894,1,1171781,1,1,1,2,0,9
3,13,894,1,1584564,1,1,1,2,45,1
3,13,894,1,1767630,1,1,1,2,68,1
3,13,894,1,1767653,1,1,1,1,65,1
3,13,894,1,1926067,1,1,1,2,50,9
3,13,894,1,1926989,1,1,1,1,59,1
3,13,894,1,2441534,1,1,1,2,0,2
3,13,894,1,2572847,1,1,1,1,80,1
3,13,894,1,2573112,1,1,1,1,68,1
3,13,894,1,2573293,1,1,1,2,0,9
3,13,894,1,2795044,1,1,1,1,78,1
3,13,894,1,2795044,1,1,2,1,74,1
3,13,894,1,3019889,2,1,1,2,78,1
3,13,894,1,3019889,2,1,2,1,95,1
3,13,894,1,3019889,2,1,3,1,17,1
3,13,894,1,3020754,1,1,1,1,42,9
3,13,894,1,3020774,1,1,1,1,83,9
3,13,894,1,3162024,1,1,1,2,21,9
3,13,894,1,3792919,1,1,1,1,72,9
3,13,894,1,3958901,2,1,1,1,63,1
3,13,894,1,3959042,1,1,1,1,64,1
3,13,894,1,3959456,1,1,1,2,0,1
3,13,894,1,12398620,1,1,1,2,91,1
3,13,894,1,12398620,1,1,2,1,86,1
3,13,894,1,900276440,1,1,1,1,83,9
3,13,894,1,900325998,1,1,1,2,52,1
3,13,894,1,900791163,1,1,1,1,65,9
3,13,894,1,901006054,1,1,1,1,86,1
3,13,894,1,901326648,1,1,1,1,83,1
3,13,894,2,1021479,1,1,1,2,65,1
3,13,894,2,1171569,1,1,1,2,0,2
3,13,894,3,5579715,2,1,1,1,82,1
3,13,894,3,6454001,1,1,1,1,92,9
3,13,894,3,10480553,3,1,1,2,35,1
